Role,Job Description,skills
Data Business Analyst,"Data Business Analysts focus on data-related projects. They collect and analyze data, identify trends, and provide insights to support data-driven decision-making within the organization.","Data analysis Data modeling Data visualization SQL Data tools (e.g., Tableau)"
Backend Developer,"A Backend Developer is tasked with building and maintaining the server-side logic and database infrastructure of web applications. They work on the core functionality, data storage, and server communication to ensure the application runs smoothly and efficiently.","Proficiency in one or more backend programming languages (e.g., Java, Python, Node.js, Ruby) API development Database management (SQL or NoSQL) Server management and deployment Security best practices Knowledge of web frameworks (e.g., Express, Django)"
Network Security Analyst,"Protect an organizations computer networks and systems from security threats, monitor network traffic, and respond to incidents.",Network security protocols Intrusion detection and prevention Security incident response Firewall administration Vulnerability assessment Security policies and procedures Log analysis Ethical hacking Problem-solving Communication skills Attention to detail
Database Administrator,"Database Administrators manage databases, ensuring data integrity, security, and efficient performance. They design, implement, and maintain databases while troubleshooting issues.","Database management systems (e.g., MySQL, Oracle, SQL Server) Data security Database tuning and optimization Backup and recovery"
Industrial Designer,"An Industrial Designer creates and improves product designs, focusing on aesthetics, functionality, and user experience to produce innovative and marketable products.",Industrial design principles CAD and 3D modeling Prototyping and testing
General Pediatrician,"General Pediatricians provide medical care to infants, children, and adolescents. They diagnose and treat various pediatric conditions, offer preventive care, and educate patients and parents on child health and well-being.",Pediatrics Pediatric care Diagnosis and treatment Pediatric medical procedures Patient care Communication skills
Database Developer,"A Database Developer designs, develops, and maintains databases. They create efficient data structures, write queries, and ensure data security and integrity.","Database design and development SQL and database querying Data modeling Programming languages (e.g., Java, Python) Data security and privacy regulations knowledge"
Brand Strategist,A Brand Strategist develops strategies to build and strengthen a companys brand identity. They research market trends and consumer preferences to guide branding decisions.,Brand strategy development Market research and analysis Competitive analysis Brand positioning and messaging Creative direction and collaboration
Inventory Control Specialist,"Inventory Control Specialists manage and optimize inventory levels in a business. They track stock, monitor demand, and implement inventory control procedures to ensure efficient operations and minimize carrying costs.",Inventory management Stock control Demand forecasting Inventory tracking systems Supply chain coordination Problem-solving skills
Performance Tester,A Performance Tester assesses the performance and scalability of software applications. They conduct load and stress testing to identify bottlenecks and optimize performance.,"Performance testing methodologies Load testing tools (e.g., JMeter) Test script development Performance profiling and analysis Bottleneck identification"
Live Chat Support Agent,"A Live Chat Support Agent provides customer support through live chat channels, addressing inquiries, troubleshooting issues, and offering timely solutions.",Live chat support Online customer communication Problem resolution
Quality Control Analyst,"In the role of a Quality Control Analyst, you will be responsible for inspecting and testing products to ensure they meet quality standards and specifications. You will use quality control tools and processes to identify defects, document findings, and recommend improvements. Your role is essential in maintaining product quality and customer satisfaction.",Quality control Quality assurance QC testing methods Compliance standards Root cause analysis Documentation Statistical analysis
Frontend Web Developer,"Frontend Web Developers design and implement user interfaces for websites, ensuring they are visually appealing and user-friendly. They collaborate with designers and backend developers to create seamless web experiences for users.","HTML, CSS, JavaScript Frontend frameworks (e.g., React, Angular) User experience (UX)"
Documentation Specialist,"Documentation Specialists create and manage documents, manuals, or technical materials. They ensure accuracy, consistency, and accessibility of documentation.",Document management Recordkeeping Attention to detail Data entry Organizational skills
Power Systems Engineer,"Power Systems Engineers design and maintain electrical power systems. They work on generation, transmission, and distribution of electrical power, focusing on safety and efficiency.",Electrical engineering Power system analysis Renewable energy systems Control systems Safety regulations
Executive Assistant,"Support high-level executives by managing schedules, coordinating meetings, and handling various administrative tasks.","Calendar management Travel coordination Meeting scheduling Correspondence and communication Office organization Confidentiality Time management Problem-solving Attention to detail Communication skills Technology proficiency (e.g., MS Office)"
Systems Administrator,"Manage and maintain an organizations IT infrastructure, including servers, hardware, and software systems.","System administration Server maintenance Active Directory Backup and recovery Cloud computing (e.g., AWS, Azure) Troubleshooting IT security best practices Collaboration Problem-solving Attention to detail Communication skills Technical knowledge"
Event Planner,"Plan and coordinate events, including selecting venues, managing budgets, arranging logistics, and ensuring a successful outcome.",Event planning and coordination Budget management Vendor negotiation Venue selection and management Timeline and logistics planning Marketing and promotion Risk management Client communication Creativity Problem-solving Attention to detail
QA Tester,"QA Testers assess software and applications for defects and quality issues. They conduct testing procedures, report bugs, and work with development teams to ensure the delivery of high-quality software products.","Test planning and strategy Test case design and execution Defect reporting and tracking Test automation tools (e.g., Selenium, Appium) Regression testing"
Forensic Accountant,"Forensic Accountants investigate financial discrepancies and fraud. They analyze financial documents, track financial transactions, and provide expert testimony in legal proceedings. They play a critical role in detecting and preventing financial fraud.",Forensic accounting Fraud detection Legal knowledge Investigative skills
Manufacturing Engineer,"Manufacturing Engineers optimize manufacturing processes, improve production efficiency, and ensure product quality in manufacturing environments.",Manufacturing processes knowledge CAD/CAM software proficiency Lean manufacturing principles Quality control and assurance Six Sigma certification
Pediatric Physical Therapist,"Specialize in providing physical therapy to children, addressing developmental and mobility issues.",Pediatric rehabilitation Developmental assessments Child psychology knowledge
Account Executive,"Account Executives manage and grow relationships with existing clients or customers. They understand client needs, propose solutions, negotiate contracts, and ensure customer satisfaction, often working closely with sales and customer support teams.",Sales strategy and planning Account management Customer relationship management Solution selling Sales forecasting Contract negotiation Sales metrics and reporting
Portfolio Manager,"A Portfolio Manager oversees investment portfolios, making decisions to maximize returns and minimize risks. They analyze financial markets and adjust asset allocations accordingly.",Investment management Financial analysis Risk assessment Asset allocation Portfolio optimization
Social Media Analyst,"Social Media Analysts analyze social media data and metrics to provide insights and recommendations for improving social media strategies. They track performance, identify trends, and support data-driven decision-making.","Social media analytics tools (e.g., Google Analytics, Facebook Insights) Data analysis and reporting Social media ROI measurement Competitive analysis Trend identification"
Customer Experience Strategist,"Customer Experience Strategists develop and execute strategies to enhance the overall customer experience. They analyze customer feedback, identify pain points, and work across departments to improve products, services, and customer interactions.",Customer experience strategy Customer journey mapping Feedback analysis User research Metrics and KPIs Communication skills
Accessibility Developer,"An Accessibility Developer focuses on making digital products and websites accessible to individuals with disabilities, ensuring compliance with accessibility standards.","Web accessibility standards (e.g., WCAG) Assistive technologies Accessibility testing tools HTML and CSS for accessibility ARIA (Accessible Rich Internet Applications) User experience (UX) for accessibility Usability testing with individuals with disabilities Collaboration Attention to detail"
Automation Tester,An Automation Tester uses automated testing tools to verify the functionality and performance of software applications. They create and execute automated test scripts.,"Test automation tools (e.g., Selenium, Appium) Scripting languages (e.g., Python, Java) Test framework development Continuous integration tools Test data management"
Search Engine Marketer,"Search Engine Marketers optimize online content for search engines. They use SEO strategies to improve website rankings, increase organic traffic, and enhance online visibility.",Search engine marketing PPC advertising SEO strategy Data analysis Digital marketing skills
ETL Developer,"An ETL Developer specializes in designing and implementing Extract, Transform, Load (ETL) processes to move and transform data between systems, supporting data integration and analytics.","ETL (Extract, Transform, Load) processes Data integration SQL and scripting languages"
Residential Interior Designer,"A Residential Interior Designer plans and designs interior spaces in homes. They select furnishings, colors, and layouts to create functional and aesthetically pleasing environments.",Residential interior design Space planning Color theory and selection Furniture and materials selection 3D modeling and rendering
SEO Specialist,"SEO Specialists optimize websites for search engines to improve online visibility. They conduct keyword research, optimize content, and implement SEO strategies to increase organic traffic and rankings.","Search engine algorithms and ranking factors Keyword research and analysis On-page and off-page SEO optimization SEO tools (e.g., Google Analytics, SEMrush) SEO content strategy"
Employee Relations Specialist,"Employee Relations Specialists focus on maintaining positive relationships between employees and the organization. They address workplace issues, conduct investigations, mediate conflicts, and promote a healthy and productive work environment.",Employee conflict resolution HR compliance Employee engagement Communication skills
Investment Advisor,"Investment Advisors offer financial advice to clients, helping them make investment decisions, manage portfolios, and achieve their financial goals.",Investment strategies Portfolio management Financial planning Risk assessment Regulatory compliance
Product Marketing Manager,"Product Marketing Managers promote and market products or services. They create marketing strategies, conduct market research, develop messaging, and collaborate with cross-functional teams to launch and promote products effectively in the market.",Product positioning and messaging Market research and analysis Product launch planning Competitive analysis Marketing collateral creation Pricing strategies Cross-functional collaboration
Systems Engineer,Systems Engineers design and manage complex systems and infrastructure. They integrate various components and technologies to ensure optimal system performance and reliability.,Systems engineering System architecture Integration testing Troubleshooting Technical documentation Configuration management
Residential Interior Designer,"A Residential Interior Designer plans and designs interior spaces in homes. They select furnishings, colors, and layouts to create functional and aesthetically pleasing environments.",Residential interior design Space planning Color theory and selection Furniture and materials selection 3D modeling and rendering
Copywriter,"Copywriters create compelling written content for various mediums, such as advertising, websites, and marketing materials. They craft persuasive and engaging messages that resonate with target audiences.",Copywriting Content creation SEO Marketing strategies Creativity
Supply Chain Coordinator,"A Supply Chain Coordinator manages supply chain operations, coordinates logistics, and ensures the seamless flow of goods and materials throughout the supply chain network.",Supply chain logistics Inventory management Communication skills Problem-solving Vendor coordination
Electrical Engineer,"Electrical Engineers design and develop electrical systems and devices. They work on projects such as power generation, electronics, and control systems for various industries.",Electrical engineering Circuit design Electronics AutoCAD proficiency Problem-solving
Frontend Developer,"A Frontend Developer is responsible for designing and implementing user interfaces for web applications. They collaborate with designers to create visually appealing and responsive web pages, ensuring a seamless user experience across different devices and browsers.","Proficiency in HTML, CSS, and JavaScript Experience with frontend frameworks like React, Angular, or Vue.js Responsive web design Cross-browser compatibility Version control (e.g., Git) Frontend performance optimization"
Procurement Analyst,"Analyze procurement data, identify cost-saving opportunities, and support the procurement process.",Procurement processes Vendor assessment Contract negotiation Purchase order management Spend analysis Market research Supplier relationship management Data analysis Problem-solving Attention to detail Communication skills Financial acumen
IT Support Specialist,"IT Support Specialists provide technical assistance to end-users, troubleshooting hardware and software problems, setting up equipment, and maintaining IT infrastructure.",Technical troubleshooting Hardware and software support Customer service Problem-solving Communication
Accounting Manager,"Accounting Managers supervise accounting teams. They ensure accurate financial reporting, manage budgets, and oversee financial transactions and compliance with accounting standards.",Accounting principles Financial reporting Team management Budgeting Financial analysis
Corporate Event Planner,"Corporate Event Planners organize business-related events such as seminars, conferences, and product launches, ensuring they meet corporate goals and standards.",Corporate event planning Corporate branding Corporate communication Audiovisual equipment Crisis management
Strategic Account Manager,"Strategic Account Managers nurture relationships with key clients. They develop account strategies, address client needs, and seek opportunities for business growth and expansion.",Account management Client relationship Sales strategy Business development Negotiation skills
Art Curator,"An Art Curator is responsible for managing and preserving a collection of artworks. They curate exhibitions, acquire new pieces, and educate the public about the art.",Art history and knowledge Art curation and exhibition planning Collections management Art market trends Cultural awareness
Network Security Engineer,"Network Security Engineers focus on protecting network systems from cyber threats. They implement security measures, monitor network traffic, and respond to security incidents to safeguard the organizations data.",Network security protocols and technologies Firewalls and intrusion detection systems Vulnerability assessment and penetration testing Security policy development and enforcement Incident response and recovery
System Administrator,"System Administrators manage and maintain computer systems and networks. They handle software installations, security measures, and troubleshooting to ensure system reliability.",System administration Network administration Troubleshooting Security management Server maintenance Backup and recovery
Marketing Analytics Specialist,"Marketing Analytics Specialists analyze marketing data to derive insights and inform marketing strategies. They use tools like Google Analytics and data analysis software to track campaign performance, customer behavior, and market trends.",Marketing analytics Data analysis Data visualization Market research Google Analytics Marketing automation Reporting tools
Operations Director,"Operations Directors oversee the daily operations of an organization. They develop and implement operational strategies, manage teams, and work to optimize processes to achieve business goals and efficiency.",Operations management Strategic planning and execution Budgeting and financial analysis Leadership and team management Process improvement and optimization
Quality Assurance Analyst,"A Quality Assurance Analyst tests software and products to ensure they meet quality standards. They identify defects, report issues, and work with development teams to resolve problems.","Quality assurance processes Testing methodologies (e.g., manual, automated) Bug tracking and reporting Test case development Regression testing"
Research Chemist,"As a Research Chemist, you will engage in scientific research and experimentation to discover and develop new chemical compounds or processes. Your work may involve designing experiments, analyzing data, and publishing research findings. Your role contributes to the advancement of scientific knowledge and may have applications in various industries.",Research chemistry Experimental design Data interpretation Chemical synthesis Research protocols Scientific writing Problem-solving skills
Brand Promoter,"Brand Promoters are responsible for promoting a companys brand or products. They engage with the target audience, create marketing strategies, and build brand awareness.",Brand promotion Marketing knowledge Communication skills Sales techniques Product knowledge
Search Engine Marketer,"Search Engine Marketers optimize online content for search engines. They use SEO strategies to improve website rankings, increase organic traffic, and enhance online visibility.",Search engine marketing PPC advertising SEO strategy Data analysis Digital marketing skills
Inside Sales Representative,"Inside Sales Representatives are responsible for selling products or services to customers over the phone or through online channels. They engage with leads, answer customer inquiries, and use persuasive communication to close sales and meet revenue targets.","Sales prospecting and lead generation Sales presentation and communication CRM software (e.g., Salesforce) Sales negotiation and closing techniques Product knowledge Relationship building"
City Planner,"City Planners develop and implement urban planning strategies. They work to improve communities, manage resources, and address issues related to land use and infrastructure.",Urban planning Zoning regulations Environmental planning GIS proficiency Community engagement
Studio Art Teacher,"A Studio Art Teacher instructs students in studio art practices, providing hands-on guidance in creating art and fostering artistic expression and skill development.",Art instruction Classroom management Art techniques Lesson planning Student assessment
Staff Nurse,"A Staff Nurse provides patient care, administers medications, and collaborates with healthcare teams to ensure the well-being of patients in clinical settings.",Nursing care Patient assessment Medical knowledge
Machine Learning Engineer,"Machine Learning Engineers develop machine learning models and algorithms, working on tasks like data preprocessing, model training, and deployment.",Machine learning algorithms Python programming Data preprocessing Deep learning Model evaluation
Quality Assurance Analyst,"A Quality Assurance Analyst tests software and products to ensure they meet quality standards. They identify defects, report issues, and work with development teams to resolve problems.","Quality assurance processes Testing methodologies (e.g., manual, automated) Bug tracking and reporting Test case development Regression testing"
Interaction Designer,Interaction Designers specialize in designing user interactions within digital interfaces. They create meaningful and engaging user experiences by considering user behaviors and system responses.,Interaction design principles User behavior and psychology Wireframing and prototyping tools Animation and micro-interaction design Collaborative design processes
Court Clerk,"A Court Clerk manages administrative tasks within a court system, including maintaining court records, scheduling hearings, and assisting judges and legal professionals as needed.",Knowledge of court procedures Legal document management Attention to detail Computer literacy Organization skills
Network Security Specialist,"Network Security Specialists focus on network security. They implement security measures, monitor for threats, and respond to security incidents to protect network integrity.",Network security Cybersecurity Intrusion detection Security analysis Firewall management
UI/UX Designer,"UI/UX Designers focus on creating user-friendly and visually appealing interfaces for digital products. They conduct user research, design wireframes and prototypes, and collaborate with development teams to ensure a seamless and enjoyable user experience.","User interface (UI) design User experience (UX) design Wireframing and prototyping tools (e.g., Sketch, Figma) Usability testing Information architecture Interaction design Mobile and responsive design"
Network Administrator,"Network Administrators manage an organizations computer networks. They configure, monitor, and maintain network infrastructure, ensuring optimal performance and security.","Network management Troubleshooting Network security IT certifications (e.g., CCNA)"
Interaction Designer,Interaction Designers specialize in designing user interactions within digital interfaces. They create meaningful and engaging user experiences by considering user behaviors and system responses.,Interaction design principles User behavior and psychology Wireframing and prototyping tools Animation and micro-interaction design Collaborative design processes
Investment Advisor,"Investment Advisors offer financial advice to clients, helping them make investment decisions, manage portfolios, and achieve their financial goals.",Investment strategies Portfolio management Financial planning Risk assessment Regulatory compliance
Family Counselor,"A Family Counselor works with families to address interpersonal issues, improve communication, and resolve conflicts, fostering healthier family dynamics.",Family counseling Marriage and family therapy Conflict resolution skills
Brand PR Specialist,"Brand PR Specialists focus on promoting and maintaining a positive brand image through media relations, events, and communication efforts.",Brand management Public relations Brand storytelling Influencer marketing Media monitoring
Competitive Intelligence Analyst,Competitive Intelligence Analysts gather data on competitors and industry trends. They analyze information to help businesses make informed decisions and gain a competitive edge.,Competitive analysis Market research Data analysis Business strategy Industry knowledge
Data Analyst Researcher,A Data Analyst Researcher conducts research and analysis using data to support academic or scientific inquiries. They contribute to research projects and publish findings.,"Data analysis techniques Research methodologies Data collection and interpretation Statistical analysis software (e.g., R, Python) Data visualization tools (e.g., Tableau, Power BI) Research report writing Critical thinking Problem-solving Communication skills Attention to detail"
Corporate Attorney,"Corporate Attorneys provide legal counsel and representation to organizations. They handle legal matters, contracts, mergers, acquisitions, and ensure compliance with laws and regulations relevant to the business.",Corporate law and regulations Contract drafting and negotiation Legal research and analysis Risk management Excellent communication and negotiation skills
UI/UX Front-End Developer,"UI/UX Front-End Developers focus on creating user-friendly and visually appealing interfaces for web and mobile applications. They work on user experience design, responsive layouts, and front-end development to optimize user interactions.",UI/UX design Frontend web development Wireframing and prototyping User research Accessibility standards Responsive design Collaboration skills
Wealth Management Advisor,Wealth Management Advisors provide comprehensive financial planning and investment management services to high-net-worth individuals and families.,Wealth management strategies Asset allocation Estate planning Tax management Client relationship management
Technical Support Specialist,"Technical Support Specialists assist customers or end-users with technical issues related to products or services. They provide troubleshooting, resolve problems, and offer technical guidance through various communication channels, ensuring customer satisfaction.","Technical troubleshooting Customer support tools (e.g., Zendesk, Freshdesk) Communication skills Problem-solving and critical thinking Ticket management Knowledge base creation"
Market Research Analyst,"A Market Research Analyst gathers and analyzes data to provide insights into market trends, consumer behavior, and competitive landscapes. They help businesses make informed decisions.","Market research methodologies Data collection and analysis Consumer behavior analysis Competitor analysis Survey design and analysis Statistical analysis software (e.g., SPSS, SAS) Data visualization Trend analysis Report writing Communication skills Attention to detail"
Customer Success Manager,"Customer Success Managers focus on ensuring customer satisfaction and retention. They build relationships with clients, understand their needs, and work to maximize the value customers receive from products or services, ultimately driving customer success and loyalty.",Customer relationship management Onboarding and training Customer feedback analysis Retention strategies Cross-selling and upselling Strong communication and empathy Customer advocacy
Corporate Counsel,"As a Corporate Counsel, you will focus on legal matters related to corporate governance, mergers and acquisitions, and corporate compliance. You will draft and review corporate documents, oversee compliance programs, and handle complex legal negotiations. Your role includes managing legal relationships with external partners and providing strategic legal guidance to the company.",Corporate law Compliance Mergers and acquisitions Corporate governance Contract drafting Risk management Legal strategy Due diligence
Procurement Manager,"Procurement Managers oversee procurement processes, managing vendor relationships, negotiating contracts, and ensuring cost-effective purchasing of goods and services.",Procurement strategies Supplier management Negotiation Cost analysis Supply chain management
Hospitality Interior Designer,"A Hospitality Interior Designer specializes in creating inviting and functional interiors for hotels, restaurants, and other hospitality establishments.","Hospitality interior design Hotel and restaurant design Branding and theme integration FF&E (furniture, fixtures, and equipment) selection Customer experience design"
IT Support Specialist,"IT Support Specialists provide technical assistance to end-users, troubleshooting hardware and software problems, setting up equipment, and maintaining IT infrastructure.",Technical troubleshooting Hardware and software support Customer service Problem-solving Communication
Project Manager,"Project Managers plan, execute, and oversee projects, ensuring they are completed on time and within budget, while managing project teams and resources.",Project planning and scheduling Budget management Risk assessment and mitigation Stakeholder communication Agile or Waterfall methodologies
Investment Analyst,"Investment Analysts analyze financial data and market trends to make informed investment recommendations. They research and assess investment opportunities, create financial models, and provide insights to guide investment decisions and portfolio management.",Financial analysis Investment evaluation Portfolio management Data analysis
ETL Developer,"An ETL Developer specializes in designing and implementing Extract, Transform, Load (ETL) processes to move and transform data between systems, supporting data integration and analytics.","ETL (Extract, Transform, Load) processes Data integration SQL and scripting languages"
Fine Arts Instructor,"A Fine Arts Instructor teaches various forms of fine arts, such as painting, sculpture, or drawing, to students, guiding them in developing their artistic skills and creativity.",Artistic skills Teaching ability Communication skills Art history knowledge Creativity
IT Project Manager,"IT Project Managers plan, execute, and oversee IT projects. They define project scope, allocate resources, manage budgets, and ensure projects are delivered on time and within scope. They also communicate project status and risks to stakeholders.",Project management Team leadership Risk management Budgeting Communication skills
Nursing Director,"Nursing Directors oversee nursing departments in healthcare facilities. They manage nursing staff, develop policies and procedures, and ensure the delivery of high-quality patient care while adhering to regulatory standards.",Nursing management Patient care coordination Staff supervision Compliance with healthcare regulations Quality improvement Leadership skills
Interaction Designer,Interaction Designers specialize in designing user interactions within digital interfaces. They create meaningful and engaging user experiences by considering user behaviors and system responses.,Interaction design principles User behavior and psychology Wireframing and prototyping tools Animation and micro-interaction design Collaborative design processes
Office Manager,"Office Managers oversee daily office operations, including supervising staff, managing facilities, and ensuring efficient workflow. They may also handle budgeting, resource allocation, and office policies.",Office administration and management Budgeting and expense tracking Team coordination and supervision Facility management Vendor and supplier relations
Hospitality Interior Designer,"A Hospitality Interior Designer specializes in creating inviting and functional interiors for hotels, restaurants, and other hospitality establishments.","Hospitality interior design Hotel and restaurant design Branding and theme integration FF&E (furniture, fixtures, and equipment) selection Customer experience design"
General Pediatrician,"General Pediatricians provide medical care to infants, children, and adolescents. They diagnose and treat various pediatric conditions, offer preventive care, and educate patients and parents on child health and well-being.",Pediatrics Pediatric care Diagnosis and treatment Pediatric medical procedures Patient care Communication skills
Adult Speech Therapist,Adult Speech Therapists work with adults to address speech and language disorders. They provide therapy and support to improve communication and enhance quality of life.,Adult speech therapy Speech-language assessment Rehabilitation techniques Swallowing disorders Communication skills
Data Scientist,"Data Scientists use their expertise in data analysis and machine learning to extract valuable insights and predictions from data. They build and train models, conduct statistical analysis, and communicate findings to drive data-driven decision-making in the organization.","Machine learning algorithms and libraries (e.g., scikit-learn, TensorFlow, PyTorch) Statistical analysis and modeling Data preprocessing and cleaning Big data technologies (e.g., Hadoop, Spark) Data visualization Strong programming skills (Python, R)"
User Interface Designer,"User Interface Designers focus on the visual and interactive aspects of digital interfaces. They design layouts, buttons, and other elements to ensure a cohesive and visually appealing user interface.","UI design principles and best practices Graphic design tools (e.g., Adobe Photoshop, Illustrator) Typography and color theory Visual design and layout Responsive design"
Sales Team Leader,"Lead and motivate sales teams, set sales targets, and develop sales strategies to meet goals.",Sales leadership Team management Sales strategy and planning
Emergency Medicine Physician Assistant,"Work in emergency departments, diagnose and treat acute medical conditions, and provide urgent care.",Emergency medical care Triage and assessment Trauma management
Java Software Engineer,"Java Software Engineers develop and maintain software applications using the Java programming language. They write code, debug applications, and collaborate with cross-functional teams to deliver high-quality software solutions.","Java programming Java frameworks (e.g., Spring) Object-oriented design Code debugging Software development Problem-solving skills"
Clinical Psychologist,"Clinical Psychologists diagnose and treat mental health disorders. They conduct therapy sessions, assessments, and research to improve patients well-being.",Clinical psychology Counseling skills Assessment tools Diagnostic skills Empathy and listening skills
Digital Marketing Coordinator,"Digital Marketing Coordinators manage online marketing efforts, including social media, email marketing, and SEO, to drive digital engagement and growth.",Digital marketing strategy development Social media advertising Email marketing Google Analytics and SEO Content management systems (CMS) proficiency
Network Support Specialist,"Network Support Specialists provide technical support for computer networks. They troubleshoot issues, maintain network infrastructure, and ensure reliable network performance.",Network troubleshooting IT support Network configuration Technical knowledge Problem-solving
Agile Product Owner,"Agile Product Owners work closely with development teams in Agile environments. They define and prioritize product backlog items, communicate the product vision, and ensure that the product increments delivered align with customer needs and project objectives.",Agile product development Scrum or Kanban frameworks Backlog management User story writing Prioritization techniques Collaboration with development teams Product vision and strategy
Social Media Analyst,"Social Media Analysts analyze social media data and metrics to provide insights and recommendations for improving social media strategies. They track performance, identify trends, and support data-driven decision-making.","Social media analytics tools (e.g., Google Analytics, Facebook Insights) Data analysis and reporting Social media ROI measurement Competitive analysis Trend identification"
Manufacturing Engineer,"Manufacturing Engineers optimize manufacturing processes, improve production efficiency, and ensure product quality in manufacturing environments.",Manufacturing processes knowledge CAD/CAM software proficiency Lean manufacturing principles Quality control and assurance Six Sigma certification
Event Marketing Coordinator,"Event Marketing Coordinators focus on marketing events, including trade shows, exhibitions, and product launches, to maximize attendance and engagement.",Event planning and management Budgeting and financial management Vendor and sponsor relations Promotion and publicity Event logistics and coordination skills
Cloud Architect,"A Cloud Architect designs and manages cloud-based solutions, optimizing scalability, security, and performance while aligning them with the companys technology strategy.","Cloud computing platforms (AWS, Azure, etc.) Cloud security Containerization (Docker, Kubernetes)"
Social Media Analyst,"Social Media Analysts analyze social media data and metrics to provide insights and recommendations for improving social media strategies. They track performance, identify trends, and support data-driven decision-making.","Social media analytics tools (e.g., Google Analytics, Facebook Insights) Data analysis and reporting Social media ROI measurement Competitive analysis Trend identification"
Budget Analyst,"Budget Analysts manage and analyze financial data to develop, monitor, and report on budgets. They work with departments to ensure budget compliance, identify cost-saving opportunities, and provide financial insights to support strategic planning and decision-making.",Budget planning Financial forecasting Excel proficiency Data analysis
Procurement Specialist,"A Procurement Specialist manages procurement processes, negotiates with suppliers, and ensures cost-effective purchasing of goods and services to meet organizational needs.",Negotiation skills Vendor management Supply chain knowledge Contract management Analytical skills
Exotic Animal Veterinarian,"Provide medical care and treatment to exotic animals, diagnose illnesses, perform surgeries, and educate owners on animal care.",Exotic animal medicine Exotic animal diagnostics Specialized surgical skills Avian medicine Reptile care Amphibian care Exotic animal anesthesia Compassion and empathy Client communication Problem-solving Attention to detail
Account Executive,"Account Executives manage and grow relationships with existing clients or customers. They understand client needs, propose solutions, negotiate contracts, and ensure customer satisfaction, often working closely with sales and customer support teams.",Sales strategy and planning Account management Customer relationship management Solution selling Sales forecasting Contract negotiation Sales metrics and reporting
Electrical Engineer,"Electrical Engineers design and develop electrical systems and devices. They work on projects such as power generation, electronics, and control systems for various industries.",Electrical engineering Circuit design Electronics AutoCAD proficiency Problem-solving
Database Administrator,"Database Administrators manage databases, ensuring data integrity, security, and efficient performance. They design, implement, and maintain databases while troubleshooting issues.","Database management systems (e.g., MySQL, Oracle, SQL Server) Data security Database tuning and optimization Backup and recovery"
Systems Integration Specialist,"The role of a Systems Integration Specialist involves integrating various software and hardware components to create cohesive systems. You will design and implement solutions that enable different systems to communicate and work together seamlessly. Your responsibilities also include troubleshooting integration issues, ensuring data consistency, and collaborating with cross-functional teams.",Systems integration Integration architecture Data mapping Middleware technologies API integration System testing Troubleshooting
JavaScript Developer,"JavaScript Developers write code to create interactive and dynamic web applications. They use JavaScript libraries and frameworks to build client-side functionality, ensuring smooth user interactions and responsive web design.","JavaScript programming Frontend development Frontend frameworks (e.g., React, Angular) DOM manipulation AJAX Debugging and troubleshooting"
Electronics Hardware Engineer,"Electronics Hardware Engineers develop and design electronic components and systems, from circuit boards to hardware prototypes, ensuring functionality and performance.",Electronics design PCB layout Embedded systems Circuit analysis Troubleshooting
Brand Promoter,"Brand Promoters are responsible for promoting a companys brand or products. They engage with the target audience, create marketing strategies, and build brand awareness.",Brand promotion Marketing knowledge Communication skills Sales techniques Product knowledge
Logistics Analyst,"A Logistics Analyst analyzes and optimizes logistics and supply chain operations, identifying cost-saving opportunities, improving transportation efficiency, and enhancing supply chain performance.",Supply chain analysis Data analytics Inventory management Transportation planning Problem-solving
Network Security Specialist,"Network Security Specialists focus on network security. They implement security measures, monitor for threats, and respond to security incidents to protect network integrity.",Network security Cybersecurity Intrusion detection Security analysis Firewall management
Family Nurse Practitioner,"Family Nurse Practitioners specialize in family-centered healthcare, providing comprehensive medical care to individuals of all ages within a family context.",Family medicine Health assessment Pediatric care Chronic disease management Patient education
Help Desk Analyst,"Help Desk Analysts provide technical support and assistance to internal employees or external customers. They troubleshoot hardware and software issues, offer solutions, and document support interactions to maintain a reliable IT environment.",Help desk support Ticket resolution IT troubleshooting Customer service skills Technical knowledge Documentation and knowledge base maintenance Communication and interpersonal skills
Outside Sales Representative,"Outside Sales Representatives meet with potential customers in person to sell products or services. They build relationships, identify sales opportunities, and provide product information and solutions to meet the needs of clients and achieve sales goals.",Sales prospecting and networking Face-to-face sales meetings Territory management Consultative selling Relationship building Sales tracking and reporting
Transportation Engineer,"A Transportation Engineer plans and designs transportation systems, including roads, highways, and public transit. They aim to improve transportation efficiency and safety.","Transportation engineering Traffic analysis and planning Civil engineering software (e.g., MicroStation, AutoCAD Civil 3D) Roadway design Public transportation knowledge"
Server Developer,"A Server Developer specializes in developing and maintaining server-side applications and systems, ensuring efficient data processing and server functionality.","Server-side programming languages (e.g., Java, Python) Database management API development"
Interaction Designer,Interaction Designers specialize in designing user interactions within digital interfaces. They create meaningful and engaging user experiences by considering user behaviors and system responses.,Interaction design principles User behavior and psychology Wireframing and prototyping tools Animation and micro-interaction design Collaborative design processes
Full-Stack Developer,"Full-Stack Developers are skilled in both frontend and backend development. They can work on all aspects of web application development, from creating user interfaces to designing databases and server infrastructure, providing end-to-end solutions.",Frontend and backend development Database integration Problem-solving API knowledge
Market Research Analyst,"A Market Research Analyst gathers and analyzes data to provide insights into market trends, consumer behavior, and competitive landscapes. They help businesses make informed decisions.","Market research methodologies Data collection and analysis Consumer behavior analysis Competitor analysis Survey design and analysis Statistical analysis software (e.g., SPSS, SAS) Data visualization Trend analysis Report writing Communication skills Attention to detail"
API Developer,An API Developer creates and maintains application programming interfaces (APIs) that enable data exchange between different software applications or systems.,"API design and development RESTful API knowledge Security protocols (OAuth, JWT)"
Business Intelligence Analyst,"Business Intelligence Analysts gather and analyze data to provide valuable insights to support decision-making within an organization. They create reports, dashboards, and data visualizations to help stakeholders understand trends, patterns, and opportunities in the data.","Data analysis and visualization tools (e.g., Tableau, Power BI) SQL and database querying Business intelligence concepts Data modeling and reporting Strong analytical and problem-solving skills Data-driven decision-making"
IT Project Manager,"IT Project Managers plan, execute, and oversee IT projects. They define project scope, allocate resources, manage budgets, and ensure projects are delivered on time and within scope. They also communicate project status and risks to stakeholders.",Project management Team leadership Risk management Budgeting Communication skills
Strategic Sourcing Manager,"Develop and execute sourcing strategies to procure goods and services, negotiate contracts, and manage supplier relationships.",Strategic sourcing strategies Supplier evaluation and selection Negotiation skills Vendor management Cost analysis Supply chain management Contract management Problem-solving Attention to detail Communication skills Strategic thinking
Test Automation Engineer,"Test Automation Engineers automate testing processes using scripts and tools. They design and maintain automated test suites to streamline testing efforts, improve efficiency, and enhance software quality.","Test automation frameworks and tools Scripting and programming languages (e.g., Python, Java) Continuous integration and continuous testing (CI/CT) Test script development and maintenance Test environment setup and management"
SEO Copywriter,SEO Copywriters specialize in creating content optimized for search engines. They incorporate keywords and SEO best practices to improve online visibility and search engine rankings for web pages and articles.,"SEO (Search Engine Optimization) Keyword research SEO-friendly content On-page optimization Meta tags SEO tools (e.g., SEMrush)"
CAD Technician,Create and modify technical drawings using computer-aided design (CAD) software for various engineering projects.,Computer-aided design (CAD) software Technical drawing Blueprint interpretation Drafting standards Engineering principles Collaboration with engineers Problem-solving Attention to detail Communication skills 3D modeling (if applicable)
Service Quality Assurance Manager,"Service Quality Assurance Managers monitor and evaluate service quality in an organization. They develop quality standards, conduct audits, analyze customer feedback, and implement improvements to ensure consistent high-quality service delivery.",Quality assurance Quality control Process improvement Audit procedures Compliance standards Root cause analysis
Office Coordinator,"Office Coordinators provide administrative support within an office. They assist with tasks like scheduling, record-keeping, and communication to ensure efficient office operations.",Office administration Calendar management Reception duties Communication skills Record keeping Office supplies management
Sustainable Landscape Specialist,"Sustainable Landscape Specialists focus on creating environmentally friendly and sustainable landscapes. They incorporate eco-friendly practices, native plants, and water conservation techniques into landscape design and maintenance.",Sustainable landscape design Native plant selection Water conservation Soil health Green building practices LEED certification
Backend Web Developer,"Backend Web Developers build and maintain the server-side logic and infrastructure required for web applications. They work on data storage, APIs, and server communication to support the functionality of web applications.","Server-side programming (e.g., Node.js, Python) Database management (e.g., SQL, MongoDB)"
Trial Attorney,"Trial Attorneys represent clients in legal proceedings. They prepare cases, conduct trials, and provide legal counsel to clients involved in civil or criminal litigation.",Litigation Legal research Courtroom representation Case preparation Client counseling Legal writing
Medical Sales Specialist,"Medical Sales Specialists focus on selling medical devices, pharmaceuticals, or healthcare products to healthcare professionals and institutions.",Medical product knowledge Understanding of healthcare regulations Relationship building with healthcare professionals Sales forecasting and planning Medical sales techniques
IT Business Analyst,"IT Business Analysts bridge the gap between business needs and technology solutions. They analyze business processes, gather requirements, and create solutions that align with organizational goals.",Business process analysis Requirement gathering Data analysis Communication skills
Big Data Engineer,"A Big Data Engineer develops and manages big data solutions, including data storage, processing, and analysis platforms, to extract valuable insights and support data-driven decisions.","Big data technologies (Hadoop, Spark, etc.) Data processing and analysis Distributed computing"
School Social Worker,"Support students social and emotional well-being in schools, collaborate with educators, and connect families with resources.",School social work principles Student assessment and intervention Special education laws Individualized education plans (IEPs) Crisis management Collaboration with educators Family engagement Advocacy Empathy and communication Documentation Cultural competence Licensing and certification
Social Media Analyst,"Social Media Analysts analyze social media data and metrics to provide insights and recommendations for improving social media strategies. They track performance, identify trends, and support data-driven decision-making.","Social media analytics tools (e.g., Google Analytics, Facebook Insights) Data analysis and reporting Social media ROI measurement Competitive analysis Trend identification"
Residential Interior Designer,"A Residential Interior Designer plans and designs interior spaces in homes. They select furnishings, colors, and layouts to create functional and aesthetically pleasing environments.",Residential interior design Space planning Color theory and selection Furniture and materials selection 3D modeling and rendering
Wedding Designer,"A Wedding Designer specializes in creating visually appealing wedding designs and décor, transforming wedding venues into beautiful and memorable spaces.",Wedding design concepts Decor selection and arrangement Creative flair
SQL Database Developer,"SQL Database Developers design, implement, and maintain relational databases using SQL (Structured Query Language). They write queries, optimize database performance, and ensure data integrity and security.",SQL (Structured Query Language) Database design Query optimization Data modeling Database maintenance Problem-solving skills
Data Analyst Researcher,A Data Analyst Researcher conducts research and analysis using data to support academic or scientific inquiries. They contribute to research projects and publish findings.,"Data analysis techniques Research methodologies Data collection and interpretation Statistical analysis software (e.g., R, Python) Data visualization tools (e.g., Tableau, Power BI) Research report writing Critical thinking Problem-solving Communication skills Attention to detail"
Mediator,Mediators facilitate negotiations and dispute resolution between parties in conflict. They remain neutral and help parties reach mutually acceptable agreements through effective communication and problem-solving techniques.,Mediation Conflict resolution Negotiation Communication skills Neutrality Problem-solving Legal knowledge Mediation techniques
Research Chemist,"As a Research Chemist, you will engage in scientific research and experimentation to discover and develop new chemical compounds or processes. Your work may involve designing experiments, analyzing data, and publishing research findings. Your role contributes to the advancement of scientific knowledge and may have applications in various industries.",Research chemistry Experimental design Data interpretation Chemical synthesis Research protocols Scientific writing Problem-solving skills
Wedding Coordinator,"Plan and execute weddings, coordinate vendors, manage budgets, and oversee all aspects of the event to create a memorable day.",Wedding planning Vendor coordination Ceremony and reception logistics Wedding etiquette Budget management Timeline planning Attention to detail Client communication Creativity Problem-solving Emotional intelligence Event design
Executive Assistant,"Support high-level executives by managing schedules, coordinating meetings, and handling various administrative tasks.","Calendar management Travel coordination Meeting scheduling Correspondence and communication Office organization Confidentiality Time management Problem-solving Attention to detail Communication skills Technology proficiency (e.g., MS Office)"
Competitive Intelligence Analyst,Competitive Intelligence Analysts gather data on competitors and industry trends. They analyze information to help businesses make informed decisions and gain a competitive edge.,Competitive analysis Market research Data analysis Business strategy Industry knowledge
Transportation Engineer,"A Transportation Engineer plans and designs transportation systems, including roads, highways, and public transit. They aim to improve transportation efficiency and safety.","Transportation engineering Traffic analysis and planning Civil engineering software (e.g., MicroStation, AutoCAD Civil 3D) Roadway design Public transportation knowledge"
Cybersecurity Analyst,"Cybersecurity Analysts protect computer systems and networks from cyber threats. They monitor security systems, investigate breaches, and implement security measures to safeguard data.","Cybersecurity Security assessments Intrusion detection Security tools (e.g., SIEM) Incident response Vulnerability scanning"
In-House Counsel,"In the role of In-House Counsel, you will provide legal support to the organization across various areas, including contracts, employment law, and regulatory compliance. You will draft legal documents, handle litigation matters, and advise on legal risks affecting day-to-day operations. Your role is crucial in ensuring the company operates within the bounds of the law.",In-house counsel Legal advisory Employment law Intellectual property Regulatory compliance Dispute resolution Contract review Client counseling
Security Consultant,"A Security Consultant is responsible for assessing an organizations security infrastructure, identifying vulnerabilities, and recommending solutions to enhance security. They conduct risk assessments, implement security measures, and provide guidance on security policies and procedures.",Security consulting Risk assessment Security audits Security policy development Penetration testing Client communication
Staff Nurse,"A Staff Nurse provides patient care, administers medications, and collaborates with healthcare teams to ensure the well-being of patients in clinical settings.",Nursing care Patient assessment Medical knowledge
Front-End Developer,A Front-End Developer specializes in creating the user interface and user experience of websites or applications. They code and design elements that users interact with directly.,"Front-end web development HTML, CSS, JavaScript Responsive design Web performance optimization Cross-browser compatibility"
DevOps Engineer,"DevOps Engineers focus on automating and streamlining the development and deployment processes. They work to improve collaboration between development and IT operations, implementing tools and practices for continuous integration and continuous delivery (CI/CD).","Automation and scripting (e.g., Python, Bash) Continuous Integration/Continuous Deployment (CI/CD) Containerization (e.g., Docker, Kubernetes) Infrastructure as Code (e.g., Terraform, Ansible) Cloud platforms (e.g., AWS, Azure, GCP) Monitoring and troubleshooting skills"
DevOps Engineer,"DevOps Engineers focus on automating and streamlining the development and deployment processes. They work to improve collaboration between development and IT operations, implementing tools and practices for continuous integration and continuous delivery (CI/CD).","Automation and scripting (e.g., Python, Bash) Continuous Integration/Continuous Deployment (CI/CD) Containerization (e.g., Docker, Kubernetes) Infrastructure as Code (e.g., Terraform, Ansible) Cloud platforms (e.g., AWS, Azure, GCP) Monitoring and troubleshooting skills"
Network Performance Analyst,"Network Performance Analysts monitor and optimize network performance. They collect and analyze network data, identify issues, and implement solutions to enhance network speed, reliability, and efficiency.","Network performance analysis Network monitoring tools (e.g., Wireshark) Troubleshooting Capacity planning Data analysis Network protocols"
Chemical Engineer,"Chemical Engineers design and oversee processes for the production of chemicals and related products. They conduct experiments, analyze data, and develop processes to optimize production, ensure safety, and minimize environmental impact.",Chemical engineering Process design Chemical reactions Safety protocols Laboratory techniques Problem-solving skills
User Experience Designer,"User Experience Designers create intuitive and user-friendly digital interfaces. They conduct user research, design prototypes, and work to enhance the overall user experience of websites and applications.","User-centered design principles UX/UI design tools (e.g., Sketch, Adobe XD) Wireframing and prototyping Usability testing and user research Information architecture and user flows"
Research Psychologist,"Research Psychologists conduct psychological research to advance the fields understanding. They design studies, collect data, and analyze results to inform scientific knowledge.",Research methodology Data analysis Psychological studies Writing research reports Critical thinking
Java Backend Developer,"Java Backend Developers specialize in building the server-side components of software applications using Java. They work on database integration, server logic, and performance optimization to ensure efficient and reliable backend functionality.","Backend development RESTful APIs Database integration Java EE (Enterprise Edition) Performance optimization Version control (e.g., Git)"
Administrative Manager,"Administrative Managers oversee office operations. They manage administrative staff, coordinate tasks, and ensure smooth office functioning to support the organizations goals.",Administrative leadership Office management Staff supervision Budgeting and financial management Process improvement Communication skills
Sales Manager,"A Sales Manager leads and guides the sales team, sets sales targets, develops sales strategies, and monitors performance to achieve revenue and growth objectives.",Sales management Sales strategy development Team leadership
Strategic Partnerships Manager,"A Strategic Partnerships Manager identifies and develops strategic partnerships and alliances that benefit the organization, fostering collaborations and driving mutual success.",Partnership development Negotiation and collaboration Business development
Creative Director,"Creative Directors lead creative teams in developing visual and conceptual designs for various media, ensuring brand consistency and artistic quality.",Creative leadership Art direction Concept development Visual design Advertising and marketing expertise
Administrative Coordinator,"Administrative Coordinators support administrative tasks, including data entry, scheduling, and document management, to enhance organizational efficiency.",Office administration Communication skills Organizational skills Time management Microsoft Office proficiency
Strategic Sourcing Manager,"Develop and execute sourcing strategies to procure goods and services, negotiate contracts, and manage supplier relationships.",Strategic sourcing strategies Supplier evaluation and selection Negotiation skills Vendor management Cost analysis Supply chain management Contract management Problem-solving Attention to detail Communication skills Strategic thinking
Help Desk Analyst,"Help Desk Analysts provide technical support and assistance to internal employees or external customers. They troubleshoot hardware and software issues, offer solutions, and document support interactions to maintain a reliable IT environment.",Help desk support Ticket resolution IT troubleshooting Customer service skills Technical knowledge Documentation and knowledge base maintenance Communication and interpersonal skills
Deliverability Analyst,"Monitor and improve email deliverability rates, troubleshoot delivery issues, and maintain a clean email list.","Email deliverability best practices Spam filter testing List hygiene Blacklist monitoring Email authentication (e.g., SPF, DKIM) Deliverability metrics analysis Troubleshooting deliverability issues Communication skills Data analysis Attention to detail"
Market Researcher,"A Market Researcher gathers and analyzes market data to provide insights on consumer behavior, market trends, and competitor activities, aiding in informed business decisions.",Market research methodologies Data collection and analysis Industry knowledge
Primary Care Physician Assistant,"Provide medical care under the supervision of physicians, conduct examinations, diagnose and treat patients.",Medical knowledge and clinical skills Patient care and assessment Communication and empathy
Client Relationship Manager,"Build and maintain strong client relationships, understand their needs, and ensure client satisfaction.",Client relationship management Customer service Communication skills
Front-End Developer,A Front-End Developer specializes in creating the user interface and user experience of websites or applications. They code and design elements that users interact with directly.,"Front-end web development HTML, CSS, JavaScript Responsive design Web performance optimization Cross-browser compatibility"
Creative Director,"Creative Directors lead creative teams in developing visual and conceptual designs for various media, ensuring brand consistency and artistic quality.",Creative leadership Art direction Concept development Visual design Advertising and marketing expertise
Investment Analyst,"Investment Analysts analyze financial data and market trends to make informed investment recommendations. They research and assess investment opportunities, create financial models, and provide insights to guide investment decisions and portfolio management.",Financial analysis Investment evaluation Portfolio management Data analysis
Acute Care Nurse Practitioner,"Acute Care Nurse Practitioners focus on managing acute and critical medical conditions, often working in hospitals or emergency care settings.",Acute care nursing Emergency medicine Critical care Diagnostic tests Treatment planning
Sales Manager,"A Sales Manager leads and guides the sales team, sets sales targets, develops sales strategies, and monitors performance to achieve revenue and growth objectives.",Sales management Sales strategy development Team leadership
Hospitality Interior Designer,"A Hospitality Interior Designer specializes in creating inviting and functional interiors for hotels, restaurants, and other hospitality establishments.","Hospitality interior design Hotel and restaurant design Branding and theme integration FF&E (furniture, fixtures, and equipment) selection Customer experience design"
IT Support Specialist,"IT Support Specialists provide technical assistance to end-users, troubleshooting hardware and software problems, setting up equipment, and maintaining IT infrastructure.",Technical troubleshooting Hardware and software support Customer service Problem-solving Communication
Usability Analyst,Evaluate and improve the usability of websites and applications through user testing and analysis.,Usability evaluation User interface assessment Usability testing tools and techniques
Live Chat Support Agent,"A Live Chat Support Agent provides customer support through live chat channels, addressing inquiries, troubleshooting issues, and offering timely solutions.",Live chat support Online customer communication Problem resolution
Sustainability Consultant,"Sustainability Consultants advise organizations on sustainable practices and strategies. They assess environmental impact, recommend sustainability initiatives, and assist in the development and implementation of sustainable policies.",Sustainability consulting Sustainability assessments Sustainable practices Green building standards Environmental policies Client communication
Marketing Automation Specialist,"Implement and manage marketing automation tools, workflows, and campaigns to streamline marketing efforts.","Marketing automation platforms (e.g., Marketo, Pardot) Lead nurturing Workflow automation CRM integration Analytics and reporting Email marketing Campaign optimization Marketing strategy Communication skills Problem-solving Attention to detail"
Performance Testing Specialist,"Performance Testing Specialists assess the performance of software applications by conducting load, stress, and scalability tests. They identify bottlenecks, optimize performance, and ensure software can handle user demands effectively.",Performance testing Load testing Stress testing Test scenarios Performance monitoring Benchmarking Performance analysis
Analytical Chemist,"As an Analytical Chemist, your primary responsibility is to analyze chemical compounds and substances using various laboratory techniques and equipment. You will conduct experiments, interpret results, and generate reports. Your role may involve developing analytical methods, maintaining lab equipment, and adhering to safety protocols to ensure accurate and reliable analyses.","Analytical chemistry Laboratory techniques Instrumentation Data analysis Quality control Sample preparation Scientific software (e.g., ChemDraw)"
Clinical Psychologist,"Clinical Psychologists diagnose and treat mental health disorders. They conduct therapy sessions, assessments, and research to improve patients well-being.",Clinical psychology Counseling skills Assessment tools Diagnostic skills Empathy and listening skills
Family Nurse Practitioner,"Family Nurse Practitioners specialize in family-centered healthcare, providing comprehensive medical care to individuals of all ages within a family context.",Family medicine Health assessment Pediatric care Chronic disease management Patient education
IT Systems Administrator,"IT Systems Administrators manage and maintain an organizations IT infrastructure, including servers, networks, and security systems.",Network administration System and server maintenance Cybersecurity knowledge Backup and recovery IT project management skills
Social Science Researcher,"A Social Science Researcher conducts research in fields such as sociology, psychology, or anthropology to study human behavior and social phenomena, contributing to academic knowledge.","Social science research methods Qualitative and quantitative data analysis Survey design and implementation Ethnographic research Interviewing skills Research ethics Statistical software (e.g., Stata, NVivo) Report writing Communication skills Critical thinking Empathy"
Usability Analyst,Evaluate and improve the usability of websites and applications through user testing and analysis.,Usability evaluation User interface assessment Usability testing tools and techniques
Personal Secretary,"Personal Secretaries provide administrative support to individuals or executives. They manage schedules, handle correspondence, and assist with various tasks to ensure efficiency.",Administrative support Calendar management Communication skills Time management Organizational skills Confidentiality
Product Designer,"Design and develop innovative products, from concept to production, ensuring usability, functionality, and aesthetics.","Product design principles Prototyping and wireframing User research User testing UI/UX design 3D modeling (if applicable) Collaboration Problem-solving Creativity Attention to detail Communication skills Software proficiency (e.g., Sketch, Adobe XD)"
Customer Success Manager,"Customer Success Managers focus on ensuring customer satisfaction and retention. They build relationships with clients, understand their needs, and work to maximize the value customers receive from products or services, ultimately driving customer success and loyalty.",Customer relationship management Onboarding and training Customer feedback analysis Retention strategies Cross-selling and upselling Strong communication and empathy Customer advocacy
Brand Promoter,"Brand Promoters are responsible for promoting a companys brand or products. They engage with the target audience, create marketing strategies, and build brand awareness.",Brand promotion Marketing knowledge Communication skills Sales techniques Product knowledge
Network Administrator,"Network Administrators manage an organizations computer networks. They configure, monitor, and maintain network infrastructure, ensuring optimal performance and security.","Network management Troubleshooting Network security IT certifications (e.g., CCNA)"
User Interface Designer,"User Interface Designers focus on the visual and interactive aspects of digital interfaces. They design layouts, buttons, and other elements to ensure a cohesive and visually appealing user interface.","UI design principles and best practices Graphic design tools (e.g., Adobe Photoshop, Illustrator) Typography and color theory Visual design and layout Responsive design"
Product Designer,"Design and develop innovative products, from concept to production, ensuring usability, functionality, and aesthetics.","Product design principles Prototyping and wireframing User research User testing UI/UX design 3D modeling (if applicable) Collaboration Problem-solving Creativity Attention to detail Communication skills Software proficiency (e.g., Sketch, Adobe XD)"
Business Tax Consultant,"A Business Tax Consultant specializes in tax planning and compliance for businesses. They assist with tax strategy, filings, and help organizations minimize tax liabilities.",Business tax law knowledge Corporate tax planning Tax compliance for businesses Tax credits and incentives Tax strategy development Financial analysis IRS regulations Client relationship management Communication skills Tax software proficiency
Supply Chain Coordinator,"A Supply Chain Coordinator manages supply chain operations, coordinates logistics, and ensures the seamless flow of goods and materials throughout the supply chain network.",Supply chain logistics Inventory management Communication skills Problem-solving Vendor coordination
Pediatric Physical Therapist,"Specialize in providing physical therapy to children, addressing developmental and mobility issues.",Pediatric rehabilitation Developmental assessments Child psychology knowledge
Bridge Engineer,"A Bridge Engineer specializes in designing and maintaining bridges, ensuring their structural integrity, safety, and compliance with engineering standards and regulations.",Bridge design Civil engineering Structural analysis AutoCAD proficiency Project management
Sustainable Design Specialist,"Sustainable Design Specialists incorporate eco-friendly practices into architectural designs, promoting energy efficiency and environmental sustainability.",Sustainable design principles Energy efficiency LEED certification Green building materials Environmental impact assessment
Sales Account Executive,"A Sales Account Executive is responsible for acquiring and managing business accounts. They identify sales opportunities, negotiate contracts, and meet revenue targets.",Sales strategies and tactics Account management Relationship building Sales forecasting Industry and product knowledge
Cybersecurity Analyst,"Cybersecurity Analysts protect computer systems and networks from cyber threats. They monitor security systems, investigate breaches, and implement security measures to safeguard data.","Cybersecurity Security assessments Intrusion detection Security tools (e.g., SIEM) Incident response Vulnerability scanning"
Commercial Interior Designer,A Commercial Interior Designer focuses on designing interior spaces for businesses and commercial properties. They optimize layouts for productivity and aesthetics.,Commercial interior design Workplace ergonomics Building codes and regulations knowledge Sustainable design principles AutoCAD and Revit proficiency
Process Engineer,"Optimize manufacturing processes, improve efficiency, and ensure product quality in industrial settings.",Process optimization Manufacturing processes Lean Six Sigma methodologies Data analysis Statistical process control Quality management Root cause analysis Collaboration Problem-solving Attention to detail Technical knowledge
Network Administrator,"Network Administrators manage an organizations computer networks. They configure, monitor, and maintain network infrastructure, ensuring optimal performance and security.","Network management Troubleshooting Network security IT certifications (e.g., CCNA)"
Systems Engineer,Systems Engineers design and manage complex systems and infrastructure. They integrate various components and technologies to ensure optimal system performance and reliability.,Systems engineering System architecture Integration testing Troubleshooting Technical documentation Configuration management
Content Writer,"Content Writers create written content for various platforms. They produce articles, blog posts, and web content to inform, educate, or entertain audiences.",Writing skills Content creation SEO knowledge Research skills Grammar and proofreading
Digital Marketing Director,"Digital Marketing Directors lead digital marketing efforts. They develop and execute digital strategies, oversee campaigns, and measure performance to achieve marketing goals.",Digital marketing strategy Marketing analytics Team leadership Content marketing SEO and SEM proficiency
Backend Developer,"A Backend Developer is tasked with building and maintaining the server-side logic and database infrastructure of web applications. They work on the core functionality, data storage, and server communication to ensure the application runs smoothly and efficiently.","Proficiency in one or more backend programming languages (e.g., Java, Python, Node.js, Ruby) API development Database management (SQL or NoSQL) Server management and deployment Security best practices Knowledge of web frameworks (e.g., Express, Django)"
Security Consultant,"A Security Consultant is responsible for assessing an organizations security infrastructure, identifying vulnerabilities, and recommending solutions to enhance security. They conduct risk assessments, implement security measures, and provide guidance on security policies and procedures.",Security consulting Risk assessment Security audits Security policy development Penetration testing Client communication
Avionics Engineer,"Avionics Engineers focus on aircraft electronic systems. They design and maintain avionics systems such as communication, navigation, and instrumentation for safe flight operations.",Avionics systems Electronic warfare systems Radar systems Aircraft communication systems System integration Testing and validation
Print Graphic Designer,"Print Graphic Designers design graphics and layouts for printed materials such as brochures, posters, and packaging. They use their creativity and design skills to visually communicate messages and information effectively in printed form.","Print design software (e.g., Adobe InDesign, Illustrator) Layout and composition Print production processes Color theory and management Attention to detail Print industry knowledge"
Social Media Influencer,Social Media Influencers use their online presence to promote brands or products. They create engaging content and collaborate with companies to reach a wider audience.,Social media management Content creation Audience engagement Marketing strategy Communication skills
IT Support Specialist,"IT Support Specialists provide technical assistance to end-users, troubleshooting hardware and software problems, setting up equipment, and maintaining IT infrastructure.",Technical troubleshooting Hardware and software support Customer service Problem-solving Communication
B2B Sales Consultant,"B2B Sales Consultants specialize in business-to-business sales. They identify and target potential corporate clients, negotiate contracts, and build long-term relationships to drive sales growth in the B2B market.",B2B sales Business-to-business sales strategies Lead generation Sales negotiations Client relationship building Market research
Family Counselor,"A Family Counselor works with families to address interpersonal issues, improve communication, and resolve conflicts, fostering healthier family dynamics.",Family counseling Marriage and family therapy Conflict resolution skills
DevOps Engineer,"DevOps Engineers focus on automating and streamlining the development and deployment processes. They work to improve collaboration between development and IT operations, implementing tools and practices for continuous integration and continuous delivery (CI/CD).","Automation and scripting (e.g., Python, Bash) Continuous Integration/Continuous Deployment (CI/CD) Containerization (e.g., Docker, Kubernetes) Infrastructure as Code (e.g., Terraform, Ansible) Cloud platforms (e.g., AWS, Azure, GCP) Monitoring and troubleshooting skills"
Financial Accountant,"Financial Accountants handle financial records, prepare financial statements, and ensure compliance with accounting standards. They analyze financial data to provide accurate financial reports and support decision-making within the organization.","Financial reporting Accounting software (e.g., QuickBooks) Auditing GAAP knowledge"
Data Scientist,"Data Scientists use their expertise in data analysis and machine learning to extract valuable insights and predictions from data. They build and train models, conduct statistical analysis, and communicate findings to drive data-driven decision-making in the organization.","Machine learning algorithms and libraries (e.g., scikit-learn, TensorFlow, PyTorch) Statistical analysis and modeling Data preprocessing and cleaning Big data technologies (e.g., Hadoop, Spark) Data visualization Strong programming skills (Python, R)"
User Interface Designer,"User Interface Designers focus on the visual and interactive aspects of digital interfaces. They design layouts, buttons, and other elements to ensure a cohesive and visually appealing user interface.","UI design principles and best practices Graphic design tools (e.g., Adobe Photoshop, Illustrator) Typography and color theory Visual design and layout Responsive design"
Social Media Manager,"Social Media Managers oversee an organizations social media presence. They create and schedule content, engage with followers, and analyze social media metrics to drive brand awareness and engagement.","Social media platforms (e.g., Facebook, Twitter, Instagram) Content creation and scheduling Social media analytics and insights Community engagement Paid social advertising"
Electrical Engineer,"Electrical Engineers design and develop electrical systems and devices. They work on projects such as power generation, electronics, and control systems for various industries.",Electrical engineering Circuit design Electronics AutoCAD proficiency Problem-solving
Paid Advertising Specialist,Paid Advertising Specialists manage paid advertising campaigns. They use platforms like Google Ads and social media advertising to reach target audiences and achieve marketing goals.,Google Ads management PPC campaign optimization Keyword research Ad copywriting A/B testing Conversion tracking
Customer Experience Strategist,"Customer Experience Strategists develop and execute strategies to enhance the overall customer experience. They analyze customer feedback, identify pain points, and work across departments to improve products, services, and customer interactions.",Customer experience strategy Customer journey mapping Feedback analysis User research Metrics and KPIs Communication skills
Lighting Designer,"Lighting Designers create lighting plans for architectural and artistic purposes. They enhance spaces with lighting effects, aesthetics, and energy-efficient lighting solutions.",Lighting design Architectural lighting Lighting software proficiency Creative lighting concepts Technical knowledge
Business Intelligence Analyst,"Business Intelligence Analysts gather and analyze data to provide valuable insights to support decision-making within an organization. They create reports, dashboards, and data visualizations to help stakeholders understand trends, patterns, and opportunities in the data.","Data analysis and visualization tools (e.g., Tableau, Power BI) SQL and database querying Business intelligence concepts Data modeling and reporting Strong analytical and problem-solving skills Data-driven decision-making"
Orthopedic Physical Therapist,"Provide physical therapy services to patients with orthopedic conditions, rehabilitate injuries, and improve mobility.",Orthopedic assessment and treatment Rehabilitation exercises Patient education
Court Clerk,"A Court Clerk manages administrative tasks within a court system, including maintaining court records, scheduling hearings, and assisting judges and legal professionals as needed.",Knowledge of court procedures Legal document management Attention to detail Computer literacy Organization skills
Business Systems Analyst,"A Business Systems Analyst analyzes business processes and requirements, recommends technology solutions, and bridges the gap between business objectives and IT systems.",Business systems analysis Requirements gathering Process improvement
Frontend Web Developer,"Frontend Web Developers design and implement user interfaces for websites, ensuring they are visually appealing and user-friendly. They collaborate with designers and backend developers to create seamless web experiences for users.","HTML, CSS, JavaScript Frontend frameworks (e.g., React, Angular) User experience (UX)"
Employee Relations Specialist,"Employee Relations Specialists focus on maintaining positive relationships between employees and the organization. They address workplace issues, conduct investigations, mediate conflicts, and promote a healthy and productive work environment.",Employee conflict resolution HR compliance Employee engagement Communication skills
Corporate Paralegal,"Provide legal support to corporate legal teams, assist with mergers and acquisitions, and manage corporate records.",Corporate legal tasks Document drafting Compliance Corporate governance Contract management Due diligence Entity formation Communication with stakeholders Attention to detail Technology proficiency Legal software proficiency Legal research skills
Interaction Designer,Interaction Designers specialize in designing user interactions within digital interfaces. They create meaningful and engaging user experiences by considering user behaviors and system responses.,Interaction design principles User behavior and psychology Wireframing and prototyping tools Animation and micro-interaction design Collaborative design processes
Content SEO Strategist,"Content SEO Strategists create SEO strategies specifically for content, focusing on keyword integration, content quality, and user engagement to boost organic traffic.",Content strategy SEO content optimization Content marketing Keyword mapping Analytics
In-House Counsel,"In the role of In-House Counsel, you will provide legal support to the organization across various areas, including contracts, employment law, and regulatory compliance. You will draft legal documents, handle litigation matters, and advise on legal risks affecting day-to-day operations. Your role is crucial in ensuring the company operates within the bounds of the law.",In-house counsel Legal advisory Employment law Intellectual property Regulatory compliance Dispute resolution Contract review Client counseling
Design Engineer,"A Design Engineer creates and develops product designs and specifications, using engineering principles and design software to bring innovative products to market.",Engineering design CAD software proficiency Problem-solving Technical knowledge Communication skills
Usability Analyst,Evaluate and improve the usability of websites and applications through user testing and analysis.,Usability evaluation User interface assessment Usability testing tools and techniques
Content Strategist,"Content Strategists develop and execute content strategies that align with business objectives. They plan content creation, distribution, and promotion to engage audiences and drive brand growth.",Content strategy Content planning SEO optimization Content marketing Analytics
Business Systems Analyst,"A Business Systems Analyst analyzes business processes and requirements, recommends technology solutions, and bridges the gap between business objectives and IT systems.",Business systems analysis Requirements gathering Process improvement
IT Support Specialist,"IT Support Specialists provide technical assistance to end-users, troubleshooting hardware and software problems, setting up equipment, and maintaining IT infrastructure.",Technical troubleshooting Hardware and software support Customer service Problem-solving Communication
Technical SEO Analyst,"As a Technical SEO Analyst, your role is to analyze website performance and identify opportunities for optimization. You will work on improving site speed, mobile-friendliness, and other technical aspects to enhance search engine rankings. You will also perform keyword research, conduct competitive analysis, and provide recommendations to improve website SEO.","Technical SEO Website audits SEO tools (e.g., Screaming Frog, Ahrefs) Schema markup Site speed optimization XML sitemaps Canonicalization"
UX Strategist,"Develop user experience (UX) strategies, create user journeys, and ensure user-centric design in product development.",User experience strategy User journey mapping Design thinking
Inventory Control Specialist,"Inventory Control Specialists manage and optimize inventory levels in a business. They track stock, monitor demand, and implement inventory control procedures to ensure efficient operations and minimize carrying costs.",Inventory management Stock control Demand forecasting Inventory tracking systems Supply chain coordination Problem-solving skills
Copywriter,"Copywriters create compelling written content for various mediums, such as advertising, websites, and marketing materials. They craft persuasive and engaging messages that resonate with target audiences.",Copywriting Content creation SEO Marketing strategies Creativity
Chemical Engineer,"Chemical Engineers design and oversee processes for the production of chemicals and related products. They conduct experiments, analyze data, and develop processes to optimize production, ensure safety, and minimize environmental impact.",Chemical engineering Process design Chemical reactions Safety protocols Laboratory techniques Problem-solving skills
Talent Acquisition Manager,"Talent Acquisition Managers oversee the recruitment and hiring process. They develop recruitment strategies, source candidates, conduct interviews, and collaborate with hiring managers to attract and hire qualified talent to meet the organizations staffing needs.",Talent sourcing Interviewing Onboarding Recruitment strategies HR software
Technical Writer,"Technical Writers specialize in creating user-friendly documentation and manuals for technical products and services. They translate complex technical information into accessible, understandable content.",Technical documentation Technical knowledge Writing skills Editing User manuals
Research and Development (R&D) Engineer,"Conduct research, design experiments, and develop innovative products or technologies in various industries.",Research and development processes Product innovation Prototype development Testing and experimentation Data analysis Collaboration with cross-functional teams Problem-solving Attention to detail Technical expertise Project management skills
Family Nurse Practitioner,"Family Nurse Practitioners specialize in family-centered healthcare, providing comprehensive medical care to individuals of all ages within a family context.",Family medicine Health assessment Pediatric care Chronic disease management Patient education
Executive Assistant,"Support high-level executives by managing schedules, coordinating meetings, and handling various administrative tasks.","Calendar management Travel coordination Meeting scheduling Correspondence and communication Office organization Confidentiality Time management Problem-solving Attention to detail Communication skills Technology proficiency (e.g., MS Office)"
Market Researcher,"A Market Researcher gathers and analyzes market data to provide insights on consumer behavior, market trends, and competitor activities, aiding in informed business decisions.",Market research methodologies Data collection and analysis Industry knowledge
School Psychologist,"School Psychologists work in educational settings, supporting students emotional and academic development. They provide counseling and assessments to enhance learning outcomes.",School psychology Special education knowledge Assessment and testing Individualized education plans Collaboration skills
Pediatric Speech Therapist,Pediatric Speech Therapists provide speech therapy to children with speech and language disorders. They assess and treat communication difficulties to improve language skills.,Pediatric speech therapy Speech-language assessment Individualized treatment plans Child development Communication skills
IT Support Specialist,"IT Support Specialists provide technical assistance to end-users, troubleshooting hardware and software problems, setting up equipment, and maintaining IT infrastructure.",Technical troubleshooting Hardware and software support Customer service Problem-solving Communication
Market Researcher,"A Market Researcher gathers and analyzes market data to provide insights on consumer behavior, market trends, and competitor activities, aiding in informed business decisions.",Market research methodologies Data collection and analysis Industry knowledge
Customer Support Manager,"Customer Support Managers oversee a team of customer support representatives. They set performance goals, resolve complex customer issues, and develop strategies to improve customer satisfaction and the efficiency of support operations.",Customer support Team leadership Customer satisfaction Issue resolution Performance metrics Training and development
Dental Public Health Hygienist,A Dental Public Health Hygienist works to improve oral health at the community level. They develop and implement public health programs and educate individuals on oral hygiene.,Dental public health principles Community outreach and education Dental health program planning Epidemiology knowledge Public health regulations knowledge
Security Operations Center (SOC) Analyst,"SOC Analysts work in security operations centers. They monitor and respond to security incidents, analyze threats, and implement security protocols to protect an organizations assets.","SOC operations Security incident response Threat detection Log analysis Security tools (e.g., IDS/IPS) Security alerts triage"
Acute Care Nurse Practitioner,"Acute Care Nurse Practitioners focus on managing acute and critical medical conditions, often working in hospitals or emergency care settings.",Acute care nursing Emergency medicine Critical care Diagnostic tests Treatment planning
HR Generalist,"HR Generalists handle various HR functions, including recruitment, employee relations, benefits administration, and HR compliance. They serve as a resource for employees and management, ensuring HR policies and practices align with organizational goals and legal requirements.",HR policies and procedures Employee relations Recruitment Communication skills
Geriatric Nurse Practitioner,Geriatric Nurse Practitioners focus on the healthcare needs of elderly patients. They provide specialized care and address age-related health concerns.,Geriatric healthcare Geriatric assessment Geriatric treatment Elderly patient care Geriatric pharmacology
Sales Advisor,"Sales Advisors provide expert advice to customers about products or services. They help customers make informed purchase decisions, answer questions, and offer solutions tailored to individual needs.",Sales strategies Customer relationship management Sales techniques Product knowledge Client acquisition Negotiation skills
Court Clerk,"A Court Clerk manages administrative tasks within a court system, including maintaining court records, scheduling hearings, and assisting judges and legal professionals as needed.",Knowledge of court procedures Legal document management Attention to detail Computer literacy Organization skills
User Interface Designer,"User Interface Designers focus on the visual and interactive aspects of digital interfaces. They design layouts, buttons, and other elements to ensure a cohesive and visually appealing user interface.","UI design principles and best practices Graphic design tools (e.g., Adobe Photoshop, Illustrator) Typography and color theory Visual design and layout Responsive design"
In-House Counsel,"In the role of In-House Counsel, you will provide legal support to the organization across various areas, including contracts, employment law, and regulatory compliance. You will draft legal documents, handle litigation matters, and advise on legal risks affecting day-to-day operations. Your role is crucial in ensuring the company operates within the bounds of the law.",In-house counsel Legal advisory Employment law Intellectual property Regulatory compliance Dispute resolution Contract review Client counseling
Software QA Tester,"Software QA Testers ensure the quality of software products by designing and executing test cases, identifying defects, and reporting issues to developers. They play a critical role in ensuring software reliability and functionality.","Software quality assurance Test planning Test case design Test execution Defect tracking Test automation (e.g., Selenium)"
Frontend Web Developer,"Frontend Web Developers design and implement user interfaces for websites, ensuring they are visually appealing and user-friendly. They collaborate with designers and backend developers to create seamless web experiences for users.","HTML, CSS, JavaScript Frontend frameworks (e.g., React, Angular) User experience (UX)"
Corporate Litigator,"Corporate Litigators specialize in corporate law. They handle legal matters related to businesses, such as mergers, acquisitions, contracts, and disputes, to protect corporate interests.",Corporate law Commercial litigation Dispute resolution Contract law Legal strategy Negotiation
Adult Speech Therapist,Adult Speech Therapists work with adults to address speech and language disorders. They provide therapy and support to improve communication and enhance quality of life.,Adult speech therapy Speech-language assessment Rehabilitation techniques Swallowing disorders Communication skills
Database Analyst,"A Database Analyst examines and interprets data stored in databases. They generate reports, identify trends, and provide insights to support business decision-making.",Data analysis Database querying and reporting Data visualization SQL proficiency Data quality assurance
Frontend Developer,"A Frontend Developer is responsible for designing and implementing user interfaces for web applications. They collaborate with designers to create visually appealing and responsive web pages, ensuring a seamless user experience across different devices and browsers.","Proficiency in HTML, CSS, and JavaScript Experience with frontend frameworks like React, Angular, or Vue.js Responsive web design Cross-browser compatibility Version control (e.g., Git) Frontend performance optimization"
Infrastructure Manager,"An Infrastructure Manager is responsible for the operation and maintenance of an organizations IT infrastructure, including servers, networks, and data centers.","Network administration System administration Virtualization technologies (e.g., VMware, Hyper-V) Storage management IT security Disaster recovery planning Capacity planning Monitoring and troubleshooting Cloud infrastructure (e.g., AWS, Azure) Vendor management"
Competitive Intelligence Analyst,Competitive Intelligence Analysts gather data on competitors and industry trends. They analyze information to help businesses make informed decisions and gain a competitive edge.,Competitive analysis Market research Data analysis Business strategy Industry knowledge
Sales Representative,"Sales Representatives promote and sell products or services to customers, build relationships, and meet sales targets through effective communication and negotiation.",Sales techniques and strategies Relationship building CRM software usage Product knowledge Negotiation and closing skills
Market Research Analyst,"A Market Research Analyst gathers and analyzes data to provide insights into market trends, consumer behavior, and competitive landscapes. They help businesses make informed decisions.","Market research methodologies Data collection and analysis Consumer behavior analysis Competitor analysis Survey design and analysis Statistical analysis software (e.g., SPSS, SAS) Data visualization Trend analysis Report writing Communication skills Attention to detail"
Corporate Event Planner,"Corporate Event Planners organize business-related events such as seminars, conferences, and product launches, ensuring they meet corporate goals and standards.",Corporate event planning Corporate branding Corporate communication Audiovisual equipment Crisis management
Intellectual Property Lawyer,"An Intellectual Property Lawyer specializes in protecting and managing intellectual property rights, including patents, trademarks, and copyrights. They provide legal advice, handle trademark registration, patent applications, and enforce IP rights.",Intellectual property law Trademark and patent law Copyright law IP portfolio management Litigation and dispute resolution
System Administrator,"System Administrators manage and maintain computer systems and networks. They handle software installations, security measures, and troubleshooting to ensure system reliability.",System administration Network administration Troubleshooting Security management Server maintenance Backup and recovery
Network Administrator,"Network Administrators manage an organizations computer networks. They configure, monitor, and maintain network infrastructure, ensuring optimal performance and security.","Network management Troubleshooting Network security IT certifications (e.g., CCNA)"
Electrical Engineer,"Electrical Engineers design and develop electrical systems and devices. They work on projects such as power generation, electronics, and control systems for various industries.",Electrical engineering Circuit design Electronics AutoCAD proficiency Problem-solving
Electrical Engineer,"Electrical Engineers design and develop electrical systems and devices. They work on projects such as power generation, electronics, and control systems for various industries.",Electrical engineering Circuit design Electronics AutoCAD proficiency Problem-solving
User Experience Designer,"User Experience Designers create intuitive and user-friendly digital interfaces. They conduct user research, design prototypes, and work to enhance the overall user experience of websites and applications.","User-centered design principles UX/UI design tools (e.g., Sketch, Adobe XD) Wireframing and prototyping Usability testing and user research Information architecture and user flows"
Content Creator,"Create engaging and relevant content, such as articles, videos, or social media posts, to promote brands or products.","Content creation (e.g., writing, editing, graphic design, video production) Content marketing Social media management SEO optimization Creative storytelling Audience engagement Analytics and reporting Adaptability Communication skills Creativity"
Instructional Designer,Instructional Designers develop educational materials and curricula. They design engaging and effective learning experiences for students or employees.,Instructional design eLearning tools Curriculum development Multimedia design Learning theory knowledge
Automation Tester,An Automation Tester uses automated testing tools to verify the functionality and performance of software applications. They create and execute automated test scripts.,"Test automation tools (e.g., Selenium, Appium) Scripting languages (e.g., Python, Java) Test framework development Continuous integration tools Test data management"
Geriatric Physical Therapist,"Focus on the physical therapy needs of elderly patients, addressing mobility and age-related conditions.",Geriatric rehabilitation Fall prevention Elderly patient care
Social Science Researcher,"A Social Science Researcher conducts research in fields such as sociology, psychology, or anthropology to study human behavior and social phenomena, contributing to academic knowledge.","Social science research methods Qualitative and quantitative data analysis Survey design and implementation Ethnographic research Interviewing skills Research ethics Statistical software (e.g., Stata, NVivo) Report writing Communication skills Critical thinking Empathy"
Event Coordinator,"Event Coordinators plan and execute various events, including conferences, parties, and meetings, managing logistics, budgets, and vendor relationships.",Event planning Vendor coordination Budget management Marketing and promotion Logistics
Wedding Designer,"A Wedding Designer specializes in creating visually appealing wedding designs and décor, transforming wedding venues into beautiful and memorable spaces.",Wedding design concepts Decor selection and arrangement Creative flair
Pediatric Occupational Therapist,A Pediatric Occupational Therapist helps children with developmental or physical challenges improve their motor and life skills through therapy interventions.,Pediatric assessment and evaluation Occupational therapy techniques for children Developmental milestones Sensory integration therapy Pediatric psychology Family-centered care Individualized treatment plans Communication skills Pediatric healthcare knowledge
Special Education Teacher,"A Special Education Teacher works with students who have disabilities, tailoring instruction to meet their unique needs and ensuring they have access to a quality education.",Special education strategies Individualized education plans (IEPs) Behavior management techniques Collaboration with support staff Special education laws and regulations knowledge
Content Creator,"Create engaging and relevant content, such as articles, videos, or social media posts, to promote brands or products.","Content creation (e.g., writing, editing, graphic design, video production) Content marketing Social media management SEO optimization Creative storytelling Audience engagement Analytics and reporting Adaptability Communication skills Creativity"
Surgical Physician Assistant,"Assist surgeons in the operating room, perform pre- and post-operative care, and collaborate on surgical procedures.",Surgical procedures and techniques Operating room protocols Anesthesia management
Electronics Hardware Engineer,"Electronics Hardware Engineers develop and design electronic components and systems, from circuit boards to hardware prototypes, ensuring functionality and performance.",Electronics design PCB layout Embedded systems Circuit analysis Troubleshooting
Digital Marketing Analyst,"Analyze digital marketing campaigns, track performance metrics, and optimize online marketing strategies.",Digital marketing strategies Analytics and reporting SEO and SEM Social media marketing Email marketing Data interpretation Marketing automation tools A/B testing Communication skills Problem-solving Attention to detail Marketing knowledge
Financial Analyst,"A Financial Analyst conducts financial analysis, generates reports, and provides insights to support decision-making, budgeting, and financial planning.",Financial analysis Data analysis Financial modeling
Mechanical Design Engineer,"Mechanical Design Engineers create and develop mechanical systems and components, from concept to manufacturing, ensuring functionality and safety.","Mechanical engineering CAD software (e.g., SolidWorks, AutoCAD) Finite element analysis Product development Prototyping"
Financial Planning Manager,"Financial Planning Managers oversee financial planning services. They lead a team of financial planners, develop financial strategies, and ensure clients financial goals are met.",Financial planning Investment strategies Team leadership Wealth management Client advisory skills
Network Security Analyst,"Protect an organizations computer networks and systems from security threats, monitor network traffic, and respond to incidents.",Network security protocols Intrusion detection and prevention Security incident response Firewall administration Vulnerability assessment Security policies and procedures Log analysis Ethical hacking Problem-solving Communication skills Attention to detail
Pediatric Physical Therapist,"Specialize in providing physical therapy to children, addressing developmental and mobility issues.",Pediatric rehabilitation Developmental assessments Child psychology knowledge
Human Resources Director,"A Human Resources Director leads HR functions, including talent acquisition, employee development, and HR strategy, to promote a positive work environment and support organizational goals.",Strategic HR planning Employee relations Talent management HR policy development Leadership skills
UI/UX Designer,"UI/UX Designers focus on creating user-friendly and visually appealing interfaces for digital products. They conduct user research, design wireframes and prototypes, and collaborate with development teams to ensure a seamless and enjoyable user experience.","User interface (UI) design User experience (UX) design Wireframing and prototyping tools (e.g., Sketch, Figma) Usability testing Information architecture Interaction design Mobile and responsive design"
Geriatric Occupational Therapist,A Geriatric Occupational Therapist works with elderly individuals to address age-related health issues and maintain independence and quality of life.,"Geriatric assessment and evaluation Geriatric-specific occupational therapy techniques Aging-related conditions (e.g., dementia, arthritis) Fall prevention strategies Care coordination with healthcare teams Assistive technology for seniors Patient advocacy Empathy and compassion Communication skills"
Residential Landscape Designer,Create aesthetically pleasing and functional landscape designs for residential properties.,Landscape design Plant selection and care Hardscape design
Event Coordinator,"Event Coordinators plan and execute various events, including conferences, parties, and meetings, managing logistics, budgets, and vendor relationships.",Event planning Vendor coordination Budget management Marketing and promotion Logistics
Dental Public Health Hygienist,A Dental Public Health Hygienist works to improve oral health at the community level. They develop and implement public health programs and educate individuals on oral hygiene.,Dental public health principles Community outreach and education Dental health program planning Epidemiology knowledge Public health regulations knowledge
User Interface Designer,"User Interface Designers focus on the visual and interactive aspects of digital interfaces. They design layouts, buttons, and other elements to ensure a cohesive and visually appealing user interface.","UI design principles and best practices Graphic design tools (e.g., Adobe Photoshop, Illustrator) Typography and color theory Visual design and layout Responsive design"
Retail Sales Associate,"A Retail Sales Associate assists customers in retail environments, helping them find products, providing product information, and ensuring a positive shopping experience.",Customer service Sales techniques Product knowledge Cash handling Communication skills
PCB Designer,"PCB Designers specialize in designing printed circuit boards (PCBs). They create PCB layouts, ensure proper connectivity, and consider electrical and mechanical requirements.",PCB design Electronics PCB layout software proficiency Circuit design Quality control
Web Graphic Designer,"Web Graphic Designers create visually appealing graphics, images, and layouts for websites. They work closely with web developers and UI/UX designers to ensure that web content is aesthetically pleasing, on-brand, and engaging to users.","Graphic design tools (e.g., Adobe Creative Suite) Web design principles User interface (UI) design Visual communication Typography Creativity and artistic skills"
Construction Engineer,"A Construction Engineer manages construction projects, oversees project planning, budgets, and construction activities, and ensures projects are completed on time and within budget.",Construction management Structural design AutoCAD proficiency Project management Site inspection
Investment Advisor,"Investment Advisors offer financial advice to clients, helping them make investment decisions, manage portfolios, and achieve their financial goals.",Investment strategies Portfolio management Financial planning Risk assessment Regulatory compliance
Research Analyst,"Research Analysts conduct research, collect data, and analyze information to support business decision-making. They generate reports and recommendations based on their findings to aid in strategic planning.",Data collection and analysis Market research tools and techniques Survey design and analysis Qualitative and quantitative research methods Report writing and presentation skills
In-House Counsel,"In the role of In-House Counsel, you will provide legal support to the organization across various areas, including contracts, employment law, and regulatory compliance. You will draft legal documents, handle litigation matters, and advise on legal risks affecting day-to-day operations. Your role is crucial in ensuring the company operates within the bounds of the law.",In-house counsel Legal advisory Employment law Intellectual property Regulatory compliance Dispute resolution Contract review Client counseling
Manufacturing Engineer,"Manufacturing Engineers optimize manufacturing processes, improve production efficiency, and ensure product quality in manufacturing environments.",Manufacturing processes knowledge CAD/CAM software proficiency Lean manufacturing principles Quality control and assurance Six Sigma certification
Frontend Web Developer,"Frontend Web Developers design and implement user interfaces for websites, ensuring they are visually appealing and user-friendly. They collaborate with designers and backend developers to create seamless web experiences for users.","HTML, CSS, JavaScript Frontend frameworks (e.g., React, Angular) User experience (UX)"
Executive Assistant,"Support high-level executives by managing schedules, coordinating meetings, and handling various administrative tasks.","Calendar management Travel coordination Meeting scheduling Correspondence and communication Office organization Confidentiality Time management Problem-solving Attention to detail Communication skills Technology proficiency (e.g., MS Office)"
IT Support Specialist,"IT Support Specialists provide technical assistance to end-users, troubleshooting hardware and software problems, setting up equipment, and maintaining IT infrastructure.",Technical troubleshooting Hardware and software support Customer service Problem-solving Communication
Content Marketing Manager,"Content Marketing Managers oversee the creation and distribution of content to attract and engage customers. They develop content strategies, manage content teams, and track performance metrics to optimize content marketing efforts.",Content strategy Content creation Blog management Content promotion SEO Analytics and reporting
Clinical Nurse Specialist,"A Clinical Nurse Specialist is an advanced practice nurse who specializes in specific patient populations or clinical areas, providing expert care and contributing to improved patient outcomes.","Clinical nursing specialization (e.g., critical care, oncology) Advanced nursing skills Patient education"
Frontend Developer,"A Frontend Developer is responsible for designing and implementing user interfaces for web applications. They collaborate with designers to create visually appealing and responsive web pages, ensuring a seamless user experience across different devices and browsers.","Proficiency in HTML, CSS, and JavaScript Experience with frontend frameworks like React, Angular, or Vue.js Responsive web design Cross-browser compatibility Version control (e.g., Git) Frontend performance optimization"
UX/UI Designer,A UX/UI Designer focuses on enhancing user experiences by designing intuitive interfaces. They consider user needs and preferences to create visually appealing and functional designs.,User experience (UX) design User interface (UI) design Wireframing and prototyping Usability testing Design tools like Sketch or Figma
E-commerce Web Designer,"E-commerce Web Designers specialize in designing and optimizing online stores and shopping websites. They focus on user experience, product presentation, and conversion rate optimization to drive online sales and customer engagement.","E-commerce web design UX/UI design Shopping cart integration Payment gateway integration Mobile responsiveness E-commerce platforms (e.g., Shopify)"
Corporate Event Planner,"Corporate Event Planners organize business-related events such as seminars, conferences, and product launches, ensuring they meet corporate goals and standards.",Corporate event planning Corporate branding Corporate communication Audiovisual equipment Crisis management
Customer Success Manager,"Customer Success Managers focus on ensuring customer satisfaction and retention. They build relationships with clients, understand their needs, and work to maximize the value customers receive from products or services, ultimately driving customer success and loyalty.",Customer relationship management Onboarding and training Customer feedback analysis Retention strategies Cross-selling and upselling Strong communication and empathy Customer advocacy
Manufacturing Engineer,"Manufacturing Engineers optimize manufacturing processes, improve production efficiency, and ensure product quality in manufacturing environments.",Manufacturing processes knowledge CAD/CAM software proficiency Lean manufacturing principles Quality control and assurance Six Sigma certification
Sustainable Design Specialist,"Sustainable Design Specialists incorporate eco-friendly practices into architectural designs, promoting energy efficiency and environmental sustainability.",Sustainable design principles Energy efficiency LEED certification Green building materials Environmental impact assessment
Systems Administrator,"Manage and maintain an organizations IT infrastructure, including servers, hardware, and software systems.","System administration Server maintenance Active Directory Backup and recovery Cloud computing (e.g., AWS, Azure) Troubleshooting IT security best practices Collaboration Problem-solving Attention to detail Communication skills Technical knowledge"
Wedding Planner,"Wedding Planners specialize in organizing weddings, assisting couples with every aspect of wedding planning, from venue selection to catering and decor.",Wedding planning Venue selection Catering and menu planning Floral and decor design Wedding etiquette
Wireless Network Engineer,"Wireless Network Engineers design, implement, and maintain wireless network solutions. They optimize wireless connectivity, troubleshoot issues, and ensure reliable and secure wireless communications.",Wireless network design and architecture Wi-Fi standards and protocols RF (Radio Frequency) planning and optimization Wireless security protocols Troubleshooting wireless network issues
Help Desk Support Specialist,"Help Desk Support Specialists provide technical assistance and support to end-users, resolving IT issues and ensuring smooth operations.",Technical troubleshooting Customer service and communication Ticketing system usage Basic IT knowledge Problem-solving and critical-thinking skills
Desktop Support Technician,"Desktop Support Technicians troubleshoot and maintain desktop computer systems, resolving hardware and software problems for users.","Desktop hardware and software troubleshooting Operating system expertise (e.g., Windows, macOS) Remote desktop support Hardware and software upgrades Customer service skills"
Procurement Manager,"Procurement Managers oversee procurement processes, managing vendor relationships, negotiating contracts, and ensuring cost-effective purchasing of goods and services.",Procurement strategies Supplier management Negotiation Cost analysis Supply chain management
Litigation Support Specialist,"Assist in the preparation of litigation cases, manage electronic discovery, and handle technical aspects of trial preparation.","E-discovery tools and processes Document review and production Litigation support software (e.g., Relativity) Data analysis Case management Communication with legal teams Technical proficiency Attention to detail Problem-solving Legal research skills"
Exotic Animal Veterinarian,"Provide medical care and treatment to exotic animals, diagnose illnesses, perform surgeries, and educate owners on animal care.",Exotic animal medicine Exotic animal diagnostics Specialized surgical skills Avian medicine Reptile care Amphibian care Exotic animal anesthesia Compassion and empathy Client communication Problem-solving Attention to detail
Studio Art Teacher,"A Studio Art Teacher instructs students in studio art practices, providing hands-on guidance in creating art and fostering artistic expression and skill development.",Art instruction Classroom management Art techniques Lesson planning Student assessment
Backend Developer,"A Backend Developer is tasked with building and maintaining the server-side logic and database infrastructure of web applications. They work on the core functionality, data storage, and server communication to ensure the application runs smoothly and efficiently.","Proficiency in one or more backend programming languages (e.g., Java, Python, Node.js, Ruby) API development Database management (SQL or NoSQL) Server management and deployment Security best practices Knowledge of web frameworks (e.g., Express, Django)"
SEO Content Strategist,"As an SEO Content Strategist, your primary responsibility is to develop and execute content strategies that enhance our online presence. You will conduct keyword research, optimize website content, and collaborate with the marketing team to improve search engine rankings and drive organic traffic. Your role involves staying updated with SEO trends and implementing best practices to boost our websites visibility and engagement.",SEO (Search Engine Optimization) Content strategy Keyword research Content optimization Content planning Analytics and reporting
Account Manager,"An Account Manager builds and maintains relationships with clients or customers, ensuring their needs are met and promoting products or services to drive revenue and growth.",Account management Customer relationship management Sales and negotiation Business development Client needs analysis
Account Executive,"Account Executives manage and grow relationships with existing clients or customers. They understand client needs, propose solutions, negotiate contracts, and ensure customer satisfaction, often working closely with sales and customer support teams.",Sales strategy and planning Account management Customer relationship management Solution selling Sales forecasting Contract negotiation Sales metrics and reporting
Customer Support Specialist,A Customer Support Specialist assists customers with inquiries or issues related to a companys products or services. They provide solutions and maintain customer satisfaction.,Customer service Problem-solving Communication skills Ticketing system usage Product knowledge
Backend Developer,"A Backend Developer is tasked with building and maintaining the server-side logic and database infrastructure of web applications. They work on the core functionality, data storage, and server communication to ensure the application runs smoothly and efficiently.","Proficiency in one or more backend programming languages (e.g., Java, Python, Node.js, Ruby) API development Database management (SQL or NoSQL) Server management and deployment Security best practices Knowledge of web frameworks (e.g., Express, Django)"
Network Administrator,"Network Administrators manage an organizations computer networks. They configure, monitor, and maintain network infrastructure, ensuring optimal performance and security.","Network management Troubleshooting Network security IT certifications (e.g., CCNA)"
User Interface Designer,"User Interface Designers focus on the visual and interactive aspects of digital interfaces. They design layouts, buttons, and other elements to ensure a cohesive and visually appealing user interface.","UI design principles and best practices Graphic design tools (e.g., Adobe Photoshop, Illustrator) Typography and color theory Visual design and layout Responsive design"
Quality Control Analyst,"In the role of a Quality Control Analyst, you will be responsible for inspecting and testing products to ensure they meet quality standards and specifications. You will use quality control tools and processes to identify defects, document findings, and recommend improvements. Your role is essential in maintaining product quality and customer satisfaction.",Quality control Quality assurance QC testing methods Compliance standards Root cause analysis Documentation Statistical analysis
Content Creator,"Create engaging and relevant content, such as articles, videos, or social media posts, to promote brands or products.","Content creation (e.g., writing, editing, graphic design, video production) Content marketing Social media management SEO optimization Creative storytelling Audience engagement Analytics and reporting Adaptability Communication skills Creativity"
QA Manager,"A QA Manager is responsible for leading and managing the quality assurance team. They ensure product quality, develop and implement QA processes, and maintain quality standards.",Quality assurance Process improvement Team leadership Problem-solving Quality control
Clinical Nurse Specialist,"A Clinical Nurse Specialist is an advanced practice nurse who specializes in specific patient populations or clinical areas, providing expert care and contributing to improved patient outcomes.","Clinical nursing specialization (e.g., critical care, oncology) Advanced nursing skills Patient education"
Customer Experience Strategist,"Customer Experience Strategists develop and execute strategies to enhance the overall customer experience. They analyze customer feedback, identify pain points, and work across departments to improve products, services, and customer interactions.",Customer experience strategy Customer journey mapping Feedback analysis User research Metrics and KPIs Communication skills
Sales Account Manager,"A Sales Account Manager is responsible for building and maintaining relationships with clients, identifying their needs, and proposing tailored solutions to achieve sales targets.",Account management Sales strategy Negotiation and closing skills
Digital Marketing Director,"Digital Marketing Directors lead digital marketing efforts. They develop and execute digital strategies, oversee campaigns, and measure performance to achieve marketing goals.",Digital marketing strategy Marketing analytics Team leadership Content marketing SEO and SEM proficiency
Data Scientist,"Data Scientists use their expertise in data analysis and machine learning to extract valuable insights and predictions from data. They build and train models, conduct statistical analysis, and communicate findings to drive data-driven decision-making in the organization.","Machine learning algorithms and libraries (e.g., scikit-learn, TensorFlow, PyTorch) Statistical analysis and modeling Data preprocessing and cleaning Big data technologies (e.g., Hadoop, Spark) Data visualization Strong programming skills (Python, R)"
Sales Account Manager,"A Sales Account Manager is responsible for building and maintaining relationships with clients, identifying their needs, and proposing tailored solutions to achieve sales targets.",Account management Sales strategy Negotiation and closing skills
Backend Developer,"A Backend Developer is tasked with building and maintaining the server-side logic and database infrastructure of web applications. They work on the core functionality, data storage, and server communication to ensure the application runs smoothly and efficiently.","Proficiency in one or more backend programming languages (e.g., Java, Python, Node.js, Ruby) API development Database management (SQL or NoSQL) Server management and deployment Security best practices Knowledge of web frameworks (e.g., Express, Django)"
Technical Copywriter,"Technical Copywriters create content that explains complex technical concepts in a clear and accessible manner. They often write user manuals, product documentation, and technical guides to assist users and customers.",Technical writing Documentation User manuals Technical specifications Industry-specific terminology Research skills
Product Brand Manager,A Product Brand Manager focuses on promoting and managing the brand identity of specific products or product lines within a companys portfolio.,Product branding and marketing Product lifecycle management Cross-functional team collaboration Product launch planning Market segmentation and targeting
Wedding Planner,"Wedding Planners specialize in organizing weddings, assisting couples with every aspect of wedding planning, from venue selection to catering and decor.",Wedding planning Venue selection Catering and menu planning Floral and decor design Wedding etiquette
Social Media Strategist,"Social Media Strategists develop and execute social media strategies to achieve marketing goals. They analyze social media trends, create content calendars, and measure the effectiveness of social media campaigns.",Social media marketing strategy development Content planning and creation Social media advertising and targeting Data-driven decision-making Social media trends and platform updates
Quality Control Manager,"Quality Control Managers establish and enforce quality standards within an organization. They develop quality control processes, perform inspections, and implement corrective actions to maintain product or service quality.","Quality control processes and methodologies Statistical process control (SPC) Root cause analysis and corrective action Quality management systems (e.g., ISO 9001) Compliance and regulatory knowledge"
Business Systems Analyst,"A Business Systems Analyst analyzes business processes and requirements, recommends technology solutions, and bridges the gap between business objectives and IT systems.",Business systems analysis Requirements gathering Process improvement
Supply Chain Coordinator,"A Supply Chain Coordinator manages supply chain operations, coordinates logistics, and ensures the seamless flow of goods and materials throughout the supply chain network.",Supply chain logistics Inventory management Communication skills Problem-solving Vendor coordination
Data Entry Specialist,"Accurately input and maintain data in databases or spreadsheets, ensuring data integrity and organization.","Data entry accuracy and speed Database software (e.g., Microsoft Access, Excel) Attention to detail Time management Organization Multitasking Keyboarding skills Data verification Problem-solving Communication skills Computer proficiency"
Bridge Engineer,"A Bridge Engineer specializes in designing and maintaining bridges, ensuring their structural integrity, safety, and compliance with engineering standards and regulations.",Bridge design Civil engineering Structural analysis AutoCAD proficiency Project management
Commercial Interior Designer,A Commercial Interior Designer focuses on designing interior spaces for businesses and commercial properties. They optimize layouts for productivity and aesthetics.,Commercial interior design Workplace ergonomics Building codes and regulations knowledge Sustainable design principles AutoCAD and Revit proficiency
Network Security Specialist,"Network Security Specialists focus on network security. They implement security measures, monitor for threats, and respond to security incidents to protect network integrity.",Network security Cybersecurity Intrusion detection Security analysis Firewall management
Interaction Designer,Interaction Designers specialize in designing user interactions within digital interfaces. They create meaningful and engaging user experiences by considering user behaviors and system responses.,Interaction design principles User behavior and psychology Wireframing and prototyping tools Animation and micro-interaction design Collaborative design processes
Business Intelligence Analyst,"Business Intelligence Analysts gather and analyze data to provide valuable insights to support decision-making within an organization. They create reports, dashboards, and data visualizations to help stakeholders understand trends, patterns, and opportunities in the data.","Data analysis and visualization tools (e.g., Tableau, Power BI) SQL and database querying Business intelligence concepts Data modeling and reporting Strong analytical and problem-solving skills Data-driven decision-making"
Corporate Attorney,"Corporate Attorneys provide legal counsel and representation to organizations. They handle legal matters, contracts, mergers, acquisitions, and ensure compliance with laws and regulations relevant to the business.",Corporate law and regulations Contract drafting and negotiation Legal research and analysis Risk management Excellent communication and negotiation skills
IT Support Specialist,"IT Support Specialists provide technical assistance to end-users, troubleshooting hardware and software problems, setting up equipment, and maintaining IT infrastructure.",Technical troubleshooting Hardware and software support Customer service Problem-solving Communication
Quality Assurance Analyst,"A Quality Assurance Analyst tests software and products to ensure they meet quality standards. They identify defects, report issues, and work with development teams to resolve problems.","Quality assurance processes Testing methodologies (e.g., manual, automated) Bug tracking and reporting Test case development Regression testing"
Residential Landscape Designer,Create aesthetically pleasing and functional landscape designs for residential properties.,Landscape design Plant selection and care Hardscape design
Child Welfare Worker,"Work with at-risk children and families, assess needs, provide support, and ensure child safety and well-being.",Child welfare policies and regulations Child protective services Child development Crisis intervention Case management Cultural competence Interviewing and assessment skills Court procedures Documentation Empathy Communication skills
Brand Strategist,A Brand Strategist develops strategies to build and strengthen a companys brand identity. They research market trends and consumer preferences to guide branding decisions.,Brand strategy development Market research and analysis Competitive analysis Brand positioning and messaging Creative direction and collaboration
Clinical Nurse Manager,"Clinical Nurse Managers lead and supervise nursing staff in clinical settings. They coordinate patient care, manage resources, and support nursing teams in providing safe and effective patient treatment.",Clinical nursing Patient assessment Care planning Staff development Healthcare protocols Communication skills Problem-solving abilities
Corporate Event Planner,"Corporate Event Planners organize business-related events such as seminars, conferences, and product launches, ensuring they meet corporate goals and standards.",Corporate event planning Corporate branding Corporate communication Audiovisual equipment Crisis management
CAD Technician,Create and modify technical drawings using computer-aided design (CAD) software for various engineering projects.,Computer-aided design (CAD) software Technical drawing Blueprint interpretation Drafting standards Engineering principles Collaboration with engineers Problem-solving Attention to detail Communication skills 3D modeling (if applicable)
Employee Development Manager,"An Employee Development Manager focuses on employee growth and skill development, designing and implementing training programs to enhance employee capabilities and performance.",Training and development Performance management Learning programs Employee engagement Coaching and mentoring
Interaction Designer,Interaction Designers specialize in designing user interactions within digital interfaces. They create meaningful and engaging user experiences by considering user behaviors and system responses.,Interaction design principles User behavior and psychology Wireframing and prototyping tools Animation and micro-interaction design Collaborative design processes
Research Chemist,"As a Research Chemist, you will engage in scientific research and experimentation to discover and develop new chemical compounds or processes. Your work may involve designing experiments, analyzing data, and publishing research findings. Your role contributes to the advancement of scientific knowledge and may have applications in various industries.",Research chemistry Experimental design Data interpretation Chemical synthesis Research protocols Scientific writing Problem-solving skills
Office Coordinator,"Office Coordinators provide administrative support within an office. They assist with tasks like scheduling, record-keeping, and communication to ensure efficient office operations.",Office administration Calendar management Reception duties Communication skills Record keeping Office supplies management
Interaction Designer,Interaction Designers specialize in designing user interactions within digital interfaces. They create meaningful and engaging user experiences by considering user behaviors and system responses.,Interaction design principles User behavior and psychology Wireframing and prototyping tools Animation and micro-interaction design Collaborative design processes
Java Backend Developer,"Java Backend Developers specialize in building the server-side components of software applications using Java. They work on database integration, server logic, and performance optimization to ensure efficient and reliable backend functionality.","Backend development RESTful APIs Database integration Java EE (Enterprise Edition) Performance optimization Version control (e.g., Git)"
Search Engine Marketer,"Search Engine Marketers optimize online content for search engines. They use SEO strategies to improve website rankings, increase organic traffic, and enhance online visibility.",Search engine marketing PPC advertising SEO strategy Data analysis Digital marketing skills
Sales Representative,"Sales Representatives promote and sell products or services to customers, build relationships, and meet sales targets through effective communication and negotiation.",Sales techniques and strategies Relationship building CRM software usage Product knowledge Negotiation and closing skills
Brand Strategist,A Brand Strategist develops strategies to build and strengthen a companys brand identity. They research market trends and consumer preferences to guide branding decisions.,Brand strategy development Market research and analysis Competitive analysis Brand positioning and messaging Creative direction and collaboration
Technical Writer,"Technical Writers specialize in creating user-friendly documentation and manuals for technical products and services. They translate complex technical information into accessible, understandable content.",Technical documentation Technical knowledge Writing skills Editing User manuals
Purchasing Coordinator,"Purchasing Coordinators manage procurement processes. They source and purchase goods and services, negotiate with suppliers, and ensure cost-effective and timely acquisitions.",Procurement Supplier management Negotiation Supply chain management Inventory control Vendor relations
Digital Marketing Coordinator,"Digital Marketing Coordinators manage online marketing efforts, including social media, email marketing, and SEO, to drive digital engagement and growth.",Digital marketing strategy development Social media advertising Email marketing Google Analytics and SEO Content management systems (CMS) proficiency
Interaction Designer,Interaction Designers specialize in designing user interactions within digital interfaces. They create meaningful and engaging user experiences by considering user behaviors and system responses.,Interaction design principles User behavior and psychology Wireframing and prototyping tools Animation and micro-interaction design Collaborative design processes
Help Desk Support Specialist,"Help Desk Support Specialists provide technical assistance and support to end-users, resolving IT issues and ensuring smooth operations.",Technical troubleshooting Customer service and communication Ticketing system usage Basic IT knowledge Problem-solving and critical-thinking skills
Litigation Support Specialist,"Assist in the preparation of litigation cases, manage electronic discovery, and handle technical aspects of trial preparation.","E-discovery tools and processes Document review and production Litigation support software (e.g., Relativity) Data analysis Case management Communication with legal teams Technical proficiency Attention to detail Problem-solving Legal research skills"
Systems Administrator,"Manage and maintain an organizations IT infrastructure, including servers, hardware, and software systems.","System administration Server maintenance Active Directory Backup and recovery Cloud computing (e.g., AWS, Azure) Troubleshooting IT security best practices Collaboration Problem-solving Attention to detail Communication skills Technical knowledge"
Account Executive,"Account Executives manage and grow relationships with existing clients or customers. They understand client needs, propose solutions, negotiate contracts, and ensure customer satisfaction, often working closely with sales and customer support teams.",Sales strategy and planning Account management Customer relationship management Solution selling Sales forecasting Contract negotiation Sales metrics and reporting
SEO Content Strategist,"As an SEO Content Strategist, your primary responsibility is to develop and execute content strategies that enhance our online presence. You will conduct keyword research, optimize website content, and collaborate with the marketing team to improve search engine rankings and drive organic traffic. Your role involves staying updated with SEO trends and implementing best practices to boost our websites visibility and engagement.",SEO (Search Engine Optimization) Content strategy Keyword research Content optimization Content planning Analytics and reporting
Equine Veterinarian,"An Equine Veterinarian specializes in the health and well-being of horses. They diagnose and treat equine illnesses, perform surgeries, and provide preventive care for horses.",Equine veterinary medicine Horse anatomy and physiology Lameness evaluation Equine surgery Dentistry for horses Emergency equine care Equine reproductive health Compassion and empathy Client communication Problem-solving Attention to detail
Digital Marketing Coordinator,"Digital Marketing Coordinators manage online marketing efforts, including social media, email marketing, and SEO, to drive digital engagement and growth.",Digital marketing strategy development Social media advertising Email marketing Google Analytics and SEO Content management systems (CMS) proficiency
Social Media Manager,"Social Media Managers oversee an organizations social media presence. They create and schedule content, engage with followers, and analyze social media metrics to drive brand awareness and engagement.","Social media platforms (e.g., Facebook, Twitter, Instagram) Content creation and scheduling Social media analytics and insights Community engagement Paid social advertising"
Systems Administrator,"Manage and maintain an organizations IT infrastructure, including servers, hardware, and software systems.","System administration Server maintenance Active Directory Backup and recovery Cloud computing (e.g., AWS, Azure) Troubleshooting IT security best practices Collaboration Problem-solving Attention to detail Communication skills Technical knowledge"
Mergers and Acquisitions Advisor,"A Mergers and Acquisitions Advisor assists in evaluating potential mergers and acquisitions, conducting due diligence, and providing strategic recommendations for corporate transactions.",Mergers and acquisitions (M&A) expertise Due diligence Valuation techniques
SEO Analyst,"SEO Analysts optimize websites for search engines, conduct keyword research, analyze performance metrics, and implement strategies to improve search rankings.","Search engine optimization Keyword research SEO tools (e.g., Google Analytics, SEMrush) On-page and off-page optimization"
Backend Developer,"A Backend Developer is tasked with building and maintaining the server-side logic and database infrastructure of web applications. They work on the core functionality, data storage, and server communication to ensure the application runs smoothly and efficiently.","Proficiency in one or more backend programming languages (e.g., Java, Python, Node.js, Ruby) API development Database management (SQL or NoSQL) Server management and deployment Security best practices Knowledge of web frameworks (e.g., Express, Django)"
Sales Team Leader,"Lead and motivate sales teams, set sales targets, and develop sales strategies to meet goals.",Sales leadership Team management Sales strategy and planning
UI/UX Developer,A UI/UX Developer combines design and technical skills to create user-friendly interfaces for digital products. They ensure a seamless and visually appealing user experience.,"User interface (UI) design User experience (UX) design Web design principles Prototyping and wireframing Front-end development languages (e.g., HTML, CSS, JavaScript) Interaction design User testing Responsive design Usability testing Collaboration Attention to detail"
Content Marketing Manager,"Content Marketing Managers oversee the creation and distribution of content to attract and engage customers. They develop content strategies, manage content teams, and track performance metrics to optimize content marketing efforts.",Content strategy Content creation Blog management Content promotion SEO Analytics and reporting
Interior Designer,"Interior Designers plan and design interior spaces to meet the functional and aesthetic needs of clients. They select furniture, colors, materials, and layouts to create visually appealing and functional interiors for homes and businesses.","Interior design Space planning Color theory Material selection CAD software (e.g., SketchUp) Client collaboration Budget management"
Web Designer,"A Web Designer specializes in designing visually appealing and responsive websites. They create layouts, graphics, and user interfaces to enhance the online presence of businesses.","Web design concepts Graphic design software (e.g., Adobe Creative Suite) HTML and CSS Responsive design User interface (UI) principles Visual communication Typography Color theory Creativity Attention to detail Collaboration"
Office Manager,"Office Managers oversee daily office operations, including supervising staff, managing facilities, and ensuring efficient workflow. They may also handle budgeting, resource allocation, and office policies.",Office administration and management Budgeting and expense tracking Team coordination and supervision Facility management Vendor and supplier relations
Agile Project Manager,"The Agile Project Manager leads Agile teams, facilitating effective project development and delivery. They use Agile methodologies to manage tasks, prioritize work, and adapt to changing requirements while fostering collaboration among team members.","Agile methodologies Scrum or Kanban Team collaboration Agile tools (e.g., Jira)"
Employee Development Manager,"An Employee Development Manager focuses on employee growth and skill development, designing and implementing training programs to enhance employee capabilities and performance.",Training and development Performance management Learning programs Employee engagement Coaching and mentoring
UX/UI Designer,A UX/UI Designer focuses on enhancing user experiences by designing intuitive interfaces. They consider user needs and preferences to create visually appealing and functional designs.,User experience (UX) design User interface (UI) design Wireframing and prototyping Usability testing Design tools like Sketch or Figma
Employee Development Manager,"An Employee Development Manager focuses on employee growth and skill development, designing and implementing training programs to enhance employee capabilities and performance.",Training and development Performance management Learning programs Employee engagement Coaching and mentoring
UX/UI Designer,A UX/UI Designer focuses on enhancing user experiences by designing intuitive interfaces. They consider user needs and preferences to create visually appealing and functional designs.,User experience (UX) design User interface (UI) design Wireframing and prototyping Usability testing Design tools like Sketch or Figma
Family Counselor,"A Family Counselor works with families to address interpersonal issues, improve communication, and resolve conflicts, fostering healthier family dynamics.",Family counseling Marriage and family therapy Conflict resolution skills
Mobile App Developer,Mobile App Developers design and develop mobile applications for various platforms. They collaborate with cross-functional teams to create user-friendly and functional mobile apps that meet user needs.,"Mobile app development languages (e.g., Java, Swift, Kotlin) Cross-platform development (e.g., React Native, Flutter) Mobile app design principles APIs and web services integration Debugging and troubleshooting"
NoSQL Database Engineer,"NoSQL Database Engineers work with non-relational databases to store and manage large volumes of unstructured or semi-structured data. They design data models, optimize database performance, and ensure scalability and data consistency.","NoSQL databases (e.g., MongoDB, Cassandra) Data modeling Data migration Performance tuning Scalability Distributed systems"
Customer Support Specialist,A Customer Support Specialist assists customers with inquiries or issues related to a companys products or services. They provide solutions and maintain customer satisfaction.,Customer service Problem-solving Communication skills Ticketing system usage Product knowledge
Customer Success Manager,"Customer Success Managers focus on ensuring customer satisfaction and retention. They build relationships with clients, understand their needs, and work to maximize the value customers receive from products or services, ultimately driving customer success and loyalty.",Customer relationship management Onboarding and training Customer feedback analysis Retention strategies Cross-selling and upselling Strong communication and empathy Customer advocacy
Tax Accountant,"Tax Accountants specialize in tax-related matters. They prepare tax returns, assist with tax planning, and ensure compliance with tax laws and regulations. They stay updated on tax codes and advise organizations on tax strategies.",Tax preparation Tax planning Tax regulations Accounting Tax software proficiency
Network Security Analyst,"Protect an organizations computer networks and systems from security threats, monitor network traffic, and respond to incidents.",Network security protocols Intrusion detection and prevention Security incident response Firewall administration Vulnerability assessment Security policies and procedures Log analysis Ethical hacking Problem-solving Communication skills Attention to detail
Backend Developer,"A Backend Developer is tasked with building and maintaining the server-side logic and database infrastructure of web applications. They work on the core functionality, data storage, and server communication to ensure the application runs smoothly and efficiently.","Proficiency in one or more backend programming languages (e.g., Java, Python, Node.js, Ruby) API development Database management (SQL or NoSQL) Server management and deployment Security best practices Knowledge of web frameworks (e.g., Express, Django)"
Quality Assurance Analyst,"A Quality Assurance Analyst tests software and products to ensure they meet quality standards. They identify defects, report issues, and work with development teams to resolve problems.","Quality assurance processes Testing methodologies (e.g., manual, automated) Bug tracking and reporting Test case development Regression testing"
UI/UX Designer,"UI/UX Designers focus on creating user-friendly and visually appealing interfaces for digital products. They conduct user research, design wireframes and prototypes, and collaborate with development teams to ensure a seamless and enjoyable user experience.","User interface (UI) design User experience (UX) design Wireframing and prototyping tools (e.g., Sketch, Figma) Usability testing Information architecture Interaction design Mobile and responsive design"
Retirement Planner,"Retirement Planners assist clients in planning for retirement, including savings strategies, pension options, and retirement income planning.",Retirement planning Social security Investment products Tax planning Estate planning
Email Campaign Manager,"Plan, execute, and analyze email marketing campaigns to engage subscribers, increase conversions, and build brand awareness.","Email marketing strategies Email marketing platforms (e.g., MailChimp, HubSpot) Audience segmentation A/B testing Campaign analytics Copywriting HTML/CSS for email Marketing automation Communication skills Data analysis Attention to detail"
Training Coordinator,"Training Coordinators design and implement employee training programs. They assess training needs, develop training materials, and facilitate training sessions to enhance employees skills and knowledge.",Training program coordination Training material development Learning management systems
Corporate Attorney,"Corporate Attorneys provide legal counsel and representation to organizations. They handle legal matters, contracts, mergers, acquisitions, and ensure compliance with laws and regulations relevant to the business.",Corporate law and regulations Contract drafting and negotiation Legal research and analysis Risk management Excellent communication and negotiation skills
DevOps Engineer,"DevOps Engineers focus on automating and streamlining the development and deployment processes. They work to improve collaboration between development and IT operations, implementing tools and practices for continuous integration and continuous delivery (CI/CD).","Automation and scripting (e.g., Python, Bash) Continuous Integration/Continuous Deployment (CI/CD) Containerization (e.g., Docker, Kubernetes) Infrastructure as Code (e.g., Terraform, Ansible) Cloud platforms (e.g., AWS, Azure, GCP) Monitoring and troubleshooting skills"
Interaction Designer,Interaction Designers specialize in designing user interactions within digital interfaces. They create meaningful and engaging user experiences by considering user behaviors and system responses.,Interaction design principles User behavior and psychology Wireframing and prototyping tools Animation and micro-interaction design Collaborative design processes
Community Manager,"Community Managers build and engage online communities around a brand or product. They interact with community members, moderate discussions, and foster a sense of belonging and loyalty among community members.",Community engagement and moderation Online community-building strategies Content curation and creation Crisis management and conflict resolution Analytics and reporting
Quality Assurance Analyst,"A Quality Assurance Analyst tests software and products to ensure they meet quality standards. They identify defects, report issues, and work with development teams to resolve problems.","Quality assurance processes Testing methodologies (e.g., manual, automated) Bug tracking and reporting Test case development Regression testing"
Architectural Designer,"Architectural Designers create architectural plans and designs for buildings and structures, considering aesthetics, functionality, and safety standards.","Architectural design software (e.g., AutoCAD, Revit) Building codes and regulations 3D modeling Visualization Sustainable design"
Treasury Manager,"Treasury Managers manage a companys treasury operations. They oversee cash management, investments, and financial risk management to maintain liquidity and financial stability.",Treasury management Cash flow analysis Risk management Financial forecasting Banking relations
Copywriter,"Copywriters create compelling written content for various mediums, such as advertising, websites, and marketing materials. They craft persuasive and engaging messages that resonate with target audiences.",Copywriting Content creation SEO Marketing strategies Creativity
DevOps Engineer,"DevOps Engineers focus on automating and streamlining the development and deployment processes. They work to improve collaboration between development and IT operations, implementing tools and practices for continuous integration and continuous delivery (CI/CD).","Automation and scripting (e.g., Python, Bash) Continuous Integration/Continuous Deployment (CI/CD) Containerization (e.g., Docker, Kubernetes) Infrastructure as Code (e.g., Terraform, Ansible) Cloud platforms (e.g., AWS, Azure, GCP) Monitoring and troubleshooting skills"
Customer Success Manager,"Customer Success Managers focus on ensuring customer satisfaction and retention. They build relationships with clients, understand their needs, and work to maximize the value customers receive from products or services, ultimately driving customer success and loyalty.",Customer relationship management Onboarding and training Customer feedback analysis Retention strategies Cross-selling and upselling Strong communication and empathy Customer advocacy
Logistics Analyst,"A Logistics Analyst analyzes and optimizes logistics and supply chain operations, identifying cost-saving opportunities, improving transportation efficiency, and enhancing supply chain performance.",Supply chain analysis Data analytics Inventory management Transportation planning Problem-solving
Security Consultant,"A Security Consultant is responsible for assessing an organizations security infrastructure, identifying vulnerabilities, and recommending solutions to enhance security. They conduct risk assessments, implement security measures, and provide guidance on security policies and procedures.",Security consulting Risk assessment Security audits Security policy development Penetration testing Client communication
Paid Advertising Specialist,Paid Advertising Specialists manage paid advertising campaigns. They use platforms like Google Ads and social media advertising to reach target audiences and achieve marketing goals.,Google Ads management PPC campaign optimization Keyword research Ad copywriting A/B testing Conversion tracking
Interaction Designer,Interaction Designers specialize in designing user interactions within digital interfaces. They create meaningful and engaging user experiences by considering user behaviors and system responses.,Interaction design principles User behavior and psychology Wireframing and prototyping tools Animation and micro-interaction design Collaborative design processes
Brand Promoter,"Brand Promoters are responsible for promoting a companys brand or products. They engage with the target audience, create marketing strategies, and build brand awareness.",Brand promotion Marketing knowledge Communication skills Sales techniques Product knowledge
Inventory Control Specialist,"Inventory Control Specialists manage and optimize inventory levels in a business. They track stock, monitor demand, and implement inventory control procedures to ensure efficient operations and minimize carrying costs.",Inventory management Stock control Demand forecasting Inventory tracking systems Supply chain coordination Problem-solving skills
Executive Assistant,"Support high-level executives by managing schedules, coordinating meetings, and handling various administrative tasks.","Calendar management Travel coordination Meeting scheduling Correspondence and communication Office organization Confidentiality Time management Problem-solving Attention to detail Communication skills Technology proficiency (e.g., MS Office)"
Visual Designer,"Visual Designers create visual content, including graphics, illustrations, and layouts, to convey messages and enhance brand identity.",Graphic design Typography User interface (UI) design Adobe Creative Suite proficiency Branding and visual identity creation
Automation Tester,An Automation Tester uses automated testing tools to verify the functionality and performance of software applications. They create and execute automated test scripts.,"Test automation tools (e.g., Selenium, Appium) Scripting languages (e.g., Python, Java) Test framework development Continuous integration tools Test data management"
Java Software Engineer,"Java Software Engineers develop and maintain software applications using the Java programming language. They write code, debug applications, and collaborate with cross-functional teams to deliver high-quality software solutions.","Java programming Java frameworks (e.g., Spring) Object-oriented design Code debugging Software development Problem-solving skills"
Project Architect,"Project Architects lead architectural projects, from concept to completion, coordinating design teams, managing budgets, and ensuring compliance with regulations.",Architectural project management Construction documents Building systems Design coordination Client communication
Data Analyst Researcher,A Data Analyst Researcher conducts research and analysis using data to support academic or scientific inquiries. They contribute to research projects and publish findings.,"Data analysis techniques Research methodologies Data collection and interpretation Statistical analysis software (e.g., R, Python) Data visualization tools (e.g., Tableau, Power BI) Research report writing Critical thinking Problem-solving Communication skills Attention to detail"
Equine Veterinarian,"An Equine Veterinarian specializes in the health and well-being of horses. They diagnose and treat equine illnesses, perform surgeries, and provide preventive care for horses.",Equine veterinary medicine Horse anatomy and physiology Lameness evaluation Equine surgery Dentistry for horses Emergency equine care Equine reproductive health Compassion and empathy Client communication Problem-solving Attention to detail
Mental Health Occupational Therapist,A Mental Health Occupational Therapist assists individuals with mental health conditions in improving their daily functioning and coping skills through therapy and interventions.,Mental health assessment and evaluation Psychotherapy techniques Cognitive-behavioral therapy (CBT) Trauma-informed care Crisis intervention Substance abuse treatment Group therapy Cultural competence Ethical standards and boundaries Active listening skills
Copywriter,"Copywriters create compelling written content for various mediums, such as advertising, websites, and marketing materials. They craft persuasive and engaging messages that resonate with target audiences.",Copywriting Content creation SEO Marketing strategies Creativity
Environmental Designer,"Design outdoor spaces, parks, and landscapes with an emphasis on environmental sustainability.",Environmental design principles Sustainability concepts CAD and design software
Account Manager,"An Account Manager builds and maintains relationships with clients or customers, ensuring their needs are met and promoting products or services to drive revenue and growth.",Account management Customer relationship management Sales and negotiation Business development Client needs analysis
Automation Tester,An Automation Tester uses automated testing tools to verify the functionality and performance of software applications. They create and execute automated test scripts.,"Test automation tools (e.g., Selenium, Appium) Scripting languages (e.g., Python, Java) Test framework development Continuous integration tools Test data management"
Java Web Application Developer,"Java Web Application Developers create web applications using Java technologies. They develop user interfaces, integrate backend systems, and ensure the functionality and security of web applications to provide a seamless user experience.","Web application development Java web frameworks (e.g., Servlets, JSP) Frontend integration User authentication Security protocols Code documentation"
Network Administrator,"Network Administrators manage an organizations computer networks. They configure, monitor, and maintain network infrastructure, ensuring optimal performance and security.","Network management Troubleshooting Network security IT certifications (e.g., CCNA)"
Environmental Compliance Officer,"Environmental Compliance Officers ensure that organizations adhere to environmental regulations and standards. They conduct audits, develop compliance programs, and oversee efforts to minimize environmental impact and maintain regulatory compliance.",Environmental compliance Regulatory requirements Environmental impact assessments Reporting Environmental regulations Auditing
Technical Product Manager,"Technical Product Managers oversee the development and enhancement of technical products. They define product requirements, prioritize features, collaborate with development teams, and ensure the product aligns with the companys strategic goals and market needs.",Product management principles Technical background Agile development methodologies Product roadmap planning Market research and analysis Stakeholder communication Problem-solving skills
Trial Attorney,"Trial Attorneys represent clients in legal proceedings. They prepare cases, conduct trials, and provide legal counsel to clients involved in civil or criminal litigation.",Litigation Legal research Courtroom representation Case preparation Client counseling Legal writing
Lighting Designer,"Lighting Designers create lighting plans for architectural and artistic purposes. They enhance spaces with lighting effects, aesthetics, and energy-efficient lighting solutions.",Lighting design Architectural lighting Lighting software proficiency Creative lighting concepts Technical knowledge
Content Strategist,"Content Strategists develop and execute content strategies that align with business objectives. They plan content creation, distribution, and promotion to engage audiences and drive brand growth.",Content strategy Content planning SEO optimization Content marketing Analytics
Primary Care Physician Assistant,"Provide medical care under the supervision of physicians, conduct examinations, diagnose and treat patients.",Medical knowledge and clinical skills Patient care and assessment Communication and empathy
Fine Arts Instructor,"A Fine Arts Instructor teaches various forms of fine arts, such as painting, sculpture, or drawing, to students, guiding them in developing their artistic skills and creativity.",Artistic skills Teaching ability Communication skills Art history knowledge Creativity
Frontend Developer,"A Frontend Developer is responsible for designing and implementing user interfaces for web applications. They collaborate with designers to create visually appealing and responsive web pages, ensuring a seamless user experience across different devices and browsers.","Proficiency in HTML, CSS, and JavaScript Experience with frontend frameworks like React, Angular, or Vue.js Responsive web design Cross-browser compatibility Version control (e.g., Git) Frontend performance optimization"
Content Writer,"Content Writers create written content for various platforms. They produce articles, blog posts, and web content to inform, educate, or entertain audiences.",Writing skills Content creation SEO knowledge Research skills Grammar and proofreading
Frontend Developer,"A Frontend Developer is responsible for designing and implementing user interfaces for web applications. They collaborate with designers to create visually appealing and responsive web pages, ensuring a seamless user experience across different devices and browsers.","Proficiency in HTML, CSS, and JavaScript Experience with frontend frameworks like React, Angular, or Vue.js Responsive web design Cross-browser compatibility Version control (e.g., Git) Frontend performance optimization"
Classroom Teacher,"A Classroom Teacher educates students in a specific subject or grade level. They create lesson plans, deliver instruction, assess student progress, and foster a positive learning environment.",Teaching pedagogy Classroom management Curriculum development Student assessment Differentiated instruction
Benefits Coordinator,"Benefits Coordinators administer employee benefit programs, including health insurance, retirement plans, and other perks. They assist employees with benefit inquiries and ensure compliance with benefit policies.",Employee benefits administration Benefits compliance HRIS Benefits communication
Content Creator,"Create engaging and relevant content, such as articles, videos, or social media posts, to promote brands or products.","Content creation (e.g., writing, editing, graphic design, video production) Content marketing Social media management SEO optimization Creative storytelling Audience engagement Analytics and reporting Adaptability Communication skills Creativity"
Logistics Analyst,"A Logistics Analyst analyzes and optimizes logistics and supply chain operations, identifying cost-saving opportunities, improving transportation efficiency, and enhancing supply chain performance.",Supply chain analysis Data analytics Inventory management Transportation planning Problem-solving
Inventory Control Specialist,"Inventory Control Specialists manage and optimize inventory levels in a business. They track stock, monitor demand, and implement inventory control procedures to ensure efficient operations and minimize carrying costs.",Inventory management Stock control Demand forecasting Inventory tracking systems Supply chain coordination Problem-solving skills
Desktop Support Technician,"Desktop Support Technicians troubleshoot and maintain desktop computer systems, resolving hardware and software problems for users.","Desktop hardware and software troubleshooting Operating system expertise (e.g., Windows, macOS) Remote desktop support Hardware and software upgrades Customer service skills"
School Social Worker,"Support students social and emotional well-being in schools, collaborate with educators, and connect families with resources.",School social work principles Student assessment and intervention Special education laws Individualized education plans (IEPs) Crisis management Collaboration with educators Family engagement Advocacy Empathy and communication Documentation Cultural competence Licensing and certification
SEO Specialist,"SEO Specialists optimize websites for search engines to improve online visibility. They conduct keyword research, optimize content, and implement SEO strategies to increase organic traffic and rankings.","Search engine algorithms and ranking factors Keyword research and analysis On-page and off-page SEO optimization SEO tools (e.g., Google Analytics, SEMrush) SEO content strategy"
School Psychologist,"School Psychologists work in educational settings, supporting students emotional and academic development. They provide counseling and assessments to enhance learning outcomes.",School psychology Special education knowledge Assessment and testing Individualized education plans Collaboration skills
Frontend Developer,"A Frontend Developer is responsible for designing and implementing user interfaces for web applications. They collaborate with designers to create visually appealing and responsive web pages, ensuring a seamless user experience across different devices and browsers.","Proficiency in HTML, CSS, and JavaScript Experience with frontend frameworks like React, Angular, or Vue.js Responsive web design Cross-browser compatibility Version control (e.g., Git) Frontend performance optimization"
Dental Hygiene Educator,A Dental Hygiene Educator teaches dental hygiene practices and oral health to students or the community. They promote preventive care and raise awareness about dental health.,Dental hygiene knowledge Teaching and instructional skills Curriculum development Student assessment Clinical practice experience
Strategic Partnerships Manager,"A Strategic Partnerships Manager identifies and develops strategic partnerships and alliances that benefit the organization, fostering collaborations and driving mutual success.",Partnership development Negotiation and collaboration Business development
Sustainable Design Specialist,"Sustainable Design Specialists incorporate eco-friendly practices into architectural designs, promoting energy efficiency and environmental sustainability.",Sustainable design principles Energy efficiency LEED certification Green building materials Environmental impact assessment
Quality Control Manager,"Quality Control Managers establish and enforce quality standards within an organization. They develop quality control processes, perform inspections, and implement corrective actions to maintain product or service quality.","Quality control processes and methodologies Statistical process control (SPC) Root cause analysis and corrective action Quality management systems (e.g., ISO 9001) Compliance and regulatory knowledge"
Equine Veterinarian,"An Equine Veterinarian specializes in the health and well-being of horses. They diagnose and treat equine illnesses, perform surgeries, and provide preventive care for horses.",Equine veterinary medicine Horse anatomy and physiology Lameness evaluation Equine surgery Dentistry for horses Emergency equine care Equine reproductive health Compassion and empathy Client communication Problem-solving Attention to detail
Market Research Analyst,"A Market Research Analyst gathers and analyzes data to provide insights into market trends, consumer behavior, and competitive landscapes. They help businesses make informed decisions.","Market research methodologies Data collection and analysis Consumer behavior analysis Competitor analysis Survey design and analysis Statistical analysis software (e.g., SPSS, SAS) Data visualization Trend analysis Report writing Communication skills Attention to detail"
Automation Tester,An Automation Tester uses automated testing tools to verify the functionality and performance of software applications. They create and execute automated test scripts.,"Test automation tools (e.g., Selenium, Appium) Scripting languages (e.g., Python, Java) Test framework development Continuous integration tools Test data management"
Executive Assistant,"Support high-level executives by managing schedules, coordinating meetings, and handling various administrative tasks.","Calendar management Travel coordination Meeting scheduling Correspondence and communication Office organization Confidentiality Time management Problem-solving Attention to detail Communication skills Technology proficiency (e.g., MS Office)"
Key Account Executive,A Key Account Executive manages strategic accounts for a company. They build strong client relationships and work to expand business opportunities within these key accounts.,Key account management Sales strategy development Negotiation and closing skills Relationship building Industry and market knowledge
Frontend Web Developer,"Frontend Web Developers design and implement user interfaces for websites, ensuring they are visually appealing and user-friendly. They collaborate with designers and backend developers to create seamless web experiences for users.","HTML, CSS, JavaScript Frontend frameworks (e.g., React, Angular) User experience (UX)"
Mobile App Developer,Mobile App Developers design and develop mobile applications for various platforms. They collaborate with cross-functional teams to create user-friendly and functional mobile apps that meet user needs.,"Mobile app development languages (e.g., Java, Swift, Kotlin) Cross-platform development (e.g., React Native, Flutter) Mobile app design principles APIs and web services integration Debugging and troubleshooting"
Usability Analyst,Evaluate and improve the usability of websites and applications through user testing and analysis.,Usability evaluation User interface assessment Usability testing tools and techniques
Studio Art Teacher,"A Studio Art Teacher instructs students in studio art practices, providing hands-on guidance in creating art and fostering artistic expression and skill development.",Art instruction Classroom management Art techniques Lesson planning Student assessment
Usability Analyst,Evaluate and improve the usability of websites and applications through user testing and analysis.,Usability evaluation User interface assessment Usability testing tools and techniques
Facilities Manager,"Facilities Managers manage facilities and building operations. They oversee maintenance, security, and facility improvements to provide a safe and efficient working environment.",Facilities management Property maintenance Space planning Budget management Health and safety compliance Vendor management
Training Coordinator,"Training Coordinators design and implement employee training programs. They assess training needs, develop training materials, and facilitate training sessions to enhance employees skills and knowledge.",Training program coordination Training material development Learning management systems
Procurement Analyst,"Analyze procurement data, identify cost-saving opportunities, and support the procurement process.",Procurement processes Vendor assessment Contract negotiation Purchase order management Spend analysis Market research Supplier relationship management Data analysis Problem-solving Attention to detail Communication skills Financial acumen
HR Coordinator,"HR Coordinators assist in HR functions such as recruitment, onboarding, and employee record maintenance. They often handle administrative tasks, organize training programs, and provide support to the HR department in various ways.",Human resources Recruitment Employee onboarding HRIS (HR Information Systems) Record keeping Communication skills
SEO Analyst,"SEO Analysts optimize websites for search engines, conduct keyword research, analyze performance metrics, and implement strategies to improve search rankings.","Search engine optimization Keyword research SEO tools (e.g., Google Analytics, SEMrush) On-page and off-page optimization"
Strategic Partnerships Manager,"A Strategic Partnerships Manager identifies and develops strategic partnerships and alliances that benefit the organization, fostering collaborations and driving mutual success.",Partnership development Negotiation and collaboration Business development
Portfolio Manager,"A Portfolio Manager oversees investment portfolios, making decisions to maximize returns and minimize risks. They analyze financial markets and adjust asset allocations accordingly.",Investment management Financial analysis Risk assessment Asset allocation Portfolio optimization
Procurement Analyst,"Analyze procurement data, identify cost-saving opportunities, and support the procurement process.",Procurement processes Vendor assessment Contract negotiation Purchase order management Spend analysis Market research Supplier relationship management Data analysis Problem-solving Attention to detail Communication skills Financial acumen
Brand Marketing Analyst,A Brand Marketing Analyst analyzes market data and consumer behavior to assess the effectiveness of branding strategies. They provide insights to improve brand marketing efforts.,"Marketing analytics Data analysis tools (e.g., Google Analytics, Adobe Analytics) Brand performance measurement Consumer behavior analysis Campaign effectiveness evaluation"
Print Graphic Designer,"Print Graphic Designers design graphics and layouts for printed materials such as brochures, posters, and packaging. They use their creativity and design skills to visually communicate messages and information effectively in printed form.","Print design software (e.g., Adobe InDesign, Illustrator) Layout and composition Print production processes Color theory and management Attention to detail Print industry knowledge"
User Interface Designer,"User Interface Designers focus on the visual and interactive aspects of digital interfaces. They design layouts, buttons, and other elements to ensure a cohesive and visually appealing user interface.","UI design principles and best practices Graphic design tools (e.g., Adobe Photoshop, Illustrator) Typography and color theory Visual design and layout Responsive design"
Brand Marketing Analyst,A Brand Marketing Analyst analyzes market data and consumer behavior to assess the effectiveness of branding strategies. They provide insights to improve brand marketing efforts.,"Marketing analytics Data analysis tools (e.g., Google Analytics, Adobe Analytics) Brand performance measurement Consumer behavior analysis Campaign effectiveness evaluation"
Front-End Developer,A Front-End Developer specializes in creating the user interface and user experience of websites or applications. They code and design elements that users interact with directly.,"Front-end web development HTML, CSS, JavaScript Responsive design Web performance optimization Cross-browser compatibility"
Small Animal Veterinarian,"A Small Animal Veterinarian provides medical care to small pets, such as dogs and cats. They diagnose illnesses, perform surgeries, and advise pet owners on healthcare practices.",Veterinary medicine Small animal care and surgery Animal diagnostics Preventive medicine Client communication Surgical skills Radiology Anesthesia Laboratory diagnostics Compassion and empathy Problem-solving Attention to detail
Social Media Analyst,"Social Media Analysts analyze social media data and metrics to provide insights and recommendations for improving social media strategies. They track performance, identify trends, and support data-driven decision-making.","Social media analytics tools (e.g., Google Analytics, Facebook Insights) Data analysis and reporting Social media ROI measurement Competitive analysis Trend identification"
Inside Sales Representative,"Inside Sales Representatives are responsible for selling products or services to customers over the phone or through online channels. They engage with leads, answer customer inquiries, and use persuasive communication to close sales and meet revenue targets.","Sales prospecting and lead generation Sales presentation and communication CRM software (e.g., Salesforce) Sales negotiation and closing techniques Product knowledge Relationship building"
Environmental Compliance Officer,"Environmental Compliance Officers ensure that organizations adhere to environmental regulations and standards. They conduct audits, develop compliance programs, and oversee efforts to minimize environmental impact and maintain regulatory compliance.",Environmental compliance Regulatory requirements Environmental impact assessments Reporting Environmental regulations Auditing
SEO Specialist,"SEO Specialists optimize websites for search engines to improve online visibility. They conduct keyword research, optimize content, and implement SEO strategies to increase organic traffic and rankings.","Search engine algorithms and ranking factors Keyword research and analysis On-page and off-page SEO optimization SEO tools (e.g., Google Analytics, SEMrush) SEO content strategy"
Brand PR Specialist,"Brand PR Specialists focus on promoting and maintaining a positive brand image through media relations, events, and communication efforts.",Brand management Public relations Brand storytelling Influencer marketing Media monitoring
Geriatric Nurse Practitioner,Geriatric Nurse Practitioners focus on the healthcare needs of elderly patients. They provide specialized care and address age-related health concerns.,Geriatric healthcare Geriatric assessment Geriatric treatment Elderly patient care Geriatric pharmacology
Sustainable Design Specialist,"Sustainable Design Specialists incorporate eco-friendly practices into architectural designs, promoting energy efficiency and environmental sustainability.",Sustainable design principles Energy efficiency LEED certification Green building materials Environmental impact assessment
Technical Support Specialist,"Technical Support Specialists assist customers or end-users with technical issues related to products or services. They provide troubleshooting, resolve problems, and offer technical guidance through various communication channels, ensuring customer satisfaction.","Technical troubleshooting Customer support tools (e.g., Zendesk, Freshdesk) Communication skills Problem-solving and critical thinking Ticket management Knowledge base creation"
Administrative Coordinator,"Administrative Coordinators support administrative tasks, including data entry, scheduling, and document management, to enhance organizational efficiency.",Office administration Communication skills Organizational skills Time management Microsoft Office proficiency
Sustainable Landscape Specialist,"Sustainable Landscape Specialists focus on creating environmentally friendly and sustainable landscapes. They incorporate eco-friendly practices, native plants, and water conservation techniques into landscape design and maintenance.",Sustainable landscape design Native plant selection Water conservation Soil health Green building practices LEED certification
Architectural Designer,"Architectural Designers create architectural plans and designs for buildings and structures, considering aesthetics, functionality, and safety standards.","Architectural design software (e.g., AutoCAD, Revit) Building codes and regulations 3D modeling Visualization Sustainable design"
Dental Public Health Hygienist,A Dental Public Health Hygienist works to improve oral health at the community level. They develop and implement public health programs and educate individuals on oral hygiene.,Dental public health principles Community outreach and education Dental health program planning Epidemiology knowledge Public health regulations knowledge
Quality Control Analyst,"In the role of a Quality Control Analyst, you will be responsible for inspecting and testing products to ensure they meet quality standards and specifications. You will use quality control tools and processes to identify defects, document findings, and recommend improvements. Your role is essential in maintaining product quality and customer satisfaction.",Quality control Quality assurance QC testing methods Compliance standards Root cause analysis Documentation Statistical analysis
Speech Pathologist,"Speech Pathologists diagnose and treat speech, language, and swallowing disorders in patients of all ages. They develop personalized treatment plans to improve communication.",Speech pathology Articulation therapy Language disorders Speech assessment Therapy planning Communication skills
Data Entry Specialist,"Accurately input and maintain data in databases or spreadsheets, ensuring data integrity and organization.","Data entry accuracy and speed Database software (e.g., Microsoft Access, Excel) Attention to detail Time management Organization Multitasking Keyboarding skills Data verification Problem-solving Communication skills Computer proficiency"
Social Media Manager,"Social Media Managers oversee an organizations social media presence. They create and schedule content, engage with followers, and analyze social media metrics to drive brand awareness and engagement.","Social media platforms (e.g., Facebook, Twitter, Instagram) Content creation and scheduling Social media analytics and insights Community engagement Paid social advertising"
Network Performance Analyst,"Network Performance Analysts monitor and optimize network performance. They collect and analyze network data, identify issues, and implement solutions to enhance network speed, reliability, and efficiency.","Network performance analysis Network monitoring tools (e.g., Wireshark) Troubleshooting Capacity planning Data analysis Network protocols"
Frontend Web Designer,"Frontend Web Designers create the visual elements and user interfaces of websites. They use HTML, CSS, and JavaScript to design responsive, user-friendly web pages, ensuring a seamless and visually appealing online experience.",Frontend web development HTML/CSS Responsive design User interface (UI) design Adobe Creative Suite Collaboration skills
Investment Advisor,"Investment Advisors offer financial advice to clients, helping them make investment decisions, manage portfolios, and achieve their financial goals.",Investment strategies Portfolio management Financial planning Risk assessment Regulatory compliance
Inside Sales Representative,"Inside Sales Representatives are responsible for selling products or services to customers over the phone or through online channels. They engage with leads, answer customer inquiries, and use persuasive communication to close sales and meet revenue targets.","Sales prospecting and lead generation Sales presentation and communication CRM software (e.g., Salesforce) Sales negotiation and closing techniques Product knowledge Relationship building"
Medical Sales Specialist,"Medical Sales Specialists focus on selling medical devices, pharmaceuticals, or healthcare products to healthcare professionals and institutions.",Medical product knowledge Understanding of healthcare regulations Relationship building with healthcare professionals Sales forecasting and planning Medical sales techniques
Systems Integration Specialist,"The role of a Systems Integration Specialist involves integrating various software and hardware components to create cohesive systems. You will design and implement solutions that enable different systems to communicate and work together seamlessly. Your responsibilities also include troubleshooting integration issues, ensuring data consistency, and collaborating with cross-functional teams.",Systems integration Integration architecture Data mapping Middleware technologies API integration System testing Troubleshooting
Data Quality Analyst,"Data Quality Analysts ensure the accuracy, completeness, and consistency of data within an organization. They develop and implement data quality standards, perform data validation, and identify and resolve data quality issues to maintain data integrity.","Data quality assessment and improvement Data profiling and validation Knowledge of data quality tools (e.g., Informatica, Talend) Data governance principles SQL for data analysis Attention to detail and data accuracy"
Office Manager,"Office Managers oversee daily office operations, including supervising staff, managing facilities, and ensuring efficient workflow. They may also handle budgeting, resource allocation, and office policies.",Office administration and management Budgeting and expense tracking Team coordination and supervision Facility management Vendor and supplier relations
Social Science Researcher,"A Social Science Researcher conducts research in fields such as sociology, psychology, or anthropology to study human behavior and social phenomena, contributing to academic knowledge.","Social science research methods Qualitative and quantitative data analysis Survey design and implementation Ethnographic research Interviewing skills Research ethics Statistical software (e.g., Stata, NVivo) Report writing Communication skills Critical thinking Empathy"
Architectural Designer,"Architectural Designers create architectural plans and designs for buildings and structures, considering aesthetics, functionality, and safety standards.","Architectural design software (e.g., AutoCAD, Revit) Building codes and regulations 3D modeling Visualization Sustainable design"
Customer Success Manager,"Customer Success Managers focus on ensuring customer satisfaction and retention. They build relationships with clients, understand their needs, and work to maximize the value customers receive from products or services, ultimately driving customer success and loyalty.",Customer relationship management Onboarding and training Customer feedback analysis Retention strategies Cross-selling and upselling Strong communication and empathy Customer advocacy
UI/UX Designer,"UI/UX Designers focus on creating user-friendly and visually appealing interfaces for digital products. They conduct user research, design wireframes and prototypes, and collaborate with development teams to ensure a seamless and enjoyable user experience.","User interface (UI) design User experience (UX) design Wireframing and prototyping tools (e.g., Sketch, Figma) Usability testing Information architecture Interaction design Mobile and responsive design"
Supplier Diversity Manager,"Promote diversity and inclusion in the supply chain, manage supplier diversity programs, and assess supplier performance.",Supplier diversity programs Diversity and inclusion initiatives Supplier assessment and certification Data collection and reporting Vendor outreach and engagement Strategic planning Communication skills Relationship building Attention to diversity and inclusion principles
Network Security Engineer,"Network Security Engineers focus on protecting network systems from cyber threats. They implement security measures, monitor network traffic, and respond to security incidents to safeguard the organizations data.",Network security protocols and technologies Firewalls and intrusion detection systems Vulnerability assessment and penetration testing Security policy development and enforcement Incident response and recovery
Technical Copywriter,"Technical Copywriters create content that explains complex technical concepts in a clear and accessible manner. They often write user manuals, product documentation, and technical guides to assist users and customers.",Technical writing Documentation User manuals Technical specifications Industry-specific terminology Research skills
Demand Planner,A Demand Planner analyzes historical sales data to forecast future demand for products. They work to optimize inventory levels and ensure product availability while minimizing costs.,Demand forecasting Inventory management Data analysis Sales and operations planning (S&OP) ERP software proficiency
User Interface Designer,"User Interface Designers focus on the visual and interactive aspects of digital interfaces. They design layouts, buttons, and other elements to ensure a cohesive and visually appealing user interface.","UI design principles and best practices Graphic design tools (e.g., Adobe Photoshop, Illustrator) Typography and color theory Visual design and layout Responsive design"
Marketing Communications Director,"Marketing Communications Directors manage marketing communication efforts. They oversee messaging, branding, and promotional activities to effectively reach target audiences.",Marketing communication Public relations Content strategy Crisis management Media relations
Project Coordinator,"Project Coordinators assist in planning, executing, and monitoring projects. They facilitate communication among team members, track project progress, and ensure tasks are completed on time.",Project management Communication Time management Organization Problem-solving
Automation Test Engineer,Automation Test Engineers develop automated test scripts and frameworks to streamline and enhance the testing process. They focus on automating repetitive tests to improve efficiency and maintain test consistency.,"Test automation Test framework development Continuous integration Scripting languages (e.g., Python) Test reporting Code review"
Desktop Support Technician,"Desktop Support Technicians troubleshoot and maintain desktop computer systems, resolving hardware and software problems for users.","Desktop hardware and software troubleshooting Operating system expertise (e.g., Windows, macOS) Remote desktop support Hardware and software upgrades Customer service skills"
Procurement Analyst,"Analyze procurement data, identify cost-saving opportunities, and support the procurement process.",Procurement processes Vendor assessment Contract negotiation Purchase order management Spend analysis Market research Supplier relationship management Data analysis Problem-solving Attention to detail Communication skills Financial acumen
Procurement Specialist,"A Procurement Specialist manages procurement processes, negotiates with suppliers, and ensures cost-effective purchasing of goods and services to meet organizational needs.",Negotiation skills Vendor management Supply chain knowledge Contract management Analytical skills
Wedding Consultant,"A Wedding Consultant assists couples in planning and coordinating their weddings, helping them with vendor selection, budget management, and ensuring a seamless wedding day experience.",Wedding planning Vendor coordination Event management
Web Designer,"A Web Designer specializes in designing visually appealing and responsive websites. They create layouts, graphics, and user interfaces to enhance the online presence of businesses.","Web design concepts Graphic design software (e.g., Adobe Creative Suite) HTML and CSS Responsive design User interface (UI) principles Visual communication Typography Color theory Creativity Attention to detail Collaboration"
Process Engineer,"Optimize manufacturing processes, improve efficiency, and ensure product quality in industrial settings.",Process optimization Manufacturing processes Lean Six Sigma methodologies Data analysis Statistical process control Quality management Root cause analysis Collaboration Problem-solving Attention to detail Technical knowledge
Art Education Coordinator,"An Art Education Coordinator plans and manages art education programs, curriculum development, and educational outreach to promote art appreciation and learning within communities.",Art education curriculum Program development Teacher training Communication skills Artistic expertise
Wireless Network Engineer,"Wireless Network Engineers design, implement, and maintain wireless network solutions. They optimize wireless connectivity, troubleshoot issues, and ensure reliable and secure wireless communications.",Wireless network design and architecture Wi-Fi standards and protocols RF (Radio Frequency) planning and optimization Wireless security protocols Troubleshooting wireless network issues
Big Data Engineer,"A Big Data Engineer develops and manages big data solutions, including data storage, processing, and analysis platforms, to extract valuable insights and support data-driven decisions.","Big data technologies (Hadoop, Spark, etc.) Data processing and analysis Distributed computing"
Data Analyst Researcher,A Data Analyst Researcher conducts research and analysis using data to support academic or scientific inquiries. They contribute to research projects and publish findings.,"Data analysis techniques Research methodologies Data collection and interpretation Statistical analysis software (e.g., R, Python) Data visualization tools (e.g., Tableau, Power BI) Research report writing Critical thinking Problem-solving Communication skills Attention to detail"
Financial Analyst,"A Financial Analyst conducts financial analysis, generates reports, and provides insights to support decision-making, budgeting, and financial planning.",Financial analysis Data analysis Financial modeling
Forensic Accountant,"Forensic Accountants investigate financial discrepancies and fraud. They analyze financial documents, track financial transactions, and provide expert testimony in legal proceedings. They play a critical role in detecting and preventing financial fraud.",Forensic accounting Fraud detection Legal knowledge Investigative skills
Staff Nurse,"A Staff Nurse provides patient care, administers medications, and collaborates with healthcare teams to ensure the well-being of patients in clinical settings.",Nursing care Patient assessment Medical knowledge
Infrastructure Manager,"An Infrastructure Manager is responsible for the operation and maintenance of an organizations IT infrastructure, including servers, networks, and data centers.","Network administration System administration Virtualization technologies (e.g., VMware, Hyper-V) Storage management IT security Disaster recovery planning Capacity planning Monitoring and troubleshooting Cloud infrastructure (e.g., AWS, Azure) Vendor management"
User Experience Designer,"User Experience Designers create intuitive and user-friendly digital interfaces. They conduct user research, design prototypes, and work to enhance the overall user experience of websites and applications.","User-centered design principles UX/UI design tools (e.g., Sketch, Adobe XD) Wireframing and prototyping Usability testing and user research Information architecture and user flows"
Recovery Coach,"A Recovery Coach offers guidance and support to individuals in addiction recovery, aiding in their journey toward sobriety and helping them build a stable and fulfilling life.",Addiction recovery support Motivational interviewing Relapse prevention strategies
Live Chat Support Agent,"A Live Chat Support Agent provides customer support through live chat channels, addressing inquiries, troubleshooting issues, and offering timely solutions.",Live chat support Online customer communication Problem resolution
Technical Product Manager,"Technical Product Managers oversee the development and enhancement of technical products. They define product requirements, prioritize features, collaborate with development teams, and ensure the product aligns with the companys strategic goals and market needs.",Product management principles Technical background Agile development methodologies Product roadmap planning Market research and analysis Stakeholder communication Problem-solving skills
Backend Developer,"A Backend Developer is tasked with building and maintaining the server-side logic and database infrastructure of web applications. They work on the core functionality, data storage, and server communication to ensure the application runs smoothly and efficiently.","Proficiency in one or more backend programming languages (e.g., Java, Python, Node.js, Ruby) API development Database management (SQL or NoSQL) Server management and deployment Security best practices Knowledge of web frameworks (e.g., Express, Django)"
Event Coordinator,"Event Coordinators plan and execute various events, including conferences, parties, and meetings, managing logistics, budgets, and vendor relationships.",Event planning Vendor coordination Budget management Marketing and promotion Logistics
Investment Analyst,"Investment Analysts analyze financial data and market trends to make informed investment recommendations. They research and assess investment opportunities, create financial models, and provide insights to guide investment decisions and portfolio management.",Financial analysis Investment evaluation Portfolio management Data analysis
Digital Marketing Specialist,"Digital Marketing Specialists create and execute online marketing campaigns. They utilize digital channels like social media, email, and SEO to reach target audiences, generate leads, and improve brand visibility and engagement.",Digital marketing strategy Social media marketing Content creation SEO (Search Engine Optimization) PPC advertising Analytics and reporting
Data Scientist,"Data Scientists use their expertise in data analysis and machine learning to extract valuable insights and predictions from data. They build and train models, conduct statistical analysis, and communicate findings to drive data-driven decision-making in the organization.","Machine learning algorithms and libraries (e.g., scikit-learn, TensorFlow, PyTorch) Statistical analysis and modeling Data preprocessing and cleaning Big data technologies (e.g., Hadoop, Spark) Data visualization Strong programming skills (Python, R)"
Infrastructure Manager,"An Infrastructure Manager is responsible for the operation and maintenance of an organizations IT infrastructure, including servers, networks, and data centers.","Network administration System administration Virtualization technologies (e.g., VMware, Hyper-V) Storage management IT security Disaster recovery planning Capacity planning Monitoring and troubleshooting Cloud infrastructure (e.g., AWS, Azure) Vendor management"
Facilities Manager,"Facilities Managers manage facilities and building operations. They oversee maintenance, security, and facility improvements to provide a safe and efficient working environment.",Facilities management Property maintenance Space planning Budget management Health and safety compliance Vendor management
Chemical Engineer,"Chemical Engineers design and oversee processes for the production of chemicals and related products. They conduct experiments, analyze data, and develop processes to optimize production, ensure safety, and minimize environmental impact.",Chemical engineering Process design Chemical reactions Safety protocols Laboratory techniques Problem-solving skills
Small Animal Veterinarian,"A Small Animal Veterinarian provides medical care to small pets, such as dogs and cats. They diagnose illnesses, perform surgeries, and advise pet owners on healthcare practices.",Veterinary medicine Small animal care and surgery Animal diagnostics Preventive medicine Client communication Surgical skills Radiology Anesthesia Laboratory diagnostics Compassion and empathy Problem-solving Attention to detail
Environmental Consultant,"An Environmental Consultant assesses environmental impacts, provides regulatory compliance guidance, and develops strategies for sustainable practices and environmental protection.",Environmental assessments Regulatory compliance Environmental impact analysis
Data Analyst Researcher,A Data Analyst Researcher conducts research and analysis using data to support academic or scientific inquiries. They contribute to research projects and publish findings.,"Data analysis techniques Research methodologies Data collection and interpretation Statistical analysis software (e.g., R, Python) Data visualization tools (e.g., Tableau, Power BI) Research report writing Critical thinking Problem-solving Communication skills Attention to detail"
Wealth Advisor,"Wealth Advisors provide financial advice to clients. They assess financial goals, create investment strategies, and offer guidance on wealth management and financial planning.",Financial planning Investment knowledge Relationship management Communication skills Analytical skills
Customer Success Manager,"Customer Success Managers focus on ensuring customer satisfaction and retention. They build relationships with clients, understand their needs, and work to maximize the value customers receive from products or services, ultimately driving customer success and loyalty.",Customer relationship management Onboarding and training Customer feedback analysis Retention strategies Cross-selling and upselling Strong communication and empathy Customer advocacy
Sustainability Specialist,"A Sustainability Specialist promotes sustainability initiatives within organizations, develops sustainability programs, and helps reduce environmental impacts while increasing efficiency.",Sustainability practices Environmental management systems Green certifications
Key Account Manager,"Manage key client accounts, build strong relationships, and drive revenue growth.",Key account management Relationship building Sales negotiation
Personal Tax Consultant,A Personal Tax Consultant provides tax planning and preparation services to individuals. They help clients optimize their tax situations while ensuring compliance with tax laws.,Tax law knowledge Individual tax planning Tax return preparation Tax deductions and credits Tax compliance IRS regulations Client relationship management Communication skills Attention to detail Tax software proficiency
Mechanical Design Engineer,"Mechanical Design Engineers create and develop mechanical systems and components, from concept to manufacturing, ensuring functionality and safety.","Mechanical engineering CAD software (e.g., SolidWorks, AutoCAD) Finite element analysis Product development Prototyping"
Advertising Account Executive,"An Advertising Account Executive works in advertising agencies, managing client accounts and overseeing the creation and execution of advertising campaigns.",Advertising and marketing knowledge Client relationship management Advertising campaign development Budget management Media planning and buying
Network Administrator,"Network Administrators manage an organizations computer networks. They configure, monitor, and maintain network infrastructure, ensuring optimal performance and security.","Network management Troubleshooting Network security IT certifications (e.g., CCNA)"
Procurement Manager,"Procurement Managers oversee procurement processes, managing vendor relationships, negotiating contracts, and ensuring cost-effective purchasing of goods and services.",Procurement strategies Supplier management Negotiation Cost analysis Supply chain management
Marketing Analytics Specialist,"Marketing Analytics Specialists analyze marketing data to derive insights and inform marketing strategies. They use tools like Google Analytics and data analysis software to track campaign performance, customer behavior, and market trends.",Marketing analytics Data analysis Data visualization Market research Google Analytics Marketing automation Reporting tools
API Developer,An API Developer creates and maintains application programming interfaces (APIs) that enable data exchange between different software applications or systems.,"API design and development RESTful API knowledge Security protocols (OAuth, JWT)"
Logistics Analyst,"A Logistics Analyst analyzes and optimizes logistics and supply chain operations, identifying cost-saving opportunities, improving transportation efficiency, and enhancing supply chain performance.",Supply chain analysis Data analytics Inventory management Transportation planning Problem-solving
Procurement Specialist,"A Procurement Specialist manages procurement processes, negotiates with suppliers, and ensures cost-effective purchasing of goods and services to meet organizational needs.",Negotiation skills Vendor management Supply chain knowledge Contract management Analytical skills
Recruitment Coordinator,"Recruitment Coordinators support the hiring process by scheduling interviews, screening candidates, and assisting with onboarding. They ensure a smooth recruitment process and maintain candidate records.",Recruitment process Candidate screening Applicant tracking systems Communication
Geriatric Nurse Practitioner,Geriatric Nurse Practitioners focus on the healthcare needs of elderly patients. They provide specialized care and address age-related health concerns.,Geriatric healthcare Geriatric assessment Geriatric treatment Elderly patient care Geriatric pharmacology
SEO Specialist,"SEO Specialists optimize websites for search engines to improve online visibility. They conduct keyword research, optimize content, and implement SEO strategies to increase organic traffic and rankings.","Search engine algorithms and ranking factors Keyword research and analysis On-page and off-page SEO optimization SEO tools (e.g., Google Analytics, SEMrush) SEO content strategy"
Community Manager,"Community Managers build and engage online communities around a brand or product. They interact with community members, moderate discussions, and foster a sense of belonging and loyalty among community members.",Community engagement and moderation Online community-building strategies Content curation and creation Crisis management and conflict resolution Analytics and reporting
Inventory Manager,"An Inventory Manager oversees inventory levels, coordinates stock movements, and optimizes inventory control procedures to ensure efficient stock management and product availability.",Inventory control Demand forecasting Supply chain management Data analysis Warehouse management
Tax Accountant,"Tax Accountants specialize in tax-related matters. They prepare tax returns, assist with tax planning, and ensure compliance with tax laws and regulations. They stay updated on tax codes and advise organizations on tax strategies.",Tax preparation Tax planning Tax regulations Accounting Tax software proficiency
Competitive Intelligence Analyst,Competitive Intelligence Analysts gather data on competitors and industry trends. They analyze information to help businesses make informed decisions and gain a competitive edge.,Competitive analysis Market research Data analysis Business strategy Industry knowledge
Pediatric Specialist,"Pediatric Specialists are doctors with expertise in specific pediatric subspecialties like cardiology, oncology, or gastroenterology. They provide specialized care and treatment for children with complex or rare medical conditions.","Pediatric specialization Advanced pediatric care Pediatric subspecialty (e.g., pediatric cardiology, pediatric oncology) Pediatric diagnostics Pediatric treatment"
Art Education Coordinator,"An Art Education Coordinator plans and manages art education programs, curriculum development, and educational outreach to promote art appreciation and learning within communities.",Art education curriculum Program development Teacher training Communication skills Artistic expertise
Industrial Engineer,"Industrial Engineers focus on improving efficiency and productivity in various industries. They analyze processes, design systems, and implement solutions to streamline operations, reduce costs, and enhance quality.",Industrial engineering Process optimization Lean manufacturing Quality control Data analysis Workflow design
Infrastructure Manager,"An Infrastructure Manager is responsible for the operation and maintenance of an organizations IT infrastructure, including servers, networks, and data centers.","Network administration System administration Virtualization technologies (e.g., VMware, Hyper-V) Storage management IT security Disaster recovery planning Capacity planning Monitoring and troubleshooting Cloud infrastructure (e.g., AWS, Azure) Vendor management"
Inventory Manager,"An Inventory Manager oversees inventory levels, coordinates stock movements, and optimizes inventory control procedures to ensure efficient stock management and product availability.",Inventory control Demand forecasting Supply chain management Data analysis Warehouse management
Java Web Application Developer,"Java Web Application Developers create web applications using Java technologies. They develop user interfaces, integrate backend systems, and ensure the functionality and security of web applications to provide a seamless user experience.","Web application development Java web frameworks (e.g., Servlets, JSP) Frontend integration User authentication Security protocols Code documentation"
Strategic Partnerships Manager,"A Strategic Partnerships Manager identifies and develops strategic partnerships and alliances that benefit the organization, fostering collaborations and driving mutual success.",Partnership development Negotiation and collaboration Business development
Executive Assistant,"Support high-level executives by managing schedules, coordinating meetings, and handling various administrative tasks.","Calendar management Travel coordination Meeting scheduling Correspondence and communication Office organization Confidentiality Time management Problem-solving Attention to detail Communication skills Technology proficiency (e.g., MS Office)"
Technical Copywriter,"Technical Copywriters create content that explains complex technical concepts in a clear and accessible manner. They often write user manuals, product documentation, and technical guides to assist users and customers.",Technical writing Documentation User manuals Technical specifications Industry-specific terminology Research skills
Investment Portfolio Manager,"An Investment Portfolio Manager manages investment portfolios, making investment decisions, monitoring performance, and optimizing asset allocation for clients or the organization.",Investment analysis Portfolio management Risk assessment
Content Strategist,"Content Strategists develop and execute content strategies that align with business objectives. They plan content creation, distribution, and promotion to engage audiences and drive brand growth.",Content strategy Content planning SEO optimization Content marketing Analytics
Purchasing Coordinator,"Purchasing Coordinators manage procurement processes. They source and purchase goods and services, negotiate with suppliers, and ensure cost-effective and timely acquisitions.",Procurement Supplier management Negotiation Supply chain management Inventory control Vendor relations
Customer Support Specialist,A Customer Support Specialist assists customers with inquiries or issues related to a companys products or services. They provide solutions and maintain customer satisfaction.,Customer service Problem-solving Communication skills Ticketing system usage Product knowledge
School Psychologist,"School Psychologists work in educational settings, supporting students emotional and academic development. They provide counseling and assessments to enhance learning outcomes.",School psychology Special education knowledge Assessment and testing Individualized education plans Collaboration skills
Commercial Interior Designer,A Commercial Interior Designer focuses on designing interior spaces for businesses and commercial properties. They optimize layouts for productivity and aesthetics.,Commercial interior design Workplace ergonomics Building codes and regulations knowledge Sustainable design principles AutoCAD and Revit proficiency
Systems Administrator,"Manage and maintain an organizations IT infrastructure, including servers, hardware, and software systems.","System administration Server maintenance Active Directory Backup and recovery Cloud computing (e.g., AWS, Azure) Troubleshooting IT security best practices Collaboration Problem-solving Attention to detail Communication skills Technical knowledge"
Content Creator,"Create engaging and relevant content, such as articles, videos, or social media posts, to promote brands or products.","Content creation (e.g., writing, editing, graphic design, video production) Content marketing Social media management SEO optimization Creative storytelling Audience engagement Analytics and reporting Adaptability Communication skills Creativity"
Enterprise Architect,"An Enterprise Architect oversees the overall IT infrastructure, ensuring it supports business processes, and develops strategies to enhance the organizations technology landscape.",Enterprise architecture Business strategy alignment IT governance and compliance
Corporate Counsel,"As a Corporate Counsel, you will focus on legal matters related to corporate governance, mergers and acquisitions, and corporate compliance. You will draft and review corporate documents, oversee compliance programs, and handle complex legal negotiations. Your role includes managing legal relationships with external partners and providing strategic legal guidance to the company.",Corporate law Compliance Mergers and acquisitions Corporate governance Contract drafting Risk management Legal strategy Due diligence
Digital Marketing Manager,"Digital Marketing Managers lead digital marketing efforts, including SEO, SEM, social media, email marketing, and content strategy. They develop and execute digital marketing campaigns to increase brand awareness, drive traffic, and generate leads or sales.","Digital marketing strategies SEO and SEM Social media marketing Email marketing campaigns Content marketing Web analytics (e.g., Google Analytics) Marketing automation tools (e.g., HubSpot, Marketo)"
Security Consultant,"A Security Consultant is responsible for assessing an organizations security infrastructure, identifying vulnerabilities, and recommending solutions to enhance security. They conduct risk assessments, implement security measures, and provide guidance on security policies and procedures.",Security consulting Risk assessment Security audits Security policy development Penetration testing Client communication
Content SEO Strategist,"Content SEO Strategists create SEO strategies specifically for content, focusing on keyword integration, content quality, and user engagement to boost organic traffic.",Content strategy SEO content optimization Content marketing Keyword mapping Analytics
Sales Account Manager,"A Sales Account Manager is responsible for building and maintaining relationships with clients, identifying their needs, and proposing tailored solutions to achieve sales targets.",Account management Sales strategy Negotiation and closing skills
Administrative Assistant,"An Administrative Assistant provides administrative support to the organization, including scheduling, document management, and assisting in day-to-day operations.",Office management Administrative tasks Communication and organization
Technical Support Specialist,"Technical Support Specialists assist customers or end-users with technical issues related to products or services. They provide troubleshooting, resolve problems, and offer technical guidance through various communication channels, ensuring customer satisfaction.","Technical troubleshooting Customer support tools (e.g., Zendesk, Freshdesk) Communication skills Problem-solving and critical thinking Ticket management Knowledge base creation"
Quality Assurance Analyst,"A Quality Assurance Analyst tests software and products to ensure they meet quality standards. They identify defects, report issues, and work with development teams to resolve problems.","Quality assurance processes Testing methodologies (e.g., manual, automated) Bug tracking and reporting Test case development Regression testing"
Architectural Designer,"Architectural Designers create architectural plans and designs for buildings and structures, considering aesthetics, functionality, and safety standards.","Architectural design software (e.g., AutoCAD, Revit) Building codes and regulations 3D modeling Visualization Sustainable design"
City Planner,"City Planners develop and implement urban planning strategies. They work to improve communities, manage resources, and address issues related to land use and infrastructure.",Urban planning Zoning regulations Environmental planning GIS proficiency Community engagement
Lighting Designer,"Lighting Designers create lighting plans for architectural and artistic purposes. They enhance spaces with lighting effects, aesthetics, and energy-efficient lighting solutions.",Lighting design Architectural lighting Lighting software proficiency Creative lighting concepts Technical knowledge
Accessibility Developer,"An Accessibility Developer focuses on making digital products and websites accessible to individuals with disabilities, ensuring compliance with accessibility standards.","Web accessibility standards (e.g., WCAG) Assistive technologies Accessibility testing tools HTML and CSS for accessibility ARIA (Accessible Rich Internet Applications) User experience (UX) for accessibility Usability testing with individuals with disabilities Collaboration Attention to detail"
Product Designer,"Design and develop innovative products, from concept to production, ensuring usability, functionality, and aesthetics.","Product design principles Prototyping and wireframing User research User testing UI/UX design 3D modeling (if applicable) Collaboration Problem-solving Creativity Attention to detail Communication skills Software proficiency (e.g., Sketch, Adobe XD)"
Primary Care Physician Assistant,"Provide medical care under the supervision of physicians, conduct examinations, diagnose and treat patients.",Medical knowledge and clinical skills Patient care and assessment Communication and empathy
Customer Success Manager,"Customer Success Managers focus on ensuring customer satisfaction and retention. They build relationships with clients, understand their needs, and work to maximize the value customers receive from products or services, ultimately driving customer success and loyalty.",Customer relationship management Onboarding and training Customer feedback analysis Retention strategies Cross-selling and upselling Strong communication and empathy Customer advocacy
Financial Analyst,"A Financial Analyst conducts financial analysis, generates reports, and provides insights to support decision-making, budgeting, and financial planning.",Financial analysis Data analysis Financial modeling
IT Business Analyst,"IT Business Analysts bridge the gap between business needs and technology solutions. They analyze business processes, gather requirements, and create solutions that align with organizational goals.",Business process analysis Requirement gathering Data analysis Communication skills
Subject Matter Expert,A Subject Matter Expert possesses deep knowledge in a specific field and provides expertise to solve complex problems or guide decision-making within that domain.,Expertise in a specific subject area Knowledge of curriculum standards Instructional design Assessment development Educational technology proficiency
Studio Art Teacher,"A Studio Art Teacher instructs students in studio art practices, providing hands-on guidance in creating art and fostering artistic expression and skill development.",Art instruction Classroom management Art techniques Lesson planning Student assessment
Financial Accountant,"Financial Accountants handle financial records, prepare financial statements, and ensure compliance with accounting standards. They analyze financial data to provide accurate financial reports and support decision-making within the organization.","Financial reporting Accounting software (e.g., QuickBooks) Auditing GAAP knowledge"
Brand Strategist,A Brand Strategist develops strategies to build and strengthen a companys brand identity. They research market trends and consumer preferences to guide branding decisions.,Brand strategy development Market research and analysis Competitive analysis Brand positioning and messaging Creative direction and collaboration
Employee Relations Specialist,"Employee Relations Specialists focus on maintaining positive relationships between employees and the organization. They address workplace issues, conduct investigations, mediate conflicts, and promote a healthy and productive work environment.",Employee conflict resolution HR compliance Employee engagement Communication skills
Brand Director,"Brand Directors oversee brand management and strategy. They ensure brand consistency, guide marketing initiatives, and work to enhance brand perception and recognition.",Brand strategy Brand development Creative direction Brand management Market research
Database Security Specialist,A Database Security Specialist focuses on protecting databases from unauthorized access and data breaches. They implement security measures and ensure compliance with regulations.,Database security measures Data encryption and access control Security compliance Vulnerability assessment Database auditing and monitoring
Account Executive,"Account Executives manage and grow relationships with existing clients or customers. They understand client needs, propose solutions, negotiate contracts, and ensure customer satisfaction, often working closely with sales and customer support teams.",Sales strategy and planning Account management Customer relationship management Solution selling Sales forecasting Contract negotiation Sales metrics and reporting
Backend Developer,"A Backend Developer is tasked with building and maintaining the server-side logic and database infrastructure of web applications. They work on the core functionality, data storage, and server communication to ensure the application runs smoothly and efficiently.","Proficiency in one or more backend programming languages (e.g., Java, Python, Node.js, Ruby) API development Database management (SQL or NoSQL) Server management and deployment Security best practices Knowledge of web frameworks (e.g., Express, Django)"
UX Strategist,"Develop user experience (UX) strategies, create user journeys, and ensure user-centric design in product development.",User experience strategy User journey mapping Design thinking
Legal Secretary,"Provide administrative support to legal professionals, manage schedules, draft documents, and handle correspondence.","Legal administrative tasks Document management Calendar and docketing Transcription File organization Communication with clients and courts Knowledge of legal terminology Attention to detail Multitasking Computer skills (e.g., MS Office)"
Brand PR Specialist,"Brand PR Specialists focus on promoting and maintaining a positive brand image through media relations, events, and communication efforts.",Brand management Public relations Brand storytelling Influencer marketing Media monitoring
General Pediatrician,"General Pediatricians provide medical care to infants, children, and adolescents. They diagnose and treat various pediatric conditions, offer preventive care, and educate patients and parents on child health and well-being.",Pediatrics Pediatric care Diagnosis and treatment Pediatric medical procedures Patient care Communication skills
Analytical Chemist,"As an Analytical Chemist, your primary responsibility is to analyze chemical compounds and substances using various laboratory techniques and equipment. You will conduct experiments, interpret results, and generate reports. Your role may involve developing analytical methods, maintaining lab equipment, and adhering to safety protocols to ensure accurate and reliable analyses.","Analytical chemistry Laboratory techniques Instrumentation Data analysis Quality control Sample preparation Scientific software (e.g., ChemDraw)"
Personal Assistant,"A Personal Assistant provides administrative support to individuals or executives. Their duties include managing schedules, arranging meetings, handling correspondence, and performing various tasks to enhance efficiency.",Organizational and time management skills Calendar and appointment management Communication and correspondence Travel coordination Discretion and confidentiality
Help Desk Support Specialist,"Help Desk Support Specialists provide technical assistance and support to end-users, resolving IT issues and ensuring smooth operations.",Technical troubleshooting Customer service and communication Ticketing system usage Basic IT knowledge Problem-solving and critical-thinking skills
Sales Account Executive,"A Sales Account Executive is responsible for acquiring and managing business accounts. They identify sales opportunities, negotiate contracts, and meet revenue targets.",Sales strategies and tactics Account management Relationship building Sales forecasting Industry and product knowledge
Social Media Manager,"Social Media Managers oversee an organizations social media presence. They create and schedule content, engage with followers, and analyze social media metrics to drive brand awareness and engagement.","Social media platforms (e.g., Facebook, Twitter, Instagram) Content creation and scheduling Social media analytics and insights Community engagement Paid social advertising"
Speech Pathologist,"Speech Pathologists diagnose and treat speech, language, and swallowing disorders in patients of all ages. They develop personalized treatment plans to improve communication.",Speech pathology Articulation therapy Language disorders Speech assessment Therapy planning Communication skills
Social Media Manager,"Social Media Managers oversee an organizations social media presence. They create and schedule content, engage with followers, and analyze social media metrics to drive brand awareness and engagement.","Social media platforms (e.g., Facebook, Twitter, Instagram) Content creation and scheduling Social media analytics and insights Community engagement Paid social advertising"
Trial Attorney,"Trial Attorneys represent clients in legal proceedings. They prepare cases, conduct trials, and provide legal counsel to clients involved in civil or criminal litigation.",Litigation Legal research Courtroom representation Case preparation Client counseling Legal writing
Purchasing Coordinator,"Purchasing Coordinators manage procurement processes. They source and purchase goods and services, negotiate with suppliers, and ensure cost-effective and timely acquisitions.",Procurement Supplier management Negotiation Supply chain management Inventory control Vendor relations
Database Developer,"A Database Developer designs, develops, and maintains databases. They create efficient data structures, write queries, and ensure data security and integrity.","Database design and development SQL and database querying Data modeling Programming languages (e.g., Java, Python) Data security and privacy regulations knowledge"
Java Backend Developer,"Java Backend Developers specialize in building the server-side components of software applications using Java. They work on database integration, server logic, and performance optimization to ensure efficient and reliable backend functionality.","Backend development RESTful APIs Database integration Java EE (Enterprise Edition) Performance optimization Version control (e.g., Git)"
Corporate Attorney,"Corporate Attorneys provide legal counsel and representation to organizations. They handle legal matters, contracts, mergers, acquisitions, and ensure compliance with laws and regulations relevant to the business.",Corporate law and regulations Contract drafting and negotiation Legal research and analysis Risk management Excellent communication and negotiation skills
Account Executive,"Account Executives manage and grow relationships with existing clients or customers. They understand client needs, propose solutions, negotiate contracts, and ensure customer satisfaction, often working closely with sales and customer support teams.",Sales strategy and planning Account management Customer relationship management Solution selling Sales forecasting Contract negotiation Sales metrics and reporting
Art Education Coordinator,"An Art Education Coordinator plans and manages art education programs, curriculum development, and educational outreach to promote art appreciation and learning within communities.",Art education curriculum Program development Teacher training Communication skills Artistic expertise
Sales Account Manager,"A Sales Account Manager is responsible for building and maintaining relationships with clients, identifying their needs, and proposing tailored solutions to achieve sales targets.",Account management Sales strategy Negotiation and closing skills
Network Security Analyst,"Protect an organizations computer networks and systems from security threats, monitor network traffic, and respond to incidents.",Network security protocols Intrusion detection and prevention Security incident response Firewall administration Vulnerability assessment Security policies and procedures Log analysis Ethical hacking Problem-solving Communication skills Attention to detail
Data Scientist,"Data Scientists use their expertise in data analysis and machine learning to extract valuable insights and predictions from data. They build and train models, conduct statistical analysis, and communicate findings to drive data-driven decision-making in the organization.","Machine learning algorithms and libraries (e.g., scikit-learn, TensorFlow, PyTorch) Statistical analysis and modeling Data preprocessing and cleaning Big data technologies (e.g., Hadoop, Spark) Data visualization Strong programming skills (Python, R)"
Litigation Paralegal,"Assist in litigation cases, including document preparation, legal research, and trial support.",Legal research Discovery management Case preparation Trial support Document review Client communication E-filing Attention to detail Multitasking Legal terminology Technology proficiency Communication skills Legal software proficiency
Procurement Coordinator,"Procurement Coordinators assist in procurement activities, including vendor communication, purchase order processing, and inventory management.",Procurement processes Purchase order management Vendor communication Data analysis Inventory control
Search Engine Marketer,"Search Engine Marketers optimize online content for search engines. They use SEO strategies to improve website rankings, increase organic traffic, and enhance online visibility.",Search engine marketing PPC advertising SEO strategy Data analysis Digital marketing skills
Recovery Coach,"A Recovery Coach offers guidance and support to individuals in addiction recovery, aiding in their journey toward sobriety and helping them build a stable and fulfilling life.",Addiction recovery support Motivational interviewing Relapse prevention strategies
Account Executive,"Account Executives manage and grow relationships with existing clients or customers. They understand client needs, propose solutions, negotiate contracts, and ensure customer satisfaction, often working closely with sales and customer support teams.",Sales strategy and planning Account management Customer relationship management Solution selling Sales forecasting Contract negotiation Sales metrics and reporting
Brand Promoter,"Brand Promoters are responsible for promoting a companys brand or products. They engage with the target audience, create marketing strategies, and build brand awareness.",Brand promotion Marketing knowledge Communication skills Sales techniques Product knowledge
Cloud Systems Engineer,"As a Cloud Systems Engineer, you will be responsible for designing, implementing, and managing cloud infrastructure solutions. You will work with cloud platforms like AWS, Azure, or GCP to build scalable and reliable systems. Your role involves optimizing cloud resources, ensuring security, and troubleshooting issues to maintain high system availability and performance.","Cloud systems engineering Cloud infrastructure (e.g., AWS, Azure) DevOps practices Automation Security in the cloud Disaster recovery Scalability"
Litigation Support Specialist,"Assist in the preparation of litigation cases, manage electronic discovery, and handle technical aspects of trial preparation.","E-discovery tools and processes Document review and production Litigation support software (e.g., Relativity) Data analysis Case management Communication with legal teams Technical proficiency Attention to detail Problem-solving Legal research skills"
Investment Advisor,"Investment Advisors offer financial advice to clients, helping them make investment decisions, manage portfolios, and achieve their financial goals.",Investment strategies Portfolio management Financial planning Risk assessment Regulatory compliance
Interaction Designer,Interaction Designers specialize in designing user interactions within digital interfaces. They create meaningful and engaging user experiences by considering user behaviors and system responses.,Interaction design principles User behavior and psychology Wireframing and prototyping tools Animation and micro-interaction design Collaborative design processes
API Developer,An API Developer creates and maintains application programming interfaces (APIs) that enable data exchange between different software applications or systems.,"API design and development RESTful API knowledge Security protocols (OAuth, JWT)"
Corporate Event Planner,"Corporate Event Planners organize business-related events such as seminars, conferences, and product launches, ensuring they meet corporate goals and standards.",Corporate event planning Corporate branding Corporate communication Audiovisual equipment Crisis management
Database Security Specialist,A Database Security Specialist focuses on protecting databases from unauthorized access and data breaches. They implement security measures and ensure compliance with regulations.,Database security measures Data encryption and access control Security compliance Vulnerability assessment Database auditing and monitoring
Inventory Manager,"An Inventory Manager oversees inventory levels, coordinates stock movements, and optimizes inventory control procedures to ensure efficient stock management and product availability.",Inventory control Demand forecasting Supply chain management Data analysis Warehouse management
Family Counselor,"A Family Counselor works with families to address interpersonal issues, improve communication, and resolve conflicts, fostering healthier family dynamics.",Family counseling Marriage and family therapy Conflict resolution skills
Usability Analyst,Evaluate and improve the usability of websites and applications through user testing and analysis.,Usability evaluation User interface assessment Usability testing tools and techniques
IT Support Specialist,"IT Support Specialists provide technical assistance to end-users, troubleshooting hardware and software problems, setting up equipment, and maintaining IT infrastructure.",Technical troubleshooting Hardware and software support Customer service Problem-solving Communication
Visual Designer,"Visual Designers create visual content, including graphics, illustrations, and layouts, to convey messages and enhance brand identity.",Graphic design Typography User interface (UI) design Adobe Creative Suite proficiency Branding and visual identity creation
Digital Marketing Director,"Digital Marketing Directors lead digital marketing efforts. They develop and execute digital strategies, oversee campaigns, and measure performance to achieve marketing goals.",Digital marketing strategy Marketing analytics Team leadership Content marketing SEO and SEM proficiency
Frontend Developer,"A Frontend Developer is responsible for designing and implementing user interfaces for web applications. They collaborate with designers to create visually appealing and responsive web pages, ensuring a seamless user experience across different devices and browsers.","Proficiency in HTML, CSS, and JavaScript Experience with frontend frameworks like React, Angular, or Vue.js Responsive web design Cross-browser compatibility Version control (e.g., Git) Frontend performance optimization"
Technical Writer,"Technical Writers specialize in creating user-friendly documentation and manuals for technical products and services. They translate complex technical information into accessible, understandable content.",Technical documentation Technical knowledge Writing skills Editing User manuals
Sales Representative,"Sales Representatives promote and sell products or services to customers, build relationships, and meet sales targets through effective communication and negotiation.",Sales techniques and strategies Relationship building CRM software usage Product knowledge Negotiation and closing skills
Pediatric Specialist,"Pediatric Specialists are doctors with expertise in specific pediatric subspecialties like cardiology, oncology, or gastroenterology. They provide specialized care and treatment for children with complex or rare medical conditions.","Pediatric specialization Advanced pediatric care Pediatric subspecialty (e.g., pediatric cardiology, pediatric oncology) Pediatric diagnostics Pediatric treatment"
Sourcing Analyst,"Sourcing Analysts research and analyze potential suppliers, evaluate procurement strategies, and negotiate contracts to secure cost-effective and quality supplies.",Sourcing strategies Supplier evaluation Market research Cost analysis Contract negotiation
Research and Development (R&D) Engineer,"Conduct research, design experiments, and develop innovative products or technologies in various industries.",Research and development processes Product innovation Prototype development Testing and experimentation Data analysis Collaboration with cross-functional teams Problem-solving Attention to detail Technical expertise Project management skills
Digital Marketing Director,"Digital Marketing Directors lead digital marketing efforts. They develop and execute digital strategies, oversee campaigns, and measure performance to achieve marketing goals.",Digital marketing strategy Marketing analytics Team leadership Content marketing SEO and SEM proficiency
Geriatric Nurse Practitioner,Geriatric Nurse Practitioners focus on the healthcare needs of elderly patients. They provide specialized care and address age-related health concerns.,Geriatric healthcare Geriatric assessment Geriatric treatment Elderly patient care Geriatric pharmacology
Automation Test Engineer,Automation Test Engineers develop automated test scripts and frameworks to streamline and enhance the testing process. They focus on automating repetitive tests to improve efficiency and maintain test consistency.,"Test automation Test framework development Continuous integration Scripting languages (e.g., Python) Test reporting Code review"
Electronics Hardware Engineer,"Electronics Hardware Engineers develop and design electronic components and systems, from circuit boards to hardware prototypes, ensuring functionality and performance.",Electronics design PCB layout Embedded systems Circuit analysis Troubleshooting
Technical SEO Analyst,"As a Technical SEO Analyst, your role is to analyze website performance and identify opportunities for optimization. You will work on improving site speed, mobile-friendliness, and other technical aspects to enhance search engine rankings. You will also perform keyword research, conduct competitive analysis, and provide recommendations to improve website SEO.","Technical SEO Website audits SEO tools (e.g., Screaming Frog, Ahrefs) Schema markup Site speed optimization XML sitemaps Canonicalization"
Network Administrator,"Network Administrators manage an organizations computer networks. They configure, monitor, and maintain network infrastructure, ensuring optimal performance and security.","Network management Troubleshooting Network security IT certifications (e.g., CCNA)"
Manufacturing Engineer,"Manufacturing Engineers optimize manufacturing processes, improve production efficiency, and ensure product quality in manufacturing environments.",Manufacturing processes knowledge CAD/CAM software proficiency Lean manufacturing principles Quality control and assurance Six Sigma certification
Frontend Developer,"A Frontend Developer is responsible for designing and implementing user interfaces for web applications. They collaborate with designers to create visually appealing and responsive web pages, ensuring a seamless user experience across different devices and browsers.","Proficiency in HTML, CSS, and JavaScript Experience with frontend frameworks like React, Angular, or Vue.js Responsive web design Cross-browser compatibility Version control (e.g., Git) Frontend performance optimization"
Financial Analyst,"A Financial Analyst conducts financial analysis, generates reports, and provides insights to support decision-making, budgeting, and financial planning.",Financial analysis Data analysis Financial modeling
Water Resources Engineer,"A Water Resources Engineer manages and develops water-related projects, such as dams, irrigation systems, and flood control measures, to ensure water resource sustainability.",Water resources engineering Hydrology and hydraulics Environmental impact assessment Water resource modeling software Watershed management
CAD Technician,Create and modify technical drawings using computer-aided design (CAD) software for various engineering projects.,Computer-aided design (CAD) software Technical drawing Blueprint interpretation Drafting standards Engineering principles Collaboration with engineers Problem-solving Attention to detail Communication skills 3D modeling (if applicable)
Security Operations Center (SOC) Analyst,"SOC Analysts work in security operations centers. They monitor and respond to security incidents, analyze threats, and implement security protocols to protect an organizations assets.","SOC operations Security incident response Threat detection Log analysis Security tools (e.g., IDS/IPS) Security alerts triage"
Cloud Systems Engineer,"As a Cloud Systems Engineer, you will be responsible for designing, implementing, and managing cloud infrastructure solutions. You will work with cloud platforms like AWS, Azure, or GCP to build scalable and reliable systems. Your role involves optimizing cloud resources, ensuring security, and troubleshooting issues to maintain high system availability and performance.","Cloud systems engineering Cloud infrastructure (e.g., AWS, Azure) DevOps practices Automation Security in the cloud Disaster recovery Scalability"
Supplier Diversity Manager,"Promote diversity and inclusion in the supply chain, manage supplier diversity programs, and assess supplier performance.",Supplier diversity programs Diversity and inclusion initiatives Supplier assessment and certification Data collection and reporting Vendor outreach and engagement Strategic planning Communication skills Relationship building Attention to diversity and inclusion principles
Sustainable Landscape Specialist,"Sustainable Landscape Specialists focus on creating environmentally friendly and sustainable landscapes. They incorporate eco-friendly practices, native plants, and water conservation techniques into landscape design and maintenance.",Sustainable landscape design Native plant selection Water conservation Soil health Green building practices LEED certification
Art Curator,"An Art Curator is responsible for managing and preserving a collection of artworks. They curate exhibitions, acquire new pieces, and educate the public about the art.",Art history and knowledge Art curation and exhibition planning Collections management Art market trends Cultural awareness
Interaction Designer,Interaction Designers specialize in designing user interactions within digital interfaces. They create meaningful and engaging user experiences by considering user behaviors and system responses.,Interaction design principles User behavior and psychology Wireframing and prototyping tools Animation and micro-interaction design Collaborative design processes
Network Security Engineer,"Network Security Engineers focus on protecting network systems from cyber threats. They implement security measures, monitor network traffic, and respond to security incidents to safeguard the organizations data.",Network security protocols and technologies Firewalls and intrusion detection systems Vulnerability assessment and penetration testing Security policy development and enforcement Incident response and recovery
Primary Care Physician Assistant,"Provide medical care under the supervision of physicians, conduct examinations, diagnose and treat patients.",Medical knowledge and clinical skills Patient care and assessment Communication and empathy
Executive Assistant,"Support high-level executives by managing schedules, coordinating meetings, and handling various administrative tasks.","Calendar management Travel coordination Meeting scheduling Correspondence and communication Office organization Confidentiality Time management Problem-solving Attention to detail Communication skills Technology proficiency (e.g., MS Office)"
Environmental Consultant,"An Environmental Consultant assesses environmental impacts, provides regulatory compliance guidance, and develops strategies for sustainable practices and environmental protection.",Environmental assessments Regulatory compliance Environmental impact analysis
Frontend Web Designer,"Frontend Web Designers create the visual elements and user interfaces of websites. They use HTML, CSS, and JavaScript to design responsive, user-friendly web pages, ensuring a seamless and visually appealing online experience.",Frontend web development HTML/CSS Responsive design User interface (UI) design Adobe Creative Suite Collaboration skills
Water Resources Engineer,"A Water Resources Engineer manages and develops water-related projects, such as dams, irrigation systems, and flood control measures, to ensure water resource sustainability.",Water resources engineering Hydrology and hydraulics Environmental impact assessment Water resource modeling software Watershed management
DevOps Engineer,"DevOps Engineers focus on automating and streamlining the development and deployment processes. They work to improve collaboration between development and IT operations, implementing tools and practices for continuous integration and continuous delivery (CI/CD).","Automation and scripting (e.g., Python, Bash) Continuous Integration/Continuous Deployment (CI/CD) Containerization (e.g., Docker, Kubernetes) Infrastructure as Code (e.g., Terraform, Ansible) Cloud platforms (e.g., AWS, Azure, GCP) Monitoring and troubleshooting skills"
Brand Marketing Analyst,A Brand Marketing Analyst analyzes market data and consumer behavior to assess the effectiveness of branding strategies. They provide insights to improve brand marketing efforts.,"Marketing analytics Data analysis tools (e.g., Google Analytics, Adobe Analytics) Brand performance measurement Consumer behavior analysis Campaign effectiveness evaluation"
Backend Developer,"A Backend Developer is tasked with building and maintaining the server-side logic and database infrastructure of web applications. They work on the core functionality, data storage, and server communication to ensure the application runs smoothly and efficiently.","Proficiency in one or more backend programming languages (e.g., Java, Python, Node.js, Ruby) API development Database management (SQL or NoSQL) Server management and deployment Security best practices Knowledge of web frameworks (e.g., Express, Django)"
Interaction Designer,Interaction Designers specialize in designing user interactions within digital interfaces. They create meaningful and engaging user experiences by considering user behaviors and system responses.,Interaction design principles User behavior and psychology Wireframing and prototyping tools Animation and micro-interaction design Collaborative design processes
Interaction Designer,Interaction Designers specialize in designing user interactions within digital interfaces. They create meaningful and engaging user experiences by considering user behaviors and system responses.,Interaction design principles User behavior and psychology Wireframing and prototyping tools Animation and micro-interaction design Collaborative design processes
Social Media Manager,"Social Media Managers oversee an organizations social media presence. They create and schedule content, engage with followers, and analyze social media metrics to drive brand awareness and engagement.","Social media platforms (e.g., Facebook, Twitter, Instagram) Content creation and scheduling Social media analytics and insights Community engagement Paid social advertising"
Project Coordinator,"Project Coordinators assist in planning, executing, and monitoring projects. They facilitate communication among team members, track project progress, and ensure tasks are completed on time.",Project management Communication Time management Organization Problem-solving
Event Coordinator,"Event Coordinators plan and execute various events, including conferences, parties, and meetings, managing logistics, budgets, and vendor relationships.",Event planning Vendor coordination Budget management Marketing and promotion Logistics
Personal Tax Consultant,A Personal Tax Consultant provides tax planning and preparation services to individuals. They help clients optimize their tax situations while ensuring compliance with tax laws.,Tax law knowledge Individual tax planning Tax return preparation Tax deductions and credits Tax compliance IRS regulations Client relationship management Communication skills Attention to detail Tax software proficiency
Wealth Management Advisor,Wealth Management Advisors provide comprehensive financial planning and investment management services to high-net-worth individuals and families.,Wealth management strategies Asset allocation Estate planning Tax management Client relationship management
Front-End Developer,A Front-End Developer specializes in creating the user interface and user experience of websites or applications. They code and design elements that users interact with directly.,"Front-end web development HTML, CSS, JavaScript Responsive design Web performance optimization Cross-browser compatibility"
Construction Project Manager,"The Construction Project Manager oversees and manages construction projects, ensuring they are completed on time and within budget. They coordinate with contractors, architects, and other stakeholders to ensure successful project delivery.",Construction management Budgeting Contract negotiation Safety regulations
Addiction Counselor,"An Addiction Counselor provides support and therapy to individuals struggling with addiction, helping them overcome substance abuse and develop healthier coping strategies.",Addiction counseling techniques Substance abuse treatment Counseling ethics
Event Marketing Coordinator,"Event Marketing Coordinators focus on marketing events, including trade shows, exhibitions, and product launches, to maximize attendance and engagement.",Event planning and management Budgeting and financial management Vendor and sponsor relations Promotion and publicity Event logistics and coordination skills
Procurement Manager,"Procurement Managers oversee procurement processes, managing vendor relationships, negotiating contracts, and ensuring cost-effective purchasing of goods and services.",Procurement strategies Supplier management Negotiation Cost analysis Supply chain management
SEO Content Strategist,"As an SEO Content Strategist, your primary responsibility is to develop and execute content strategies that enhance our online presence. You will conduct keyword research, optimize website content, and collaborate with the marketing team to improve search engine rankings and drive organic traffic. Your role involves staying updated with SEO trends and implementing best practices to boost our websites visibility and engagement.",SEO (Search Engine Optimization) Content strategy Keyword research Content optimization Content planning Analytics and reporting
Territory Sales Manager,"Territory Sales Managers oversee a specific sales territory, managing sales teams, setting goals, and developing strategies to meet sales objectives.",Sales leadership Territory management Team management Sales data analysis Strategic planning and execution
Medical Sales Specialist,"Medical Sales Specialists focus on selling medical devices, pharmaceuticals, or healthcare products to healthcare professionals and institutions.",Medical product knowledge Understanding of healthcare regulations Relationship building with healthcare professionals Sales forecasting and planning Medical sales techniques
Content Creator,"Create engaging and relevant content, such as articles, videos, or social media posts, to promote brands or products.","Content creation (e.g., writing, editing, graphic design, video production) Content marketing Social media management SEO optimization Creative storytelling Audience engagement Analytics and reporting Adaptability Communication skills Creativity"
UX Strategist,"Develop user experience (UX) strategies, create user journeys, and ensure user-centric design in product development.",User experience strategy User journey mapping Design thinking
In-House Counsel,"In the role of In-House Counsel, you will provide legal support to the organization across various areas, including contracts, employment law, and regulatory compliance. You will draft legal documents, handle litigation matters, and advise on legal risks affecting day-to-day operations. Your role is crucial in ensuring the company operates within the bounds of the law.",In-house counsel Legal advisory Employment law Intellectual property Regulatory compliance Dispute resolution Contract review Client counseling
Office Coordinator,"Office Coordinators provide administrative support within an office. They assist with tasks like scheduling, record-keeping, and communication to ensure efficient office operations.",Office administration Calendar management Reception duties Communication skills Record keeping Office supplies management
Project Architect,"Project Architects lead architectural projects, from concept to completion, coordinating design teams, managing budgets, and ensuring compliance with regulations.",Architectural project management Construction documents Building systems Design coordination Client communication
Risk Analyst,A Risk Analyst assesses and manages financial risks within an organization. They use data analysis and modeling to evaluate potential risks and recommend mitigation strategies.,Risk assessment Data analysis Financial modeling Risk management tools Regulatory compliance knowledge
Automation Tester,An Automation Tester uses automated testing tools to verify the functionality and performance of software applications. They create and execute automated test scripts.,"Test automation tools (e.g., Selenium, Appium) Scripting languages (e.g., Python, Java) Test framework development Continuous integration tools Test data management"
Interaction Designer,Interaction Designers specialize in designing user interactions within digital interfaces. They create meaningful and engaging user experiences by considering user behaviors and system responses.,Interaction design principles User behavior and psychology Wireframing and prototyping tools Animation and micro-interaction design Collaborative design processes
Social Media Manager,"Social Media Managers oversee an organizations social media presence. They create and schedule content, engage with followers, and analyze social media metrics to drive brand awareness and engagement.","Social media platforms (e.g., Facebook, Twitter, Instagram) Content creation and scheduling Social media analytics and insights Community engagement Paid social advertising"
Network Performance Analyst,"Network Performance Analysts monitor and optimize network performance. They collect and analyze network data, identify issues, and implement solutions to enhance network speed, reliability, and efficiency.","Network performance analysis Network monitoring tools (e.g., Wireshark) Troubleshooting Capacity planning Data analysis Network protocols"
Administrative Manager,"Administrative Managers oversee office operations. They manage administrative staff, coordinate tasks, and ensure smooth office functioning to support the organizations goals.",Administrative leadership Office management Staff supervision Budgeting and financial management Process improvement Communication skills
Supply Chain Coordinator,"A Supply Chain Coordinator manages supply chain operations, coordinates logistics, and ensures the seamless flow of goods and materials throughout the supply chain network.",Supply chain logistics Inventory management Communication skills Problem-solving Vendor coordination
Surgical Physician Assistant,"Assist surgeons in the operating room, perform pre- and post-operative care, and collaborate on surgical procedures.",Surgical procedures and techniques Operating room protocols Anesthesia management
UI/UX Developer,A UI/UX Developer combines design and technical skills to create user-friendly interfaces for digital products. They ensure a seamless and visually appealing user experience.,"User interface (UI) design User experience (UX) design Web design principles Prototyping and wireframing Front-end development languages (e.g., HTML, CSS, JavaScript) Interaction design User testing Responsive design Usability testing Collaboration Attention to detail"
User Experience Designer,"User Experience Designers create intuitive and user-friendly digital interfaces. They conduct user research, design prototypes, and work to enhance the overall user experience of websites and applications.","User-centered design principles UX/UI design tools (e.g., Sketch, Adobe XD) Wireframing and prototyping Usability testing and user research Information architecture and user flows"
Market Research Analyst,"A Market Research Analyst gathers and analyzes data to provide insights into market trends, consumer behavior, and competitive landscapes. They help businesses make informed decisions.","Market research methodologies Data collection and analysis Consumer behavior analysis Competitor analysis Survey design and analysis Statistical analysis software (e.g., SPSS, SAS) Data visualization Trend analysis Report writing Communication skills Attention to detail"
Client Relationship Manager,"Build and maintain strong client relationships, understand their needs, and ensure client satisfaction.",Client relationship management Customer service Communication skills
Dental Hygiene Educator,A Dental Hygiene Educator teaches dental hygiene practices and oral health to students or the community. They promote preventive care and raise awareness about dental health.,Dental hygiene knowledge Teaching and instructional skills Curriculum development Student assessment Clinical practice experience
Strategic Sourcing Manager,"Develop and execute sourcing strategies to procure goods and services, negotiate contracts, and manage supplier relationships.",Strategic sourcing strategies Supplier evaluation and selection Negotiation skills Vendor management Cost analysis Supply chain management Contract management Problem-solving Attention to detail Communication skills Strategic thinking
School Psychologist,"School Psychologists work in educational settings, supporting students emotional and academic development. They provide counseling and assessments to enhance learning outcomes.",School psychology Special education knowledge Assessment and testing Individualized education plans Collaboration skills
Sales Representative,"Sales Representatives promote and sell products or services to customers, build relationships, and meet sales targets through effective communication and negotiation.",Sales techniques and strategies Relationship building CRM software usage Product knowledge Negotiation and closing skills
Intellectual Property Lawyer,"An Intellectual Property Lawyer specializes in protecting and managing intellectual property rights, including patents, trademarks, and copyrights. They provide legal advice, handle trademark registration, patent applications, and enforce IP rights.",Intellectual property law Trademark and patent law Copyright law IP portfolio management Litigation and dispute resolution
Construction Project Manager,"The Construction Project Manager oversees and manages construction projects, ensuring they are completed on time and within budget. They coordinate with contractors, architects, and other stakeholders to ensure successful project delivery.",Construction management Budgeting Contract negotiation Safety regulations
Family Law Attorney,"Family Law Attorneys deal with legal matters related to family relationships. They handle cases like divorce, child custody, adoption, and domestic disputes to provide legal guidance.",Family law Divorce proceedings Child custody Mediation Legal counseling Court representation
Interaction Designer,Interaction Designers specialize in designing user interactions within digital interfaces. They create meaningful and engaging user experiences by considering user behaviors and system responses.,Interaction design principles User behavior and psychology Wireframing and prototyping tools Animation and micro-interaction design Collaborative design processes
In-House Counsel,"In the role of In-House Counsel, you will provide legal support to the organization across various areas, including contracts, employment law, and regulatory compliance. You will draft legal documents, handle litigation matters, and advise on legal risks affecting day-to-day operations. Your role is crucial in ensuring the company operates within the bounds of the law.",In-house counsel Legal advisory Employment law Intellectual property Regulatory compliance Dispute resolution Contract review Client counseling
Network Administrator,"Network Administrators manage an organizations computer networks. They configure, monitor, and maintain network infrastructure, ensuring optimal performance and security.","Network management Troubleshooting Network security IT certifications (e.g., CCNA)"
Software QA Tester,"Software QA Testers ensure the quality of software products by designing and executing test cases, identifying defects, and reporting issues to developers. They play a critical role in ensuring software reliability and functionality.","Software quality assurance Test planning Test case design Test execution Defect tracking Test automation (e.g., Selenium)"
Web Designer,"A Web Designer specializes in designing visually appealing and responsive websites. They create layouts, graphics, and user interfaces to enhance the online presence of businesses.","Web design concepts Graphic design software (e.g., Adobe Creative Suite) HTML and CSS Responsive design User interface (UI) principles Visual communication Typography Color theory Creativity Attention to detail Collaboration"
Wealth Management Advisor,Wealth Management Advisors provide comprehensive financial planning and investment management services to high-net-worth individuals and families.,Wealth management strategies Asset allocation Estate planning Tax management Client relationship management
Project Architect,"Project Architects lead architectural projects, from concept to completion, coordinating design teams, managing budgets, and ensuring compliance with regulations.",Architectural project management Construction documents Building systems Design coordination Client communication
Community Manager,"Community Managers build and engage online communities around a brand or product. They interact with community members, moderate discussions, and foster a sense of belonging and loyalty among community members.",Community engagement and moderation Online community-building strategies Content curation and creation Crisis management and conflict resolution Analytics and reporting
Child Welfare Worker,"Work with at-risk children and families, assess needs, provide support, and ensure child safety and well-being.",Child welfare policies and regulations Child protective services Child development Crisis intervention Case management Cultural competence Interviewing and assessment skills Court procedures Documentation Empathy Communication skills
Frontend Web Designer,"Frontend Web Designers create the visual elements and user interfaces of websites. They use HTML, CSS, and JavaScript to design responsive, user-friendly web pages, ensuring a seamless and visually appealing online experience.",Frontend web development HTML/CSS Responsive design User interface (UI) design Adobe Creative Suite Collaboration skills
Mediator,Mediators facilitate negotiations and dispute resolution between parties in conflict. They remain neutral and help parties reach mutually acceptable agreements through effective communication and problem-solving techniques.,Mediation Conflict resolution Negotiation Communication skills Neutrality Problem-solving Legal knowledge Mediation techniques
Supply Chain Coordinator,"A Supply Chain Coordinator manages supply chain operations, coordinates logistics, and ensures the seamless flow of goods and materials throughout the supply chain network.",Supply chain logistics Inventory management Communication skills Problem-solving Vendor coordination
Conference Manager,"A Conference Manager coordinates and manages conferences, meetings, and events. They plan logistics, handle budgeting, liaise with vendors, and ensure the smooth execution of events, catering to the needs and expectations of attendees.",Event planning Conference logistics Budget management Vendor coordination Marketing and promotion Client relations
Systems Integration Specialist,"The role of a Systems Integration Specialist involves integrating various software and hardware components to create cohesive systems. You will design and implement solutions that enable different systems to communicate and work together seamlessly. Your responsibilities also include troubleshooting integration issues, ensuring data consistency, and collaborating with cross-functional teams.",Systems integration Integration architecture Data mapping Middleware technologies API integration System testing Troubleshooting
Paid Advertising Specialist,Paid Advertising Specialists manage paid advertising campaigns. They use platforms like Google Ads and social media advertising to reach target audiences and achieve marketing goals.,Google Ads management PPC campaign optimization Keyword research Ad copywriting A/B testing Conversion tracking
Social Media Manager,"Social Media Managers oversee an organizations social media presence. They create and schedule content, engage with followers, and analyze social media metrics to drive brand awareness and engagement.","Social media platforms (e.g., Facebook, Twitter, Instagram) Content creation and scheduling Social media analytics and insights Community engagement Paid social advertising"
Agile Product Owner,"Agile Product Owners work closely with development teams in Agile environments. They define and prioritize product backlog items, communicate the product vision, and ensure that the product increments delivered align with customer needs and project objectives.",Agile product development Scrum or Kanban frameworks Backlog management User story writing Prioritization techniques Collaboration with development teams Product vision and strategy
Digital Marketing Specialist,"Digital Marketing Specialists create and execute online marketing campaigns. They utilize digital channels like social media, email, and SEO to reach target audiences, generate leads, and improve brand visibility and engagement.",Digital marketing strategy Social media marketing Content creation SEO (Search Engine Optimization) PPC advertising Analytics and reporting
Small Animal Veterinarian,"A Small Animal Veterinarian provides medical care to small pets, such as dogs and cats. They diagnose illnesses, perform surgeries, and advise pet owners on healthcare practices.",Veterinary medicine Small animal care and surgery Animal diagnostics Preventive medicine Client communication Surgical skills Radiology Anesthesia Laboratory diagnostics Compassion and empathy Problem-solving Attention to detail
Sourcing Analyst,"Sourcing Analysts research and analyze potential suppliers, evaluate procurement strategies, and negotiate contracts to secure cost-effective and quality supplies.",Sourcing strategies Supplier evaluation Market research Cost analysis Contract negotiation
Equine Veterinarian,"An Equine Veterinarian specializes in the health and well-being of horses. They diagnose and treat equine illnesses, perform surgeries, and provide preventive care for horses.",Equine veterinary medicine Horse anatomy and physiology Lameness evaluation Equine surgery Dentistry for horses Emergency equine care Equine reproductive health Compassion and empathy Client communication Problem-solving Attention to detail
Corporate Event Coordinator,"Coordinate corporate events, conferences, and meetings, handle logistics, and ensure a seamless experience for attendees.",Corporate event planning Corporate branding and messaging Speaker and entertainment booking Audiovisual production Team coordination Crisis management Budgeting and financial management Client communication Creativity Problem-solving Attention to detail
Usability Analyst,Evaluate and improve the usability of websites and applications through user testing and analysis.,Usability evaluation User interface assessment Usability testing tools and techniques
Competitive Intelligence Analyst,Competitive Intelligence Analysts gather data on competitors and industry trends. They analyze information to help businesses make informed decisions and gain a competitive edge.,Competitive analysis Market research Data analysis Business strategy Industry knowledge
Inventory Control Specialist,"Inventory Control Specialists manage and optimize inventory levels in a business. They track stock, monitor demand, and implement inventory control procedures to ensure efficient operations and minimize carrying costs.",Inventory management Stock control Demand forecasting Inventory tracking systems Supply chain coordination Problem-solving skills
Brand Promoter,"Brand Promoters are responsible for promoting a companys brand or products. They engage with the target audience, create marketing strategies, and build brand awareness.",Brand promotion Marketing knowledge Communication skills Sales techniques Product knowledge
Nurse Educator,"Nurse Educators are responsible for teaching and mentoring nursing students and healthcare professionals. They develop and deliver educational programs, assess learning outcomes, and ensure the competence of nursing staff.",Nursing education Curriculum development Clinical instruction Assessment and evaluation Educational technology Communication skills
Architectural Designer,"Architectural Designers create architectural plans and designs for buildings and structures, considering aesthetics, functionality, and safety standards.","Architectural design software (e.g., AutoCAD, Revit) Building codes and regulations 3D modeling Visualization Sustainable design"
Wedding Planner,"Wedding Planners specialize in organizing weddings, assisting couples with every aspect of wedding planning, from venue selection to catering and decor.",Wedding planning Venue selection Catering and menu planning Floral and decor design Wedding etiquette
Enterprise Architect,"An Enterprise Architect oversees the overall IT infrastructure, ensuring it supports business processes, and develops strategies to enhance the organizations technology landscape.",Enterprise architecture Business strategy alignment IT governance and compliance
Digital Marketing Director,"Digital Marketing Directors lead digital marketing efforts. They develop and execute digital strategies, oversee campaigns, and measure performance to achieve marketing goals.",Digital marketing strategy Marketing analytics Team leadership Content marketing SEO and SEM proficiency
Risk Analyst,A Risk Analyst assesses and manages financial risks within an organization. They use data analysis and modeling to evaluate potential risks and recommend mitigation strategies.,Risk assessment Data analysis Financial modeling Risk management tools Regulatory compliance knowledge
Strategic Account Manager,"Strategic Account Managers nurture relationships with key clients. They develop account strategies, address client needs, and seek opportunities for business growth and expansion.",Account management Client relationship Sales strategy Business development Negotiation skills
Procurement Analyst,"Analyze procurement data, identify cost-saving opportunities, and support the procurement process.",Procurement processes Vendor assessment Contract negotiation Purchase order management Spend analysis Market research Supplier relationship management Data analysis Problem-solving Attention to detail Communication skills Financial acumen
Solution Architect,"A Solution Architect designs and develops effective solutions for complex business problems, leveraging technology and aligning them with the organizations goals and objectives.",Solution design Technical architecture Cloud computing and software development knowledge
Cybersecurity Analyst,"Cybersecurity Analysts protect computer systems and networks from cyber threats. They monitor security systems, investigate breaches, and implement security measures to safeguard data.","Cybersecurity Security assessments Intrusion detection Security tools (e.g., SIEM) Incident response Vulnerability scanning"
Data Analyst Researcher,A Data Analyst Researcher conducts research and analysis using data to support academic or scientific inquiries. They contribute to research projects and publish findings.,"Data analysis techniques Research methodologies Data collection and interpretation Statistical analysis software (e.g., R, Python) Data visualization tools (e.g., Tableau, Power BI) Research report writing Critical thinking Problem-solving Communication skills Attention to detail"
SEO Specialist,"SEO Specialists optimize websites for search engines to improve online visibility. They conduct keyword research, optimize content, and implement SEO strategies to increase organic traffic and rankings.","Search engine algorithms and ranking factors Keyword research and analysis On-page and off-page SEO optimization SEO tools (e.g., Google Analytics, SEMrush) SEO content strategy"
Office Manager,"Office Managers oversee daily office operations, including supervising staff, managing facilities, and ensuring efficient workflow. They may also handle budgeting, resource allocation, and office policies.",Office administration and management Budgeting and expense tracking Team coordination and supervision Facility management Vendor and supplier relations
Environmental Planner,Environmental Planners assess and mitigate the impact of projects on the environment. They ensure compliance with environmental regulations and promote sustainable practices.,Environmental regulations Ecosystem analysis Environmental impact assessments Sustainability planning Project management
Primary Care Physician Assistant,"Provide medical care under the supervision of physicians, conduct examinations, diagnose and treat patients.",Medical knowledge and clinical skills Patient care and assessment Communication and empathy
Bridge Engineer,"A Bridge Engineer specializes in designing and maintaining bridges, ensuring their structural integrity, safety, and compliance with engineering standards and regulations.",Bridge design Civil engineering Structural analysis AutoCAD proficiency Project management
Purchasing Coordinator,"Purchasing Coordinators manage procurement processes. They source and purchase goods and services, negotiate with suppliers, and ensure cost-effective and timely acquisitions.",Procurement Supplier management Negotiation Supply chain management Inventory control Vendor relations
DevOps Engineer,"DevOps Engineers focus on automating and streamlining the development and deployment processes. They work to improve collaboration between development and IT operations, implementing tools and practices for continuous integration and continuous delivery (CI/CD).","Automation and scripting (e.g., Python, Bash) Continuous Integration/Continuous Deployment (CI/CD) Containerization (e.g., Docker, Kubernetes) Infrastructure as Code (e.g., Terraform, Ansible) Cloud platforms (e.g., AWS, Azure, GCP) Monitoring and troubleshooting skills"
Social Media Strategist,"Social Media Strategists develop and execute social media strategies to achieve marketing goals. They analyze social media trends, create content calendars, and measure the effectiveness of social media campaigns.",Social media marketing strategy development Content planning and creation Social media advertising and targeting Data-driven decision-making Social media trends and platform updates
Wedding Coordinator,"Plan and execute weddings, coordinate vendors, manage budgets, and oversee all aspects of the event to create a memorable day.",Wedding planning Vendor coordination Ceremony and reception logistics Wedding etiquette Budget management Timeline planning Attention to detail Client communication Creativity Problem-solving Emotional intelligence Event design
Digital Marketing Coordinator,"Digital Marketing Coordinators manage online marketing efforts, including social media, email marketing, and SEO, to drive digital engagement and growth.",Digital marketing strategy development Social media advertising Email marketing Google Analytics and SEO Content management systems (CMS) proficiency
Wedding Designer,"A Wedding Designer specializes in creating visually appealing wedding designs and décor, transforming wedding venues into beautiful and memorable spaces.",Wedding design concepts Decor selection and arrangement Creative flair
Systems Administrator,"Manage and maintain an organizations IT infrastructure, including servers, hardware, and software systems.","System administration Server maintenance Active Directory Backup and recovery Cloud computing (e.g., AWS, Azure) Troubleshooting IT security best practices Collaboration Problem-solving Attention to detail Communication skills Technical knowledge"
Budget Analyst,"Budget Analysts manage and analyze financial data to develop, monitor, and report on budgets. They work with departments to ensure budget compliance, identify cost-saving opportunities, and provide financial insights to support strategic planning and decision-making.",Budget planning Financial forecasting Excel proficiency Data analysis
Personal Secretary,"Personal Secretaries provide administrative support to individuals or executives. They manage schedules, handle correspondence, and assist with various tasks to ensure efficiency.",Administrative support Calendar management Communication skills Time management Organizational skills Confidentiality
Procurement Analyst,"Analyze procurement data, identify cost-saving opportunities, and support the procurement process.",Procurement processes Vendor assessment Contract negotiation Purchase order management Spend analysis Market research Supplier relationship management Data analysis Problem-solving Attention to detail Communication skills Financial acumen
Transportation Planner,"Transportation Planners design and manage transportation systems. They optimize traffic flow, plan public transit routes, and enhance overall transportation efficiency.",Transportation planning Traffic engineering GIS proficiency Public transportation Project management
User Experience Designer,"User Experience Designers create intuitive and user-friendly digital interfaces. They conduct user research, design prototypes, and work to enhance the overall user experience of websites and applications.","User-centered design principles UX/UI design tools (e.g., Sketch, Adobe XD) Wireframing and prototyping Usability testing and user research Information architecture and user flows"
Industrial Designer,"An Industrial Designer creates and improves product designs, focusing on aesthetics, functionality, and user experience to produce innovative and marketable products.",Industrial design principles CAD and 3D modeling Prototyping and testing
Deliverability Analyst,"Monitor and improve email deliverability rates, troubleshoot delivery issues, and maintain a clean email list.","Email deliverability best practices Spam filter testing List hygiene Blacklist monitoring Email authentication (e.g., SPF, DKIM) Deliverability metrics analysis Troubleshooting deliverability issues Communication skills Data analysis Attention to detail"
Key Account Manager,"Manage key client accounts, build strong relationships, and drive revenue growth.",Key account management Relationship building Sales negotiation
Orthopedic Physical Therapist,"Provide physical therapy services to patients with orthopedic conditions, rehabilitate injuries, and improve mobility.",Orthopedic assessment and treatment Rehabilitation exercises Patient education
Interior Designer,"Interior Designers plan and design interior spaces to meet the functional and aesthetic needs of clients. They select furniture, colors, materials, and layouts to create visually appealing and functional interiors for homes and businesses.","Interior design Space planning Color theory Material selection CAD software (e.g., SketchUp) Client collaboration Budget management"
Intellectual Property Lawyer,"An Intellectual Property Lawyer specializes in protecting and managing intellectual property rights, including patents, trademarks, and copyrights. They provide legal advice, handle trademark registration, patent applications, and enforce IP rights.",Intellectual property law Trademark and patent law Copyright law IP portfolio management Litigation and dispute resolution
Data Scientist,"Data Scientists use their expertise in data analysis and machine learning to extract valuable insights and predictions from data. They build and train models, conduct statistical analysis, and communicate findings to drive data-driven decision-making in the organization.","Machine learning algorithms and libraries (e.g., scikit-learn, TensorFlow, PyTorch) Statistical analysis and modeling Data preprocessing and cleaning Big data technologies (e.g., Hadoop, Spark) Data visualization Strong programming skills (Python, R)"
Family Counselor,"A Family Counselor works with families to address interpersonal issues, improve communication, and resolve conflicts, fostering healthier family dynamics.",Family counseling Marriage and family therapy Conflict resolution skills
User Experience Designer,"User Experience Designers create intuitive and user-friendly digital interfaces. They conduct user research, design prototypes, and work to enhance the overall user experience of websites and applications.","User-centered design principles UX/UI design tools (e.g., Sketch, Adobe XD) Wireframing and prototyping Usability testing and user research Information architecture and user flows"
Portfolio Manager,"A Portfolio Manager oversees investment portfolios, making decisions to maximize returns and minimize risks. They analyze financial markets and adjust asset allocations accordingly.",Investment management Financial analysis Risk assessment Asset allocation Portfolio optimization
Frontend Developer,"A Frontend Developer is responsible for designing and implementing user interfaces for web applications. They collaborate with designers to create visually appealing and responsive web pages, ensuring a seamless user experience across different devices and browsers.","Proficiency in HTML, CSS, and JavaScript Experience with frontend frameworks like React, Angular, or Vue.js Responsive web design Cross-browser compatibility Version control (e.g., Git) Frontend performance optimization"
Logistics Analyst,"A Logistics Analyst analyzes and optimizes logistics and supply chain operations, identifying cost-saving opportunities, improving transportation efficiency, and enhancing supply chain performance.",Supply chain analysis Data analytics Inventory management Transportation planning Problem-solving
UI/UX Designer,"UI/UX Designers focus on creating user-friendly and visually appealing interfaces for digital products. They conduct user research, design wireframes and prototypes, and collaborate with development teams to ensure a seamless and enjoyable user experience.","User interface (UI) design User experience (UX) design Wireframing and prototyping tools (e.g., Sketch, Figma) Usability testing Information architecture Interaction design Mobile and responsive design"
Network Administrator,"Network Administrators manage an organizations computer networks. They configure, monitor, and maintain network infrastructure, ensuring optimal performance and security.","Network management Troubleshooting Network security IT certifications (e.g., CCNA)"
Quality Assurance Analyst,"A Quality Assurance Analyst tests software and products to ensure they meet quality standards. They identify defects, report issues, and work with development teams to resolve problems.","Quality assurance processes Testing methodologies (e.g., manual, automated) Bug tracking and reporting Test case development Regression testing"
Executive Assistant,"Support high-level executives by managing schedules, coordinating meetings, and handling various administrative tasks.","Calendar management Travel coordination Meeting scheduling Correspondence and communication Office organization Confidentiality Time management Problem-solving Attention to detail Communication skills Technology proficiency (e.g., MS Office)"
Administrative Manager,"Administrative Managers oversee office operations. They manage administrative staff, coordinate tasks, and ensure smooth office functioning to support the organizations goals.",Administrative leadership Office management Staff supervision Budgeting and financial management Process improvement Communication skills
Paralegal,"Assist lawyers with legal research, document preparation, and case management in law firms or legal departments.","Legal research Document drafting Case management E-filing Legal databases (e.g., LexisNexis) Client communication Deposition preparation Trial support Ethics and confidentiality Attention to detail Communication skills Legal software proficiency"
Litigation Paralegal,"Assist in litigation cases, including document preparation, legal research, and trial support.",Legal research Discovery management Case preparation Trial support Document review Client communication E-filing Attention to detail Multitasking Legal terminology Technology proficiency Communication skills Legal software proficiency
Performance Testing Specialist,"Performance Testing Specialists assess the performance of software applications by conducting load, stress, and scalability tests. They identify bottlenecks, optimize performance, and ensure software can handle user demands effectively.",Performance testing Load testing Stress testing Test scenarios Performance monitoring Benchmarking Performance analysis
Digital Marketing Coordinator,"Digital Marketing Coordinators manage online marketing efforts, including social media, email marketing, and SEO, to drive digital engagement and growth.",Digital marketing strategy development Social media advertising Email marketing Google Analytics and SEO Content management systems (CMS) proficiency
Commercial Interior Designer,A Commercial Interior Designer focuses on designing interior spaces for businesses and commercial properties. They optimize layouts for productivity and aesthetics.,Commercial interior design Workplace ergonomics Building codes and regulations knowledge Sustainable design principles AutoCAD and Revit proficiency
Sustainable Landscape Specialist,"Sustainable Landscape Specialists focus on creating environmentally friendly and sustainable landscapes. They incorporate eco-friendly practices, native plants, and water conservation techniques into landscape design and maintenance.",Sustainable landscape design Native plant selection Water conservation Soil health Green building practices LEED certification
Environmental Consultant,"An Environmental Consultant assesses environmental impacts, provides regulatory compliance guidance, and develops strategies for sustainable practices and environmental protection.",Environmental assessments Regulatory compliance Environmental impact analysis
Wedding Planner,"Wedding Planners specialize in organizing weddings, assisting couples with every aspect of wedding planning, from venue selection to catering and decor.",Wedding planning Venue selection Catering and menu planning Floral and decor design Wedding etiquette
Investment Advisor,"Investment Advisors offer financial advice to clients, helping them make investment decisions, manage portfolios, and achieve their financial goals.",Investment strategies Portfolio management Financial planning Risk assessment Regulatory compliance
Executive Assistant,"Support high-level executives by managing schedules, coordinating meetings, and handling various administrative tasks.","Calendar management Travel coordination Meeting scheduling Correspondence and communication Office organization Confidentiality Time management Problem-solving Attention to detail Communication skills Technology proficiency (e.g., MS Office)"
Talent Acquisition Manager,"Talent Acquisition Managers oversee the recruitment and hiring process. They develop recruitment strategies, source candidates, conduct interviews, and collaborate with hiring managers to attract and hire qualified talent to meet the organizations staffing needs.",Talent sourcing Interviewing Onboarding Recruitment strategies HR software
Product Marketing Manager,"Product Marketing Managers promote and market products or services. They create marketing strategies, conduct market research, develop messaging, and collaborate with cross-functional teams to launch and promote products effectively in the market.",Product positioning and messaging Market research and analysis Product launch planning Competitive analysis Marketing collateral creation Pricing strategies Cross-functional collaboration
Procurement Manager,"Procurement Managers oversee procurement processes, managing vendor relationships, negotiating contracts, and ensuring cost-effective purchasing of goods and services.",Procurement strategies Supplier management Negotiation Cost analysis Supply chain management
User Experience Designer,"User Experience Designers create intuitive and user-friendly digital interfaces. They conduct user research, design prototypes, and work to enhance the overall user experience of websites and applications.","User-centered design principles UX/UI design tools (e.g., Sketch, Adobe XD) Wireframing and prototyping Usability testing and user research Information architecture and user flows"
UI/UX Front-End Developer,"UI/UX Front-End Developers focus on creating user-friendly and visually appealing interfaces for web and mobile applications. They work on user experience design, responsive layouts, and front-end development to optimize user interactions.",UI/UX design Frontend web development Wireframing and prototyping User research Accessibility standards Responsive design Collaboration skills
Data Business Analyst,"Data Business Analysts focus on data-related projects. They collect and analyze data, identify trends, and provide insights to support data-driven decision-making within the organization.","Data analysis Data modeling Data visualization SQL Data tools (e.g., Tableau)"
Technical Copywriter,"Technical Copywriters create content that explains complex technical concepts in a clear and accessible manner. They often write user manuals, product documentation, and technical guides to assist users and customers.",Technical writing Documentation User manuals Technical specifications Industry-specific terminology Research skills
SEO Analyst,"SEO Analysts optimize websites for search engines, conduct keyword research, analyze performance metrics, and implement strategies to improve search rankings.","Search engine optimization Keyword research SEO tools (e.g., Google Analytics, SEMrush) On-page and off-page optimization"
Marketing Communications Director,"Marketing Communications Directors manage marketing communication efforts. They oversee messaging, branding, and promotional activities to effectively reach target audiences.",Marketing communication Public relations Content strategy Crisis management Media relations
Content Marketing Manager,"Content Marketing Managers oversee the creation and distribution of content to attract and engage customers. They develop content strategies, manage content teams, and track performance metrics to optimize content marketing efforts.",Content strategy Content creation Blog management Content promotion SEO Analytics and reporting
Investment Analyst,"Investment Analysts analyze financial data and market trends to make informed investment recommendations. They research and assess investment opportunities, create financial models, and provide insights to guide investment decisions and portfolio management.",Financial analysis Investment evaluation Portfolio management Data analysis
Controls Engineer,"Controls Engineers specialize in industrial automation, designing and implementing control systems for machinery and manufacturing processes. They optimize efficiency and safety.",Control system design PLC programming Automation Instrumentation System integration
Social Media Manager,"Social Media Managers oversee an organizations social media presence. They create and schedule content, engage with followers, and analyze social media metrics to drive brand awareness and engagement.","Social media platforms (e.g., Facebook, Twitter, Instagram) Content creation and scheduling Social media analytics and insights Community engagement Paid social advertising"
Quality Control Engineer,"Monitor and maintain product quality standards, perform inspections, and implement quality control procedures.","Quality control processes Quality assurance standards (e.g., ISO) Statistical analysis Inspection techniques Documenting quality issues Root cause analysis Communication with production teams Problem-solving Attention to detail Technical knowledge"
Research Analyst,"Research Analysts conduct research, collect data, and analyze information to support business decision-making. They generate reports and recommendations based on their findings to aid in strategic planning.",Data collection and analysis Market research tools and techniques Survey design and analysis Qualitative and quantitative research methods Report writing and presentation skills
Network Administrator,"Network Administrators manage an organizations computer networks. They configure, monitor, and maintain network infrastructure, ensuring optimal performance and security.","Network management Troubleshooting Network security IT certifications (e.g., CCNA)"
Family Nurse Practitioner,"Family Nurse Practitioners specialize in family-centered healthcare, providing comprehensive medical care to individuals of all ages within a family context.",Family medicine Health assessment Pediatric care Chronic disease management Patient education
Interaction Designer,Interaction Designers specialize in designing user interactions within digital interfaces. They create meaningful and engaging user experiences by considering user behaviors and system responses.,Interaction design principles User behavior and psychology Wireframing and prototyping tools Animation and micro-interaction design Collaborative design processes
Retirement Planner,"Retirement Planners assist clients in planning for retirement, including savings strategies, pension options, and retirement income planning.",Retirement planning Social security Investment products Tax planning Estate planning
Instructional Designer,Instructional Designers develop educational materials and curricula. They design engaging and effective learning experiences for students or employees.,Instructional design eLearning tools Curriculum development Multimedia design Learning theory knowledge
Marketing Communications Director,"Marketing Communications Directors manage marketing communication efforts. They oversee messaging, branding, and promotional activities to effectively reach target audiences.",Marketing communication Public relations Content strategy Crisis management Media relations
Wedding Planner,"Wedding Planners specialize in organizing weddings, assisting couples with every aspect of wedding planning, from venue selection to catering and decor.",Wedding planning Venue selection Catering and menu planning Floral and decor design Wedding etiquette
Procurement Manager,"Procurement Managers oversee procurement processes, managing vendor relationships, negotiating contracts, and ensuring cost-effective purchasing of goods and services.",Procurement strategies Supplier management Negotiation Cost analysis Supply chain management
Quality Assurance Manager,"Quality Assurance Managers lead quality assurance teams, ensuring that products or services meet established quality standards. They develop QA processes, set quality goals, and monitor compliance to maintain quality excellence.",Quality assurance processes and methodologies Quality metrics and KPIs Audit and compliance Team leadership and management Continuous improvement initiatives
Quality Control Engineer,"Monitor and maintain product quality standards, perform inspections, and implement quality control procedures.","Quality control processes Quality assurance standards (e.g., ISO) Statistical analysis Inspection techniques Documenting quality issues Root cause analysis Communication with production teams Problem-solving Attention to detail Technical knowledge"
HR Coordinator,"HR Coordinators assist in HR functions such as recruitment, onboarding, and employee record maintenance. They often handle administrative tasks, organize training programs, and provide support to the HR department in various ways.",Human resources Recruitment Employee onboarding HRIS (HR Information Systems) Record keeping Communication skills
Database Administrator,"Database Administrators manage databases, ensuring data integrity, security, and efficient performance. They design, implement, and maintain databases while troubleshooting issues.","Database management systems (e.g., MySQL, Oracle, SQL Server) Data security Database tuning and optimization Backup and recovery"
User Interface Designer,"User Interface Designers focus on the visual and interactive aspects of digital interfaces. They design layouts, buttons, and other elements to ensure a cohesive and visually appealing user interface.","UI design principles and best practices Graphic design tools (e.g., Adobe Photoshop, Illustrator) Typography and color theory Visual design and layout Responsive design"
Electronics Hardware Engineer,"Electronics Hardware Engineers develop and design electronic components and systems, from circuit boards to hardware prototypes, ensuring functionality and performance.",Electronics design PCB layout Embedded systems Circuit analysis Troubleshooting
B2B Sales Consultant,"B2B Sales Consultants specialize in business-to-business sales. They identify and target potential corporate clients, negotiate contracts, and build long-term relationships to drive sales growth in the B2B market.",B2B sales Business-to-business sales strategies Lead generation Sales negotiations Client relationship building Market research
Java Backend Developer,"Java Backend Developers specialize in building the server-side components of software applications using Java. They work on database integration, server logic, and performance optimization to ensure efficient and reliable backend functionality.","Backend development RESTful APIs Database integration Java EE (Enterprise Edition) Performance optimization Version control (e.g., Git)"
Data Entry Specialist,"Accurately input and maintain data in databases or spreadsheets, ensuring data integrity and organization.","Data entry accuracy and speed Database software (e.g., Microsoft Access, Excel) Attention to detail Time management Organization Multitasking Keyboarding skills Data verification Problem-solving Communication skills Computer proficiency"
SEO Specialist,"SEO Specialists optimize websites for search engines to improve online visibility. They conduct keyword research, optimize content, and implement SEO strategies to increase organic traffic and rankings.","Search engine algorithms and ranking factors Keyword research and analysis On-page and off-page SEO optimization SEO tools (e.g., Google Analytics, SEMrush) SEO content strategy"
Supply Chain Coordinator,"A Supply Chain Coordinator manages supply chain operations, coordinates logistics, and ensures the seamless flow of goods and materials throughout the supply chain network.",Supply chain logistics Inventory management Communication skills Problem-solving Vendor coordination
Construction Project Manager,"The Construction Project Manager oversees and manages construction projects, ensuring they are completed on time and within budget. They coordinate with contractors, architects, and other stakeholders to ensure successful project delivery.",Construction management Budgeting Contract negotiation Safety regulations
Environmental Compliance Officer,"Environmental Compliance Officers ensure that organizations adhere to environmental regulations and standards. They conduct audits, develop compliance programs, and oversee efforts to minimize environmental impact and maintain regulatory compliance.",Environmental compliance Regulatory requirements Environmental impact assessments Reporting Environmental regulations Auditing
Inventory Control Specialist,"Inventory Control Specialists manage and optimize inventory levels in a business. They track stock, monitor demand, and implement inventory control procedures to ensure efficient operations and minimize carrying costs.",Inventory management Stock control Demand forecasting Inventory tracking systems Supply chain coordination Problem-solving skills
Supplier Diversity Manager,"Promote diversity and inclusion in the supply chain, manage supplier diversity programs, and assess supplier performance.",Supplier diversity programs Diversity and inclusion initiatives Supplier assessment and certification Data collection and reporting Vendor outreach and engagement Strategic planning Communication skills Relationship building Attention to diversity and inclusion principles
Call Center Agent,"A Call Center Agent handles incoming and outgoing customer calls, providing assistance, resolving issues, and ensuring a positive customer experience over the phone.",Customer service Call center operations Problem-solving skills
Art Education Coordinator,"An Art Education Coordinator plans and manages art education programs, curriculum development, and educational outreach to promote art appreciation and learning within communities.",Art education curriculum Program development Teacher training Communication skills Artistic expertise
Event Planner,"Plan and coordinate events, including selecting venues, managing budgets, arranging logistics, and ensuring a successful outcome.",Event planning and coordination Budget management Vendor negotiation Venue selection and management Timeline and logistics planning Marketing and promotion Risk management Client communication Creativity Problem-solving Attention to detail
Research Analyst,"Research Analysts conduct research, collect data, and analyze information to support business decision-making. They generate reports and recommendations based on their findings to aid in strategic planning.",Data collection and analysis Market research tools and techniques Survey design and analysis Qualitative and quantitative research methods Report writing and presentation skills
Event Coordinator,"Event Coordinators plan and execute various events, including conferences, parties, and meetings, managing logistics, budgets, and vendor relationships.",Event planning Vendor coordination Budget management Marketing and promotion Logistics
Java Web Application Developer,"Java Web Application Developers create web applications using Java technologies. They develop user interfaces, integrate backend systems, and ensure the functionality and security of web applications to provide a seamless user experience.","Web application development Java web frameworks (e.g., Servlets, JSP) Frontend integration User authentication Security protocols Code documentation"
Nursing Director,"Nursing Directors oversee nursing departments in healthcare facilities. They manage nursing staff, develop policies and procedures, and ensure the delivery of high-quality patient care while adhering to regulatory standards.",Nursing management Patient care coordination Staff supervision Compliance with healthcare regulations Quality improvement Leadership skills
Transportation Engineer,"A Transportation Engineer plans and designs transportation systems, including roads, highways, and public transit. They aim to improve transportation efficiency and safety.","Transportation engineering Traffic analysis and planning Civil engineering software (e.g., MicroStation, AutoCAD Civil 3D) Roadway design Public transportation knowledge"
General Pediatrician,"General Pediatricians provide medical care to infants, children, and adolescents. They diagnose and treat various pediatric conditions, offer preventive care, and educate patients and parents on child health and well-being.",Pediatrics Pediatric care Diagnosis and treatment Pediatric medical procedures Patient care Communication skills
Account Executive,"Account Executives manage and grow relationships with existing clients or customers. They understand client needs, propose solutions, negotiate contracts, and ensure customer satisfaction, often working closely with sales and customer support teams.",Sales strategy and planning Account management Customer relationship management Solution selling Sales forecasting Contract negotiation Sales metrics and reporting
Residential Landscape Designer,Create aesthetically pleasing and functional landscape designs for residential properties.,Landscape design Plant selection and care Hardscape design
DevOps Engineer,"DevOps Engineers focus on automating and streamlining the development and deployment processes. They work to improve collaboration between development and IT operations, implementing tools and practices for continuous integration and continuous delivery (CI/CD).","Automation and scripting (e.g., Python, Bash) Continuous Integration/Continuous Deployment (CI/CD) Containerization (e.g., Docker, Kubernetes) Infrastructure as Code (e.g., Terraform, Ansible) Cloud platforms (e.g., AWS, Azure, GCP) Monitoring and troubleshooting skills"
Frontend Developer,"A Frontend Developer is responsible for designing and implementing user interfaces for web applications. They collaborate with designers to create visually appealing and responsive web pages, ensuring a seamless user experience across different devices and browsers.","Proficiency in HTML, CSS, and JavaScript Experience with frontend frameworks like React, Angular, or Vue.js Responsive web design Cross-browser compatibility Version control (e.g., Git) Frontend performance optimization"
Software QA Tester,"Software QA Testers ensure the quality of software products by designing and executing test cases, identifying defects, and reporting issues to developers. They play a critical role in ensuring software reliability and functionality.","Software quality assurance Test planning Test case design Test execution Defect tracking Test automation (e.g., Selenium)"
Supplier Diversity Manager,"Promote diversity and inclusion in the supply chain, manage supplier diversity programs, and assess supplier performance.",Supplier diversity programs Diversity and inclusion initiatives Supplier assessment and certification Data collection and reporting Vendor outreach and engagement Strategic planning Communication skills Relationship building Attention to diversity and inclusion principles
Security Operations Center (SOC) Analyst,"SOC Analysts work in security operations centers. They monitor and respond to security incidents, analyze threats, and implement security protocols to protect an organizations assets.","SOC operations Security incident response Threat detection Log analysis Security tools (e.g., IDS/IPS) Security alerts triage"
Mobile App Developer,Mobile App Developers design and develop mobile applications for various platforms. They collaborate with cross-functional teams to create user-friendly and functional mobile apps that meet user needs.,"Mobile app development languages (e.g., Java, Swift, Kotlin) Cross-platform development (e.g., React Native, Flutter) Mobile app design principles APIs and web services integration Debugging and troubleshooting"
Data Analyst,"Analyze data sets, generate insights, and provide data-driven recommendations to inform business decisions.","Data analysis tools (e.g., SQL, Python) Data visualization tools (e.g., Tableau, Power BI) Statistical analysis Data cleansing and transformation Data modeling Communication of data insights Problem-solving Attention to detail Business acumen"
Court Clerk,"A Court Clerk manages administrative tasks within a court system, including maintaining court records, scheduling hearings, and assisting judges and legal professionals as needed.",Knowledge of court procedures Legal document management Attention to detail Computer literacy Organization skills
Customer Experience Strategist,"Customer Experience Strategists develop and execute strategies to enhance the overall customer experience. They analyze customer feedback, identify pain points, and work across departments to improve products, services, and customer interactions.",Customer experience strategy Customer journey mapping Feedback analysis User research Metrics and KPIs Communication skills
Desktop Support Technician,"Desktop Support Technicians troubleshoot and maintain desktop computer systems, resolving hardware and software problems for users.","Desktop hardware and software troubleshooting Operating system expertise (e.g., Windows, macOS) Remote desktop support Hardware and software upgrades Customer service skills"
Quality Assurance Analyst,"A Quality Assurance Analyst tests software and products to ensure they meet quality standards. They identify defects, report issues, and work with development teams to resolve problems.","Quality assurance processes Testing methodologies (e.g., manual, automated) Bug tracking and reporting Test case development Regression testing"
Account Executive,"Account Executives manage and grow relationships with existing clients or customers. They understand client needs, propose solutions, negotiate contracts, and ensure customer satisfaction, often working closely with sales and customer support teams.",Sales strategy and planning Account management Customer relationship management Solution selling Sales forecasting Contract negotiation Sales metrics and reporting
Social Media Manager,"Social Media Managers oversee an organizations social media presence. They create and schedule content, engage with followers, and analyze social media metrics to drive brand awareness and engagement.","Social media platforms (e.g., Facebook, Twitter, Instagram) Content creation and scheduling Social media analytics and insights Community engagement Paid social advertising"
Environmental Consultant,"An Environmental Consultant assesses environmental impacts, provides regulatory compliance guidance, and develops strategies for sustainable practices and environmental protection.",Environmental assessments Regulatory compliance Environmental impact analysis
B2B Sales Consultant,"B2B Sales Consultants specialize in business-to-business sales. They identify and target potential corporate clients, negotiate contracts, and build long-term relationships to drive sales growth in the B2B market.",B2B sales Business-to-business sales strategies Lead generation Sales negotiations Client relationship building Market research
Sales Account Manager,"A Sales Account Manager is responsible for building and maintaining relationships with clients, identifying their needs, and proposing tailored solutions to achieve sales targets.",Account management Sales strategy Negotiation and closing skills
Corporate Counsel,"As a Corporate Counsel, you will focus on legal matters related to corporate governance, mergers and acquisitions, and corporate compliance. You will draft and review corporate documents, oversee compliance programs, and handle complex legal negotiations. Your role includes managing legal relationships with external partners and providing strategic legal guidance to the company.",Corporate law Compliance Mergers and acquisitions Corporate governance Contract drafting Risk management Legal strategy Due diligence
Help Desk Support Specialist,"Help Desk Support Specialists provide technical assistance and support to end-users, resolving IT issues and ensuring smooth operations.",Technical troubleshooting Customer service and communication Ticketing system usage Basic IT knowledge Problem-solving and critical-thinking skills
User Researcher,"Conduct user research to understand customer needs, preferences, and behaviors to inform product development.",User research methods Usability testing Data analysis and interpretation
Deliverability Analyst,"Monitor and improve email deliverability rates, troubleshoot delivery issues, and maintain a clean email list.","Email deliverability best practices Spam filter testing List hygiene Blacklist monitoring Email authentication (e.g., SPF, DKIM) Deliverability metrics analysis Troubleshooting deliverability issues Communication skills Data analysis Attention to detail"
Usability Analyst,Evaluate and improve the usability of websites and applications through user testing and analysis.,Usability evaluation User interface assessment Usability testing tools and techniques
Inventory Manager,"An Inventory Manager oversees inventory levels, coordinates stock movements, and optimizes inventory control procedures to ensure efficient stock management and product availability.",Inventory control Demand forecasting Supply chain management Data analysis Warehouse management
Backend Web Developer,"Backend Web Developers build and maintain the server-side logic and infrastructure required for web applications. They work on data storage, APIs, and server communication to support the functionality of web applications.","Server-side programming (e.g., Node.js, Python) Database management (e.g., SQL, MongoDB)"
Technical Support Specialist,"Technical Support Specialists assist customers or end-users with technical issues related to products or services. They provide troubleshooting, resolve problems, and offer technical guidance through various communication channels, ensuring customer satisfaction.","Technical troubleshooting Customer support tools (e.g., Zendesk, Freshdesk) Communication skills Problem-solving and critical thinking Ticket management Knowledge base creation"
Call Center Agent,"A Call Center Agent handles incoming and outgoing customer calls, providing assistance, resolving issues, and ensuring a positive customer experience over the phone.",Customer service Call center operations Problem-solving skills
Search Engine Marketer,"Search Engine Marketers optimize online content for search engines. They use SEO strategies to improve website rankings, increase organic traffic, and enhance online visibility.",Search engine marketing PPC advertising SEO strategy Data analysis Digital marketing skills
Marketing Analytics Specialist,"Marketing Analytics Specialists analyze marketing data to derive insights and inform marketing strategies. They use tools like Google Analytics and data analysis software to track campaign performance, customer behavior, and market trends.",Marketing analytics Data analysis Data visualization Market research Google Analytics Marketing automation Reporting tools
System Administrator,"System Administrators manage and maintain computer systems and networks. They handle software installations, security measures, and troubleshooting to ensure system reliability.",System administration Network administration Troubleshooting Security management Server maintenance Backup and recovery
Quality Assurance Manager,"Quality Assurance Managers lead quality assurance teams, ensuring that products or services meet established quality standards. They develop QA processes, set quality goals, and monitor compliance to maintain quality excellence.",Quality assurance processes and methodologies Quality metrics and KPIs Audit and compliance Team leadership and management Continuous improvement initiatives
Residential Landscape Designer,Create aesthetically pleasing and functional landscape designs for residential properties.,Landscape design Plant selection and care Hardscape design
HVAC Engineer,"HVAC Engineers specialize in heating, ventilation, and air conditioning systems, designing efficient HVAC solutions for buildings and facilities.",Knowledge of HVAC systems and equipment Mechanical engineering skills Problem-solving abilities AutoCAD proficiency HVAC design and installation expertise
Research Psychologist,"Research Psychologists conduct psychological research to advance the fields understanding. They design studies, collect data, and analyze results to inform scientific knowledge.",Research methodology Data analysis Psychological studies Writing research reports Critical thinking
Sales Account Executive,"A Sales Account Executive is responsible for acquiring and managing business accounts. They identify sales opportunities, negotiate contracts, and meet revenue targets.",Sales strategies and tactics Account management Relationship building Sales forecasting Industry and product knowledge
Geriatric Physical Therapist,"Focus on the physical therapy needs of elderly patients, addressing mobility and age-related conditions.",Geriatric rehabilitation Fall prevention Elderly patient care
Email Marketing Specialist,"Email Marketing Specialists design and execute email marketing campaigns. They create email content, segment email lists, and analyze campaign performance to achieve marketing goals and engage subscribers.","Email marketing platforms (e.g., Mailchimp, Constant Contact) Email campaign creation and segmentation A/B testing and optimization Email deliverability and compliance Metrics tracking and analysis"
Cybersecurity Analyst,"Cybersecurity Analysts protect computer systems and networks from cyber threats. They monitor security systems, investigate breaches, and implement security measures to safeguard data.","Cybersecurity Security assessments Intrusion detection Security tools (e.g., SIEM) Incident response Vulnerability scanning"
Staff Nurse,"A Staff Nurse provides patient care, administers medications, and collaborates with healthcare teams to ensure the well-being of patients in clinical settings.",Nursing care Patient assessment Medical knowledge
Wedding Designer,"A Wedding Designer specializes in creating visually appealing wedding designs and décor, transforming wedding venues into beautiful and memorable spaces.",Wedding design concepts Decor selection and arrangement Creative flair
Automation Test Engineer,Automation Test Engineers develop automated test scripts and frameworks to streamline and enhance the testing process. They focus on automating repetitive tests to improve efficiency and maintain test consistency.,"Test automation Test framework development Continuous integration Scripting languages (e.g., Python) Test reporting Code review"
Help Desk Support Specialist,"Help Desk Support Specialists provide technical assistance and support to end-users, resolving IT issues and ensuring smooth operations.",Technical troubleshooting Customer service and communication Ticketing system usage Basic IT knowledge Problem-solving and critical-thinking skills
Infrastructure Manager,"An Infrastructure Manager is responsible for the operation and maintenance of an organizations IT infrastructure, including servers, networks, and data centers.","Network administration System administration Virtualization technologies (e.g., VMware, Hyper-V) Storage management IT security Disaster recovery planning Capacity planning Monitoring and troubleshooting Cloud infrastructure (e.g., AWS, Azure) Vendor management"
Front-End Developer,A Front-End Developer specializes in creating the user interface and user experience of websites or applications. They code and design elements that users interact with directly.,"Front-end web development HTML, CSS, JavaScript Responsive design Web performance optimization Cross-browser compatibility"
Demand Planner,A Demand Planner analyzes historical sales data to forecast future demand for products. They work to optimize inventory levels and ensure product availability while minimizing costs.,Demand forecasting Inventory management Data analysis Sales and operations planning (S&OP) ERP software proficiency
Research and Development (R&D) Engineer,"Conduct research, design experiments, and develop innovative products or technologies in various industries.",Research and development processes Product innovation Prototype development Testing and experimentation Data analysis Collaboration with cross-functional teams Problem-solving Attention to detail Technical expertise Project management skills
SQL Database Developer,"SQL Database Developers design, implement, and maintain relational databases using SQL (Structured Query Language). They write queries, optimize database performance, and ensure data integrity and security.",SQL (Structured Query Language) Database design Query optimization Data modeling Database maintenance Problem-solving skills
Research Psychologist,"Research Psychologists conduct psychological research to advance the fields understanding. They design studies, collect data, and analyze results to inform scientific knowledge.",Research methodology Data analysis Psychological studies Writing research reports Critical thinking
Machine Learning Engineer,"Machine Learning Engineers develop machine learning models and algorithms, working on tasks like data preprocessing, model training, and deployment.",Machine learning algorithms Python programming Data preprocessing Deep learning Model evaluation
Brand Director,"Brand Directors oversee brand management and strategy. They ensure brand consistency, guide marketing initiatives, and work to enhance brand perception and recognition.",Brand strategy Brand development Creative direction Brand management Market research
Aircraft Design Engineer,"Aircraft Design Engineers design and develop aircraft systems and structures. They work on aircraft components, propulsion systems, and aerodynamics to ensure safety and efficiency.","Aerospace engineering CAD software (e.g., AutoCAD) Aerodynamics Structural analysis Aircraft systems Safety regulations"
Call Center Agent,"A Call Center Agent handles incoming and outgoing customer calls, providing assistance, resolving issues, and ensuring a positive customer experience over the phone.",Customer service Call center operations Problem-solving skills
Legal Counsel,"As a Legal Counsel, your responsibilities include providing legal advice, drafting contracts, and ensuring compliance with laws and regulations. You will represent the company in legal matters, negotiate agreements, and mitigate legal risks. Your role involves staying informed about changes in the law and advising management on legal issues affecting the business.",Legal counsel Legal advice Contract negotiation Legal research Litigation support Client representation Legal writing Regulatory compliance
City Planner,"City Planners develop and implement urban planning strategies. They work to improve communities, manage resources, and address issues related to land use and infrastructure.",Urban planning Zoning regulations Environmental planning GIS proficiency Community engagement
Data Analyst,"Analyze data sets, generate insights, and provide data-driven recommendations to inform business decisions.","Data analysis tools (e.g., SQL, Python) Data visualization tools (e.g., Tableau, Power BI) Statistical analysis Data cleansing and transformation Data modeling Communication of data insights Problem-solving Attention to detail Business acumen"
Procurement Analyst,"Analyze procurement data, identify cost-saving opportunities, and support the procurement process.",Procurement processes Vendor assessment Contract negotiation Purchase order management Spend analysis Market research Supplier relationship management Data analysis Problem-solving Attention to detail Communication skills Financial acumen
Budget Analyst,"Budget Analysts manage and analyze financial data to develop, monitor, and report on budgets. They work with departments to ensure budget compliance, identify cost-saving opportunities, and provide financial insights to support strategic planning and decision-making.",Budget planning Financial forecasting Excel proficiency Data analysis
IT Project Manager,"IT Project Managers plan, execute, and oversee IT projects. They define project scope, allocate resources, manage budgets, and ensure projects are delivered on time and within scope. They also communicate project status and risks to stakeholders.",Project management Team leadership Risk management Budgeting Communication skills
Research Psychologist,"Research Psychologists conduct psychological research to advance the fields understanding. They design studies, collect data, and analyze results to inform scientific knowledge.",Research methodology Data analysis Psychological studies Writing research reports Critical thinking
Administrative Assistant,"An Administrative Assistant provides administrative support to the organization, including scheduling, document management, and assisting in day-to-day operations.",Office management Administrative tasks Communication and organization
Administrative Manager,"Administrative Managers oversee office operations. They manage administrative staff, coordinate tasks, and ensure smooth office functioning to support the organizations goals.",Administrative leadership Office management Staff supervision Budgeting and financial management Process improvement Communication skills
User Interface Designer,"User Interface Designers focus on the visual and interactive aspects of digital interfaces. They design layouts, buttons, and other elements to ensure a cohesive and visually appealing user interface.","UI design principles and best practices Graphic design tools (e.g., Adobe Photoshop, Illustrator) Typography and color theory Visual design and layout Responsive design"
Cloud Architect,"A Cloud Architect designs and manages cloud-based solutions, optimizing scalability, security, and performance while aligning them with the companys technology strategy.","Cloud computing platforms (AWS, Azure, etc.) Cloud security Containerization (Docker, Kubernetes)"
UI/UX Designer,"UI/UX Designers focus on creating user-friendly and visually appealing interfaces for digital products. They conduct user research, design wireframes and prototypes, and collaborate with development teams to ensure a seamless and enjoyable user experience.","User interface (UI) design User experience (UX) design Wireframing and prototyping tools (e.g., Sketch, Figma) Usability testing Information architecture Interaction design Mobile and responsive design"
Customer Success Manager,"Customer Success Managers focus on ensuring customer satisfaction and retention. They build relationships with clients, understand their needs, and work to maximize the value customers receive from products or services, ultimately driving customer success and loyalty.",Customer relationship management Onboarding and training Customer feedback analysis Retention strategies Cross-selling and upselling Strong communication and empathy Customer advocacy
HR Generalist,"HR Generalists handle various HR functions, including recruitment, employee relations, benefits administration, and HR compliance. They serve as a resource for employees and management, ensuring HR policies and practices align with organizational goals and legal requirements.",HR policies and procedures Employee relations Recruitment Communication skills
Litigation Paralegal,"Assist in litigation cases, including document preparation, legal research, and trial support.",Legal research Discovery management Case preparation Trial support Document review Client communication E-filing Attention to detail Multitasking Legal terminology Technology proficiency Communication skills Legal software proficiency
Network Administrator,"Network Administrators manage an organizations computer networks. They configure, monitor, and maintain network infrastructure, ensuring optimal performance and security.","Network management Troubleshooting Network security IT certifications (e.g., CCNA)"
SEO Specialist,"SEO Specialists optimize websites for search engines to improve online visibility. They conduct keyword research, optimize content, and implement SEO strategies to increase organic traffic and rankings.","Search engine algorithms and ranking factors Keyword research and analysis On-page and off-page SEO optimization SEO tools (e.g., Google Analytics, SEMrush) SEO content strategy"
Data Scientist,"Data Scientists use their expertise in data analysis and machine learning to extract valuable insights and predictions from data. They build and train models, conduct statistical analysis, and communicate findings to drive data-driven decision-making in the organization.","Machine learning algorithms and libraries (e.g., scikit-learn, TensorFlow, PyTorch) Statistical analysis and modeling Data preprocessing and cleaning Big data technologies (e.g., Hadoop, Spark) Data visualization Strong programming skills (Python, R)"
Financial Accountant,"Financial Accountants handle financial records, prepare financial statements, and ensure compliance with accounting standards. They analyze financial data to provide accurate financial reports and support decision-making within the organization.","Financial reporting Accounting software (e.g., QuickBooks) Auditing GAAP knowledge"
Digital Marketing Specialist,"Digital Marketing Specialists create and execute online marketing campaigns. They utilize digital channels like social media, email, and SEO to reach target audiences, generate leads, and improve brand visibility and engagement.",Digital marketing strategy Social media marketing Content creation SEO (Search Engine Optimization) PPC advertising Analytics and reporting
Inside Sales Representative,"Inside Sales Representatives are responsible for selling products or services to customers over the phone or through online channels. They engage with leads, answer customer inquiries, and use persuasive communication to close sales and meet revenue targets.","Sales prospecting and lead generation Sales presentation and communication CRM software (e.g., Salesforce) Sales negotiation and closing techniques Product knowledge Relationship building"
International Tax Consultant,"An International Tax Consultant focuses on tax matters related to international business operations, ensuring compliance with global tax laws and optimizing tax structures.",International tax law knowledge Transfer pricing Cross-border tax planning Tax treaties and agreements Foreign tax credits International tax compliance Transfer pricing documentation Multinational tax strategies Client relationship management Communication skills Tax software proficiency
Construction Project Coordinator,"Construction Project Coordinators assist in managing construction projects, handling documentation, budget tracking, and coordinating subcontractors.",Construction project management Building codes and regulations knowledge Budgeting and cost control Construction scheduling Contractor and subcontractor coordination
Market Researcher,"A Market Researcher gathers and analyzes market data to provide insights on consumer behavior, market trends, and competitor activities, aiding in informed business decisions.",Market research methodologies Data collection and analysis Industry knowledge
Child Custody Lawyer,"Child Custody Lawyers specialize in family law, focusing on cases related to child custody and visitation rights. They represent clients in court, provide legal counsel, and advocate for the best interests of children in custody disputes.",Child custody law Family law Legal advocacy Negotiation Court representation Legal research Client counseling Case preparation
Backend Web Developer,"Backend Web Developers build and maintain the server-side logic and infrastructure required for web applications. They work on data storage, APIs, and server communication to support the functionality of web applications.","Server-side programming (e.g., Node.js, Python) Database management (e.g., SQL, MongoDB)"
Residential Landscape Designer,Create aesthetically pleasing and functional landscape designs for residential properties.,Landscape design Plant selection and care Hardscape design
Interaction Designer,Interaction Designers specialize in designing user interactions within digital interfaces. They create meaningful and engaging user experiences by considering user behaviors and system responses.,Interaction design principles User behavior and psychology Wireframing and prototyping tools Animation and micro-interaction design Collaborative design processes
Mental Health Counselor,"Offer counseling and therapy services to individuals, couples, or groups, helping them address mental health concerns.",Counseling techniques Psychotherapy Mental health assessment Treatment planning Crisis intervention Ethical standards Empathy and active listening Cultural competence Documentation Communication skills Self-care Licensing and certification
Demand Planner,A Demand Planner analyzes historical sales data to forecast future demand for products. They work to optimize inventory levels and ensure product availability while minimizing costs.,Demand forecasting Inventory management Data analysis Sales and operations planning (S&OP) ERP software proficiency
Administrative Coordinator,"Administrative Coordinators support administrative tasks, including data entry, scheduling, and document management, to enhance organizational efficiency.",Office administration Communication skills Organizational skills Time management Microsoft Office proficiency
Frontend Web Developer,"Frontend Web Developers design and implement user interfaces for websites, ensuring they are visually appealing and user-friendly. They collaborate with designers and backend developers to create seamless web experiences for users.","HTML, CSS, JavaScript Frontend frameworks (e.g., React, Angular) User experience (UX)"
Residential Landscape Designer,Create aesthetically pleasing and functional landscape designs for residential properties.,Landscape design Plant selection and care Hardscape design
Frontend Web Developer,"Frontend Web Developers design and implement user interfaces for websites, ensuring they are visually appealing and user-friendly. They collaborate with designers and backend developers to create seamless web experiences for users.","HTML, CSS, JavaScript Frontend frameworks (e.g., React, Angular) User experience (UX)"
Email Marketing Specialist,"Email Marketing Specialists design and execute email marketing campaigns. They create email content, segment email lists, and analyze campaign performance to achieve marketing goals and engage subscribers.","Email marketing platforms (e.g., Mailchimp, Constant Contact) Email campaign creation and segmentation A/B testing and optimization Email deliverability and compliance Metrics tracking and analysis"
Litigation Paralegal,"Assist in litigation cases, including document preparation, legal research, and trial support.",Legal research Discovery management Case preparation Trial support Document review Client communication E-filing Attention to detail Multitasking Legal terminology Technology proficiency Communication skills Legal software proficiency
Event Marketing Coordinator,"Event Marketing Coordinators focus on marketing events, including trade shows, exhibitions, and product launches, to maximize attendance and engagement.",Event planning and management Budgeting and financial management Vendor and sponsor relations Promotion and publicity Event logistics and coordination skills
Geriatric Physical Therapist,"Focus on the physical therapy needs of elderly patients, addressing mobility and age-related conditions.",Geriatric rehabilitation Fall prevention Elderly patient care
Security Consultant,"A Security Consultant is responsible for assessing an organizations security infrastructure, identifying vulnerabilities, and recommending solutions to enhance security. They conduct risk assessments, implement security measures, and provide guidance on security policies and procedures.",Security consulting Risk assessment Security audits Security policy development Penetration testing Client communication
Construction Engineer,"A Construction Engineer manages construction projects, oversees project planning, budgets, and construction activities, and ensures projects are completed on time and within budget.",Construction management Structural design AutoCAD proficiency Project management Site inspection
Residential Interior Designer,"A Residential Interior Designer plans and designs interior spaces in homes. They select furnishings, colors, and layouts to create functional and aesthetically pleasing environments.",Residential interior design Space planning Color theory and selection Furniture and materials selection 3D modeling and rendering
Network Administrator,"Network Administrators manage an organizations computer networks. They configure, monitor, and maintain network infrastructure, ensuring optimal performance and security.","Network management Troubleshooting Network security IT certifications (e.g., CCNA)"
Executive Assistant,"Support high-level executives by managing schedules, coordinating meetings, and handling various administrative tasks.","Calendar management Travel coordination Meeting scheduling Correspondence and communication Office organization Confidentiality Time management Problem-solving Attention to detail Communication skills Technology proficiency (e.g., MS Office)"
Mergers and Acquisitions Advisor,"A Mergers and Acquisitions Advisor assists in evaluating potential mergers and acquisitions, conducting due diligence, and providing strategic recommendations for corporate transactions.",Mergers and acquisitions (M&A) expertise Due diligence Valuation techniques
Frontend Web Developer,"Frontend Web Developers design and implement user interfaces for websites, ensuring they are visually appealing and user-friendly. They collaborate with designers and backend developers to create seamless web experiences for users.","HTML, CSS, JavaScript Frontend frameworks (e.g., React, Angular) User experience (UX)"
Paralegal,"Assist lawyers with legal research, document preparation, and case management in law firms or legal departments.","Legal research Document drafting Case management E-filing Legal databases (e.g., LexisNexis) Client communication Deposition preparation Trial support Ethics and confidentiality Attention to detail Communication skills Legal software proficiency"
Water Resources Engineer,"A Water Resources Engineer manages and develops water-related projects, such as dams, irrigation systems, and flood control measures, to ensure water resource sustainability.",Water resources engineering Hydrology and hydraulics Environmental impact assessment Water resource modeling software Watershed management
Database Administrator,"Database Administrators manage databases, ensuring data integrity, security, and efficient performance. They design, implement, and maintain databases while troubleshooting issues.","Database management systems (e.g., MySQL, Oracle, SQL Server) Data security Database tuning and optimization Backup and recovery"
Visual Designer,"Visual Designers create visual content, including graphics, illustrations, and layouts, to convey messages and enhance brand identity.",Graphic design Typography User interface (UI) design Adobe Creative Suite proficiency Branding and visual identity creation
Data Analyst,"Analyze data sets, generate insights, and provide data-driven recommendations to inform business decisions.","Data analysis tools (e.g., SQL, Python) Data visualization tools (e.g., Tableau, Power BI) Statistical analysis Data cleansing and transformation Data modeling Communication of data insights Problem-solving Attention to detail Business acumen"
Investment Portfolio Manager,"An Investment Portfolio Manager manages investment portfolios, making investment decisions, monitoring performance, and optimizing asset allocation for clients or the organization.",Investment analysis Portfolio management Risk assessment
Nursing Director,"Nursing Directors oversee nursing departments in healthcare facilities. They manage nursing staff, develop policies and procedures, and ensure the delivery of high-quality patient care while adhering to regulatory standards.",Nursing management Patient care coordination Staff supervision Compliance with healthcare regulations Quality improvement Leadership skills
Network Administrator,"Network Administrators manage an organizations computer networks. They configure, monitor, and maintain network infrastructure, ensuring optimal performance and security.","Network management Troubleshooting Network security IT certifications (e.g., CCNA)"
Logistics Analyst,"A Logistics Analyst analyzes and optimizes logistics and supply chain operations, identifying cost-saving opportunities, improving transportation efficiency, and enhancing supply chain performance.",Supply chain analysis Data analytics Inventory management Transportation planning Problem-solving
DevOps Engineer,"DevOps Engineers focus on automating and streamlining the development and deployment processes. They work to improve collaboration between development and IT operations, implementing tools and practices for continuous integration and continuous delivery (CI/CD).","Automation and scripting (e.g., Python, Bash) Continuous Integration/Continuous Deployment (CI/CD) Containerization (e.g., Docker, Kubernetes) Infrastructure as Code (e.g., Terraform, Ansible) Cloud platforms (e.g., AWS, Azure, GCP) Monitoring and troubleshooting skills"
Enterprise Architect,"An Enterprise Architect oversees the overall IT infrastructure, ensuring it supports business processes, and develops strategies to enhance the organizations technology landscape.",Enterprise architecture Business strategy alignment IT governance and compliance
Competitive Intelligence Analyst,Competitive Intelligence Analysts gather data on competitors and industry trends. They analyze information to help businesses make informed decisions and gain a competitive edge.,Competitive analysis Market research Data analysis Business strategy Industry knowledge
Construction Engineer,"A Construction Engineer manages construction projects, oversees project planning, budgets, and construction activities, and ensures projects are completed on time and within budget.",Construction management Structural design AutoCAD proficiency Project management Site inspection
Procurement Manager,"Procurement Managers oversee procurement processes, managing vendor relationships, negotiating contracts, and ensuring cost-effective purchasing of goods and services.",Procurement strategies Supplier management Negotiation Cost analysis Supply chain management
Marketing Specialist,"Marketing Specialists develop and implement marketing campaigns, analyze market trends, and promote products or services to target audiences.",Market research and analysis Content creation and copywriting Social media management SEO and digital marketing Marketing automation tools proficiency
Family Nurse Practitioner,"Family Nurse Practitioners specialize in family-centered healthcare, providing comprehensive medical care to individuals of all ages within a family context.",Family medicine Health assessment Pediatric care Chronic disease management Patient education
Analytical Chemist,"As an Analytical Chemist, your primary responsibility is to analyze chemical compounds and substances using various laboratory techniques and equipment. You will conduct experiments, interpret results, and generate reports. Your role may involve developing analytical methods, maintaining lab equipment, and adhering to safety protocols to ensure accurate and reliable analyses.","Analytical chemistry Laboratory techniques Instrumentation Data analysis Quality control Sample preparation Scientific software (e.g., ChemDraw)"
Quality Assurance Manager,"Quality Assurance Managers lead quality assurance teams, ensuring that products or services meet established quality standards. They develop QA processes, set quality goals, and monitor compliance to maintain quality excellence.",Quality assurance processes and methodologies Quality metrics and KPIs Audit and compliance Team leadership and management Continuous improvement initiatives
Wedding Consultant,"A Wedding Consultant assists couples in planning and coordinating their weddings, helping them with vendor selection, budget management, and ensuring a seamless wedding day experience.",Wedding planning Vendor coordination Event management
UI/UX Designer,"UI/UX Designers focus on creating user-friendly and visually appealing interfaces for digital products. They conduct user research, design wireframes and prototypes, and collaborate with development teams to ensure a seamless and enjoyable user experience.","User interface (UI) design User experience (UX) design Wireframing and prototyping tools (e.g., Sketch, Figma) Usability testing Information architecture Interaction design Mobile and responsive design"
Operations Director,"Operations Directors oversee the daily operations of an organization. They develop and implement operational strategies, manage teams, and work to optimize processes to achieve business goals and efficiency.",Operations management Strategic planning and execution Budgeting and financial analysis Leadership and team management Process improvement and optimization
Database Administrator,"Database Administrators manage databases, ensuring data integrity, security, and efficient performance. They design, implement, and maintain databases while troubleshooting issues.","Database management systems (e.g., MySQL, Oracle, SQL Server) Data security Database tuning and optimization Backup and recovery"
Pediatric Speech Therapist,Pediatric Speech Therapists provide speech therapy to children with speech and language disorders. They assess and treat communication difficulties to improve language skills.,Pediatric speech therapy Speech-language assessment Individualized treatment plans Child development Communication skills
Staff Nurse,"A Staff Nurse provides patient care, administers medications, and collaborates with healthcare teams to ensure the well-being of patients in clinical settings.",Nursing care Patient assessment Medical knowledge
Data Engineer,"Data Engineers design and maintain data pipelines, ensuring data availability and quality for analysis and reporting purposes.","Data integration ETL (Extract, Transform, Load) Big data technologies (e.g., Hadoop, Spark) Database management Data warehousing"
Wireless Network Engineer,"Wireless Network Engineers design, implement, and maintain wireless network solutions. They optimize wireless connectivity, troubleshoot issues, and ensure reliable and secure wireless communications.",Wireless network design and architecture Wi-Fi standards and protocols RF (Radio Frequency) planning and optimization Wireless security protocols Troubleshooting wireless network issues
In-House Counsel,"In the role of In-House Counsel, you will provide legal support to the organization across various areas, including contracts, employment law, and regulatory compliance. You will draft legal documents, handle litigation matters, and advise on legal risks affecting day-to-day operations. Your role is crucial in ensuring the company operates within the bounds of the law.",In-house counsel Legal advisory Employment law Intellectual property Regulatory compliance Dispute resolution Contract review Client counseling
Data Analyst,"Analyze data sets, generate insights, and provide data-driven recommendations to inform business decisions.","Data analysis tools (e.g., SQL, Python) Data visualization tools (e.g., Tableau, Power BI) Statistical analysis Data cleansing and transformation Data modeling Communication of data insights Problem-solving Attention to detail Business acumen"
Quality Control Engineer,"Monitor and maintain product quality standards, perform inspections, and implement quality control procedures.","Quality control processes Quality assurance standards (e.g., ISO) Statistical analysis Inspection techniques Documenting quality issues Root cause analysis Communication with production teams Problem-solving Attention to detail Technical knowledge"
Data Scientist,"Data Scientists use their expertise in data analysis and machine learning to extract valuable insights and predictions from data. They build and train models, conduct statistical analysis, and communicate findings to drive data-driven decision-making in the organization.","Machine learning algorithms and libraries (e.g., scikit-learn, TensorFlow, PyTorch) Statistical analysis and modeling Data preprocessing and cleaning Big data technologies (e.g., Hadoop, Spark) Data visualization Strong programming skills (Python, R)"
Instructional Designer,Instructional Designers develop educational materials and curricula. They design engaging and effective learning experiences for students or employees.,Instructional design eLearning tools Curriculum development Multimedia design Learning theory knowledge
Business Intelligence Analyst,"Business Intelligence Analysts gather and analyze data to provide valuable insights to support decision-making within an organization. They create reports, dashboards, and data visualizations to help stakeholders understand trends, patterns, and opportunities in the data.","Data analysis and visualization tools (e.g., Tableau, Power BI) SQL and database querying Business intelligence concepts Data modeling and reporting Strong analytical and problem-solving skills Data-driven decision-making"
Brand Director,"Brand Directors oversee brand management and strategy. They ensure brand consistency, guide marketing initiatives, and work to enhance brand perception and recognition.",Brand strategy Brand development Creative direction Brand management Market research
Social Media Analyst,"Social Media Analysts analyze social media data and metrics to provide insights and recommendations for improving social media strategies. They track performance, identify trends, and support data-driven decision-making.","Social media analytics tools (e.g., Google Analytics, Facebook Insights) Data analysis and reporting Social media ROI measurement Competitive analysis Trend identification"
Web Designer,"A Web Designer specializes in designing visually appealing and responsive websites. They create layouts, graphics, and user interfaces to enhance the online presence of businesses.","Web design concepts Graphic design software (e.g., Adobe Creative Suite) HTML and CSS Responsive design User interface (UI) principles Visual communication Typography Color theory Creativity Attention to detail Collaboration"
Water Resources Engineer,"A Water Resources Engineer manages and develops water-related projects, such as dams, irrigation systems, and flood control measures, to ensure water resource sustainability.",Water resources engineering Hydrology and hydraulics Environmental impact assessment Water resource modeling software Watershed management
HR Compliance Specialist,"An HR Compliance Specialist ensures adherence to employment laws and regulations, conducts audits, and provides guidance to maintain legal compliance within the organization.",Employment law knowledge Compliance management Auditing skills Employee relations Communication skills
Environmental Designer,"Design outdoor spaces, parks, and landscapes with an emphasis on environmental sustainability.",Environmental design principles Sustainability concepts CAD and design software
Customer Success Manager,"Customer Success Managers focus on ensuring customer satisfaction and retention. They build relationships with clients, understand their needs, and work to maximize the value customers receive from products or services, ultimately driving customer success and loyalty.",Customer relationship management Onboarding and training Customer feedback analysis Retention strategies Cross-selling and upselling Strong communication and empathy Customer advocacy
Portfolio Manager,"A Portfolio Manager oversees investment portfolios, making decisions to maximize returns and minimize risks. They analyze financial markets and adjust asset allocations accordingly.",Investment management Financial analysis Risk assessment Asset allocation Portfolio optimization
Office Manager,"Office Managers oversee daily office operations, including supervising staff, managing facilities, and ensuring efficient workflow. They may also handle budgeting, resource allocation, and office policies.",Office administration and management Budgeting and expense tracking Team coordination and supervision Facility management Vendor and supplier relations
Customer Experience Strategist,"Customer Experience Strategists develop and execute strategies to enhance the overall customer experience. They analyze customer feedback, identify pain points, and work across departments to improve products, services, and customer interactions.",Customer experience strategy Customer journey mapping Feedback analysis User research Metrics and KPIs Communication skills
School Psychologist,"School Psychologists work in educational settings, supporting students emotional and academic development. They provide counseling and assessments to enhance learning outcomes.",School psychology Special education knowledge Assessment and testing Individualized education plans Collaboration skills
Wedding Consultant,"A Wedding Consultant assists couples in planning and coordinating their weddings, helping them with vendor selection, budget management, and ensuring a seamless wedding day experience.",Wedding planning Vendor coordination Event management
Procurement Manager,"Procurement Managers oversee procurement processes, managing vendor relationships, negotiating contracts, and ensuring cost-effective purchasing of goods and services.",Procurement strategies Supplier management Negotiation Cost analysis Supply chain management
Adult Speech Therapist,Adult Speech Therapists work with adults to address speech and language disorders. They provide therapy and support to improve communication and enhance quality of life.,Adult speech therapy Speech-language assessment Rehabilitation techniques Swallowing disorders Communication skills
Personal Tax Consultant,A Personal Tax Consultant provides tax planning and preparation services to individuals. They help clients optimize their tax situations while ensuring compliance with tax laws.,Tax law knowledge Individual tax planning Tax return preparation Tax deductions and credits Tax compliance IRS regulations Client relationship management Communication skills Attention to detail Tax software proficiency
Marketing Communications Director,"Marketing Communications Directors manage marketing communication efforts. They oversee messaging, branding, and promotional activities to effectively reach target audiences.",Marketing communication Public relations Content strategy Crisis management Media relations
Brand Director,"Brand Directors oversee brand management and strategy. They ensure brand consistency, guide marketing initiatives, and work to enhance brand perception and recognition.",Brand strategy Brand development Creative direction Brand management Market research
Inventory Manager,"An Inventory Manager oversees inventory levels, coordinates stock movements, and optimizes inventory control procedures to ensure efficient stock management and product availability.",Inventory control Demand forecasting Supply chain management Data analysis Warehouse management
Logistics Manager,"A Logistics Manager oversees the movement and storage of goods in a supply chain. They plan, implement, and manage the efficient transportation and distribution of products.",Supply chain management Inventory control Transportation logistics Vendor relations Team leadership and management
Backend Developer,"A Backend Developer is tasked with building and maintaining the server-side logic and database infrastructure of web applications. They work on the core functionality, data storage, and server communication to ensure the application runs smoothly and efficiently.","Proficiency in one or more backend programming languages (e.g., Java, Python, Node.js, Ruby) API development Database management (SQL or NoSQL) Server management and deployment Security best practices Knowledge of web frameworks (e.g., Express, Django)"
Wealth Advisor,"Wealth Advisors provide financial advice to clients. They assess financial goals, create investment strategies, and offer guidance on wealth management and financial planning.",Financial planning Investment knowledge Relationship management Communication skills Analytical skills
Research Analyst,"Research Analysts conduct research, collect data, and analyze information to support business decision-making. They generate reports and recommendations based on their findings to aid in strategic planning.",Data collection and analysis Market research tools and techniques Survey design and analysis Qualitative and quantitative research methods Report writing and presentation skills
Conference Manager,"A Conference Manager coordinates and manages conferences, meetings, and events. They plan logistics, handle budgeting, liaise with vendors, and ensure the smooth execution of events, catering to the needs and expectations of attendees.",Event planning Conference logistics Budget management Vendor coordination Marketing and promotion Client relations
Nurse Educator,"Nurse Educators are responsible for teaching and mentoring nursing students and healthcare professionals. They develop and deliver educational programs, assess learning outcomes, and ensure the competence of nursing staff.",Nursing education Curriculum development Clinical instruction Assessment and evaluation Educational technology Communication skills
Mediator,Mediators facilitate negotiations and dispute resolution between parties in conflict. They remain neutral and help parties reach mutually acceptable agreements through effective communication and problem-solving techniques.,Mediation Conflict resolution Negotiation Communication skills Neutrality Problem-solving Legal knowledge Mediation techniques
JavaScript Developer,"JavaScript Developers write code to create interactive and dynamic web applications. They use JavaScript libraries and frameworks to build client-side functionality, ensuring smooth user interactions and responsive web design.","JavaScript programming Frontend development Frontend frameworks (e.g., React, Angular) DOM manipulation AJAX Debugging and troubleshooting"
Commercial Landscape Architect,"Commercial Landscape Architects design outdoor spaces for commercial properties, such as office complexes and retail centers. They create functional and aesthetically pleasing landscapes that align with the clients goals and needs.",Landscape architecture Site planning Plant selection Environmental sustainability AutoCAD Project management
Accessibility Developer,"An Accessibility Developer focuses on making digital products and websites accessible to individuals with disabilities, ensuring compliance with accessibility standards.","Web accessibility standards (e.g., WCAG) Assistive technologies Accessibility testing tools HTML and CSS for accessibility ARIA (Accessible Rich Internet Applications) User experience (UX) for accessibility Usability testing with individuals with disabilities Collaboration Attention to detail"
Front-End Developer,A Front-End Developer specializes in creating the user interface and user experience of websites or applications. They code and design elements that users interact with directly.,"Front-end web development HTML, CSS, JavaScript Responsive design Web performance optimization Cross-browser compatibility"
Event Coordinator,"Event Coordinators plan and execute various events, including conferences, parties, and meetings, managing logistics, budgets, and vendor relationships.",Event planning Vendor coordination Budget management Marketing and promotion Logistics
Personal Assistant,"A Personal Assistant provides administrative support to individuals or executives. Their duties include managing schedules, arranging meetings, handling correspondence, and performing various tasks to enhance efficiency.",Organizational and time management skills Calendar and appointment management Communication and correspondence Travel coordination Discretion and confidentiality
Interaction Designer,Interaction Designers specialize in designing user interactions within digital interfaces. They create meaningful and engaging user experiences by considering user behaviors and system responses.,Interaction design principles User behavior and psychology Wireframing and prototyping tools Animation and micro-interaction design Collaborative design processes
Project Coordinator,"Project Coordinators assist in planning, executing, and monitoring projects. They facilitate communication among team members, track project progress, and ensure tasks are completed on time.",Project management Communication Time management Organization Problem-solving
DevOps Engineer,"DevOps Engineers focus on automating and streamlining the development and deployment processes. They work to improve collaboration between development and IT operations, implementing tools and practices for continuous integration and continuous delivery (CI/CD).","Automation and scripting (e.g., Python, Bash) Continuous Integration/Continuous Deployment (CI/CD) Containerization (e.g., Docker, Kubernetes) Infrastructure as Code (e.g., Terraform, Ansible) Cloud platforms (e.g., AWS, Azure, GCP) Monitoring and troubleshooting skills"
Network Security Specialist,"Network Security Specialists focus on network security. They implement security measures, monitor for threats, and respond to security incidents to protect network integrity.",Network security Cybersecurity Intrusion detection Security analysis Firewall management
Process Engineer,"Optimize manufacturing processes, improve efficiency, and ensure product quality in industrial settings.",Process optimization Manufacturing processes Lean Six Sigma methodologies Data analysis Statistical process control Quality management Root cause analysis Collaboration Problem-solving Attention to detail Technical knowledge
Sustainability Specialist,"A Sustainability Specialist promotes sustainability initiatives within organizations, develops sustainability programs, and helps reduce environmental impacts while increasing efficiency.",Sustainability practices Environmental management systems Green certifications
Business Tax Consultant,"A Business Tax Consultant specializes in tax planning and compliance for businesses. They assist with tax strategy, filings, and help organizations minimize tax liabilities.",Business tax law knowledge Corporate tax planning Tax compliance for businesses Tax credits and incentives Tax strategy development Financial analysis IRS regulations Client relationship management Communication skills Tax software proficiency
Product Brand Manager,A Product Brand Manager focuses on promoting and managing the brand identity of specific products or product lines within a companys portfolio.,Product branding and marketing Product lifecycle management Cross-functional team collaboration Product launch planning Market segmentation and targeting
Mechanical Design Engineer,"Mechanical Design Engineers create and develop mechanical systems and components, from concept to manufacturing, ensuring functionality and safety.","Mechanical engineering CAD software (e.g., SolidWorks, AutoCAD) Finite element analysis Product development Prototyping"
Content SEO Strategist,"Content SEO Strategists create SEO strategies specifically for content, focusing on keyword integration, content quality, and user engagement to boost organic traffic.",Content strategy SEO content optimization Content marketing Keyword mapping Analytics
Product Designer,"Design and develop innovative products, from concept to production, ensuring usability, functionality, and aesthetics.","Product design principles Prototyping and wireframing User research User testing UI/UX design 3D modeling (if applicable) Collaboration Problem-solving Creativity Attention to detail Communication skills Software proficiency (e.g., Sketch, Adobe XD)"
Paralegal,"Assist lawyers with legal research, document preparation, and case management in law firms or legal departments.","Legal research Document drafting Case management E-filing Legal databases (e.g., LexisNexis) Client communication Deposition preparation Trial support Ethics and confidentiality Attention to detail Communication skills Legal software proficiency"
Cloud Architect,"A Cloud Architect designs and manages cloud-based solutions, optimizing scalability, security, and performance while aligning them with the companys technology strategy.","Cloud computing platforms (AWS, Azure, etc.) Cloud security Containerization (Docker, Kubernetes)"
User Interface Designer,"User Interface Designers focus on the visual and interactive aspects of digital interfaces. They design layouts, buttons, and other elements to ensure a cohesive and visually appealing user interface.","UI design principles and best practices Graphic design tools (e.g., Adobe Photoshop, Illustrator) Typography and color theory Visual design and layout Responsive design"
Paid Advertising Specialist,Paid Advertising Specialists manage paid advertising campaigns. They use platforms like Google Ads and social media advertising to reach target audiences and achieve marketing goals.,Google Ads management PPC campaign optimization Keyword research Ad copywriting A/B testing Conversion tracking
Residential Landscape Designer,Create aesthetically pleasing and functional landscape designs for residential properties.,Landscape design Plant selection and care Hardscape design
Automation Tester,An Automation Tester uses automated testing tools to verify the functionality and performance of software applications. They create and execute automated test scripts.,"Test automation tools (e.g., Selenium, Appium) Scripting languages (e.g., Python, Java) Test framework development Continuous integration tools Test data management"
UI/UX Developer,A UI/UX Developer combines design and technical skills to create user-friendly interfaces for digital products. They ensure a seamless and visually appealing user experience.,"User interface (UI) design User experience (UX) design Web design principles Prototyping and wireframing Front-end development languages (e.g., HTML, CSS, JavaScript) Interaction design User testing Responsive design Usability testing Collaboration Attention to detail"
Executive Assistant,"Support high-level executives by managing schedules, coordinating meetings, and handling various administrative tasks.","Calendar management Travel coordination Meeting scheduling Correspondence and communication Office organization Confidentiality Time management Problem-solving Attention to detail Communication skills Technology proficiency (e.g., MS Office)"
Logistics Manager,"A Logistics Manager oversees the movement and storage of goods in a supply chain. They plan, implement, and manage the efficient transportation and distribution of products.",Supply chain management Inventory control Transportation logistics Vendor relations Team leadership and management
Database Administrator,"Database Administrators manage databases, ensuring data integrity, security, and efficient performance. They design, implement, and maintain databases while troubleshooting issues.","Database management systems (e.g., MySQL, Oracle, SQL Server) Data security Database tuning and optimization Backup and recovery"
User Experience Designer,"User Experience Designers create intuitive and user-friendly digital interfaces. They conduct user research, design prototypes, and work to enhance the overall user experience of websites and applications.","User-centered design principles UX/UI design tools (e.g., Sketch, Adobe XD) Wireframing and prototyping Usability testing and user research Information architecture and user flows"
Content SEO Strategist,"Content SEO Strategists create SEO strategies specifically for content, focusing on keyword integration, content quality, and user engagement to boost organic traffic.",Content strategy SEO content optimization Content marketing Keyword mapping Analytics
Social Media Manager,"Social Media Managers oversee an organizations social media presence. They create and schedule content, engage with followers, and analyze social media metrics to drive brand awareness and engagement.","Social media platforms (e.g., Facebook, Twitter, Instagram) Content creation and scheduling Social media analytics and insights Community engagement Paid social advertising"
Database Analyst,"A Database Analyst examines and interprets data stored in databases. They generate reports, identify trends, and provide insights to support business decision-making.",Data analysis Database querying and reporting Data visualization SQL proficiency Data quality assurance
Special Education Teacher,"A Special Education Teacher works with students who have disabilities, tailoring instruction to meet their unique needs and ensuring they have access to a quality education.",Special education strategies Individualized education plans (IEPs) Behavior management techniques Collaboration with support staff Special education laws and regulations knowledge
Research Analyst,"Research Analysts conduct research, collect data, and analyze information to support business decision-making. They generate reports and recommendations based on their findings to aid in strategic planning.",Data collection and analysis Market research tools and techniques Survey design and analysis Qualitative and quantitative research methods Report writing and presentation skills
Sales Account Executive,"A Sales Account Executive is responsible for acquiring and managing business accounts. They identify sales opportunities, negotiate contracts, and meet revenue targets.",Sales strategies and tactics Account management Relationship building Sales forecasting Industry and product knowledge
In-House Counsel,"In the role of In-House Counsel, you will provide legal support to the organization across various areas, including contracts, employment law, and regulatory compliance. You will draft legal documents, handle litigation matters, and advise on legal risks affecting day-to-day operations. Your role is crucial in ensuring the company operates within the bounds of the law.",In-house counsel Legal advisory Employment law Intellectual property Regulatory compliance Dispute resolution Contract review Client counseling
Event Marketing Coordinator,"Event Marketing Coordinators focus on marketing events, including trade shows, exhibitions, and product launches, to maximize attendance and engagement.",Event planning and management Budgeting and financial management Vendor and sponsor relations Promotion and publicity Event logistics and coordination skills
Crisis Communication Manager,"Crisis Communication Managers develop strategies to manage and respond to crises, maintaining the organizations reputation during challenging times.",Crisis communication planning Crisis response Media relations Reputation management Stakeholder communication
Technical Product Manager,"Technical Product Managers oversee the development and enhancement of technical products. They define product requirements, prioritize features, collaborate with development teams, and ensure the product aligns with the companys strategic goals and market needs.",Product management principles Technical background Agile development methodologies Product roadmap planning Market research and analysis Stakeholder communication Problem-solving skills
Benefits Coordinator,"Benefits Coordinators administer employee benefit programs, including health insurance, retirement plans, and other perks. They assist employees with benefit inquiries and ensure compliance with benefit policies.",Employee benefits administration Benefits compliance HRIS Benefits communication
B2B Sales Consultant,"B2B Sales Consultants specialize in business-to-business sales. They identify and target potential corporate clients, negotiate contracts, and build long-term relationships to drive sales growth in the B2B market.",B2B sales Business-to-business sales strategies Lead generation Sales negotiations Client relationship building Market research
Employment Lawyer,"Employment Lawyers focus on employment law matters, assisting employers and employees with issues like workplace discrimination, labor disputes, and employment contracts. They offer legal counsel and represent clients in legal proceedings.",Employment law and regulations Employment contracts and agreements Workplace discrimination and harassment laws Legal compliance Client representation and advocacy
Customer Success Manager,"Customer Success Managers focus on ensuring customer satisfaction and retention. They build relationships with clients, understand their needs, and work to maximize the value customers receive from products or services, ultimately driving customer success and loyalty.",Customer relationship management Onboarding and training Customer feedback analysis Retention strategies Cross-selling and upselling Strong communication and empathy Customer advocacy
Lighting Designer,"Lighting Designers create lighting plans for architectural and artistic purposes. They enhance spaces with lighting effects, aesthetics, and energy-efficient lighting solutions.",Lighting design Architectural lighting Lighting software proficiency Creative lighting concepts Technical knowledge
Child Welfare Worker,"Work with at-risk children and families, assess needs, provide support, and ensure child safety and well-being.",Child welfare policies and regulations Child protective services Child development Crisis intervention Case management Cultural competence Interviewing and assessment skills Court procedures Documentation Empathy Communication skills
Addiction Counselor,"An Addiction Counselor provides support and therapy to individuals struggling with addiction, helping them overcome substance abuse and develop healthier coping strategies.",Addiction counseling techniques Substance abuse treatment Counseling ethics
Digital Marketing Analyst,"Analyze digital marketing campaigns, track performance metrics, and optimize online marketing strategies.",Digital marketing strategies Analytics and reporting SEO and SEM Social media marketing Email marketing Data interpretation Marketing automation tools A/B testing Communication skills Problem-solving Attention to detail Marketing knowledge
Social Science Researcher,"A Social Science Researcher conducts research in fields such as sociology, psychology, or anthropology to study human behavior and social phenomena, contributing to academic knowledge.","Social science research methods Qualitative and quantitative data analysis Survey design and implementation Ethnographic research Interviewing skills Research ethics Statistical software (e.g., Stata, NVivo) Report writing Communication skills Critical thinking Empathy"
Social Media Manager,"Social Media Managers oversee an organizations social media presence. They create and schedule content, engage with followers, and analyze social media metrics to drive brand awareness and engagement.","Social media platforms (e.g., Facebook, Twitter, Instagram) Content creation and scheduling Social media analytics and insights Community engagement Paid social advertising"
Infrastructure Manager,"An Infrastructure Manager is responsible for the operation and maintenance of an organizations IT infrastructure, including servers, networks, and data centers.","Network administration System administration Virtualization technologies (e.g., VMware, Hyper-V) Storage management IT security Disaster recovery planning Capacity planning Monitoring and troubleshooting Cloud infrastructure (e.g., AWS, Azure) Vendor management"
Server Developer,"A Server Developer specializes in developing and maintaining server-side applications and systems, ensuring efficient data processing and server functionality.","Server-side programming languages (e.g., Java, Python) Database management API development"
Market Research Analyst,"A Market Research Analyst gathers and analyzes data to provide insights into market trends, consumer behavior, and competitive landscapes. They help businesses make informed decisions.","Market research methodologies Data collection and analysis Consumer behavior analysis Competitor analysis Survey design and analysis Statistical analysis software (e.g., SPSS, SAS) Data visualization Trend analysis Report writing Communication skills Attention to detail"
UI/UX Front-End Developer,"UI/UX Front-End Developers focus on creating user-friendly and visually appealing interfaces for web and mobile applications. They work on user experience design, responsive layouts, and front-end development to optimize user interactions.",UI/UX design Frontend web development Wireframing and prototyping User research Accessibility standards Responsive design Collaboration skills
Child Custody Lawyer,"Child Custody Lawyers specialize in family law, focusing on cases related to child custody and visitation rights. They represent clients in court, provide legal counsel, and advocate for the best interests of children in custody disputes.",Child custody law Family law Legal advocacy Negotiation Court representation Legal research Client counseling Case preparation
Legal Secretary,"Provide administrative support to legal professionals, manage schedules, draft documents, and handle correspondence.","Legal administrative tasks Document management Calendar and docketing Transcription File organization Communication with clients and courts Knowledge of legal terminology Attention to detail Multitasking Computer skills (e.g., MS Office)"
HR Compliance Specialist,"An HR Compliance Specialist ensures adherence to employment laws and regulations, conducts audits, and provides guidance to maintain legal compliance within the organization.",Employment law knowledge Compliance management Auditing skills Employee relations Communication skills
Brand PR Specialist,"Brand PR Specialists focus on promoting and maintaining a positive brand image through media relations, events, and communication efforts.",Brand management Public relations Brand storytelling Influencer marketing Media monitoring
Environmental Designer,"Design outdoor spaces, parks, and landscapes with an emphasis on environmental sustainability.",Environmental design principles Sustainability concepts CAD and design software
Customer Support Specialist,A Customer Support Specialist assists customers with inquiries or issues related to a companys products or services. They provide solutions and maintain customer satisfaction.,Customer service Problem-solving Communication skills Ticketing system usage Product knowledge
System Administrator,"System Administrators manage and maintain computer systems and networks. They handle software installations, security measures, and troubleshooting to ensure system reliability.",System administration Network administration Troubleshooting Security management Server maintenance Backup and recovery
Pediatric Occupational Therapist,A Pediatric Occupational Therapist helps children with developmental or physical challenges improve their motor and life skills through therapy interventions.,Pediatric assessment and evaluation Occupational therapy techniques for children Developmental milestones Sensory integration therapy Pediatric psychology Family-centered care Individualized treatment plans Communication skills Pediatric healthcare knowledge
Personal Tax Consultant,A Personal Tax Consultant provides tax planning and preparation services to individuals. They help clients optimize their tax situations while ensuring compliance with tax laws.,Tax law knowledge Individual tax planning Tax return preparation Tax deductions and credits Tax compliance IRS regulations Client relationship management Communication skills Attention to detail Tax software proficiency
Retirement Planner,"Retirement Planners assist clients in planning for retirement, including savings strategies, pension options, and retirement income planning.",Retirement planning Social security Investment products Tax planning Estate planning
Research Analyst,"Research Analysts conduct research, collect data, and analyze information to support business decision-making. They generate reports and recommendations based on their findings to aid in strategic planning.",Data collection and analysis Market research tools and techniques Survey design and analysis Qualitative and quantitative research methods Report writing and presentation skills
Data Entry Specialist,"Accurately input and maintain data in databases or spreadsheets, ensuring data integrity and organization.","Data entry accuracy and speed Database software (e.g., Microsoft Access, Excel) Attention to detail Time management Organization Multitasking Keyboarding skills Data verification Problem-solving Communication skills Computer proficiency"
IT Project Manager,"IT Project Managers plan, execute, and oversee IT projects. They define project scope, allocate resources, manage budgets, and ensure projects are delivered on time and within scope. They also communicate project status and risks to stakeholders.",Project management Team leadership Risk management Budgeting Communication skills
Product Marketing Manager,"Product Marketing Managers promote and market products or services. They create marketing strategies, conduct market research, develop messaging, and collaborate with cross-functional teams to launch and promote products effectively in the market.",Product positioning and messaging Market research and analysis Product launch planning Competitive analysis Marketing collateral creation Pricing strategies Cross-functional collaboration
Frontend Developer,"A Frontend Developer is responsible for designing and implementing user interfaces for web applications. They collaborate with designers to create visually appealing and responsive web pages, ensuring a seamless user experience across different devices and browsers.","Proficiency in HTML, CSS, and JavaScript Experience with frontend frameworks like React, Angular, or Vue.js Responsive web design Cross-browser compatibility Version control (e.g., Git) Frontend performance optimization"
Market Expansion Manager,"A Market Expansion Manager strategizes and executes plans to expand the companys presence in new markets, identifying growth opportunities and optimizing market penetration.",Market expansion strategies Market research Sales planning and execution
Retirement Planner,"Retirement Planners assist clients in planning for retirement, including savings strategies, pension options, and retirement income planning.",Retirement planning Social security Investment products Tax planning Estate planning
Front-End Developer,A Front-End Developer specializes in creating the user interface and user experience of websites or applications. They code and design elements that users interact with directly.,"Front-end web development HTML, CSS, JavaScript Responsive design Web performance optimization Cross-browser compatibility"
Human Resources Director,"A Human Resources Director leads HR functions, including talent acquisition, employee development, and HR strategy, to promote a positive work environment and support organizational goals.",Strategic HR planning Employee relations Talent management HR policy development Leadership skills
Mergers and Acquisitions Advisor,"A Mergers and Acquisitions Advisor assists in evaluating potential mergers and acquisitions, conducting due diligence, and providing strategic recommendations for corporate transactions.",Mergers and acquisitions (M&A) expertise Due diligence Valuation techniques
Sales Team Leader,"Lead and motivate sales teams, set sales targets, and develop sales strategies to meet goals.",Sales leadership Team management Sales strategy and planning
Creative Copywriter,"Creative Copywriters craft engaging and persuasive copy for marketing materials, advertisements, and content marketing campaigns. They use their writing skills to captivate audiences and convey brand messages effectively.",Creative writing Copywriting Advertising copy Content creation Brand storytelling Marketing campaigns Proofreading and editing
Financial Analyst,"A Financial Analyst conducts financial analysis, generates reports, and provides insights to support decision-making, budgeting, and financial planning.",Financial analysis Data analysis Financial modeling
Sustainable Design Specialist,"Sustainable Design Specialists incorporate eco-friendly practices into architectural designs, promoting energy efficiency and environmental sustainability.",Sustainable design principles Energy efficiency LEED certification Green building materials Environmental impact assessment
Supplier Diversity Manager,"Promote diversity and inclusion in the supply chain, manage supplier diversity programs, and assess supplier performance.",Supplier diversity programs Diversity and inclusion initiatives Supplier assessment and certification Data collection and reporting Vendor outreach and engagement Strategic planning Communication skills Relationship building Attention to diversity and inclusion principles
Record Keeper,"A Record Keeper is responsible for maintaining accurate records and databases, ensuring data integrity, and assisting in data retrieval when needed.",Records management Data entry and retrieval Attention to detail
Hospitality Interior Designer,"A Hospitality Interior Designer specializes in creating inviting and functional interiors for hotels, restaurants, and other hospitality establishments.","Hospitality interior design Hotel and restaurant design Branding and theme integration FF&E (furniture, fixtures, and equipment) selection Customer experience design"
Procurement Analyst,"Analyze procurement data, identify cost-saving opportunities, and support the procurement process.",Procurement processes Vendor assessment Contract negotiation Purchase order management Spend analysis Market research Supplier relationship management Data analysis Problem-solving Attention to detail Communication skills Financial acumen
E-commerce Web Designer,"E-commerce Web Designers specialize in designing and optimizing online stores and shopping websites. They focus on user experience, product presentation, and conversion rate optimization to drive online sales and customer engagement.","E-commerce web design UX/UI design Shopping cart integration Payment gateway integration Mobile responsiveness E-commerce platforms (e.g., Shopify)"
Talent Acquisition Manager,"Talent Acquisition Managers oversee the recruitment and hiring process. They develop recruitment strategies, source candidates, conduct interviews, and collaborate with hiring managers to attract and hire qualified talent to meet the organizations staffing needs.",Talent sourcing Interviewing Onboarding Recruitment strategies HR software
Corporate Paralegal,"Provide legal support to corporate legal teams, assist with mergers and acquisitions, and manage corporate records.",Corporate legal tasks Document drafting Compliance Corporate governance Contract management Due diligence Entity formation Communication with stakeholders Attention to detail Technology proficiency Legal software proficiency Legal research skills
Quality Control Engineer,"Monitor and maintain product quality standards, perform inspections, and implement quality control procedures.","Quality control processes Quality assurance standards (e.g., ISO) Statistical analysis Inspection techniques Documenting quality issues Root cause analysis Communication with production teams Problem-solving Attention to detail Technical knowledge"
Sales Team Leader,"Lead and motivate sales teams, set sales targets, and develop sales strategies to meet goals.",Sales leadership Team management Sales strategy and planning
Electronics Hardware Engineer,"Electronics Hardware Engineers develop and design electronic components and systems, from circuit boards to hardware prototypes, ensuring functionality and performance.",Electronics design PCB layout Embedded systems Circuit analysis Troubleshooting
Financial Planning Manager,"Financial Planning Managers oversee financial planning services. They lead a team of financial planners, develop financial strategies, and ensure clients financial goals are met.",Financial planning Investment strategies Team leadership Wealth management Client advisory skills
Key Account Executive,A Key Account Executive manages strategic accounts for a company. They build strong client relationships and work to expand business opportunities within these key accounts.,Key account management Sales strategy development Negotiation and closing skills Relationship building Industry and market knowledge
Automation Tester,An Automation Tester uses automated testing tools to verify the functionality and performance of software applications. They create and execute automated test scripts.,"Test automation tools (e.g., Selenium, Appium) Scripting languages (e.g., Python, Java) Test framework development Continuous integration tools Test data management"
Real Estate Paralegal,"Assist in real estate transactions, including title searches, closings, and contract preparation.",Real estate transactions Title searches Closing processes Deed preparation Contract review Communication with real estate professionals Attention to detail Real estate terminology Technology proficiency Legal software proficiency Legal research skills
Construction Project Coordinator,"Construction Project Coordinators assist in managing construction projects, handling documentation, budget tracking, and coordinating subcontractors.",Construction project management Building codes and regulations knowledge Budgeting and cost control Construction scheduling Contractor and subcontractor coordination
Special Education Teacher,"A Special Education Teacher works with students who have disabilities, tailoring instruction to meet their unique needs and ensuring they have access to a quality education.",Special education strategies Individualized education plans (IEPs) Behavior management techniques Collaboration with support staff Special education laws and regulations knowledge
Administrative Coordinator,"Administrative Coordinators support administrative tasks, including data entry, scheduling, and document management, to enhance organizational efficiency.",Office administration Communication skills Organizational skills Time management Microsoft Office proficiency
Investment Advisor,"Investment Advisors offer financial advice to clients, helping them make investment decisions, manage portfolios, and achieve their financial goals.",Investment strategies Portfolio management Financial planning Risk assessment Regulatory compliance
Record Keeper,"A Record Keeper is responsible for maintaining accurate records and databases, ensuring data integrity, and assisting in data retrieval when needed.",Records management Data entry and retrieval Attention to detail
PCB Designer,"PCB Designers specialize in designing printed circuit boards (PCBs). They create PCB layouts, ensure proper connectivity, and consider electrical and mechanical requirements.",PCB design Electronics PCB layout software proficiency Circuit design Quality control
Event Planner,"Plan and coordinate events, including selecting venues, managing budgets, arranging logistics, and ensuring a successful outcome.",Event planning and coordination Budget management Vendor negotiation Venue selection and management Timeline and logistics planning Marketing and promotion Risk management Client communication Creativity Problem-solving Attention to detail
Procurement Specialist,"A Procurement Specialist manages procurement processes, negotiates with suppliers, and ensures cost-effective purchasing of goods and services to meet organizational needs.",Negotiation skills Vendor management Supply chain knowledge Contract management Analytical skills
Digital Marketing Director,"Digital Marketing Directors lead digital marketing efforts. They develop and execute digital strategies, oversee campaigns, and measure performance to achieve marketing goals.",Digital marketing strategy Marketing analytics Team leadership Content marketing SEO and SEM proficiency
Hospitality Interior Designer,"A Hospitality Interior Designer specializes in creating inviting and functional interiors for hotels, restaurants, and other hospitality establishments.","Hospitality interior design Hotel and restaurant design Branding and theme integration FF&E (furniture, fixtures, and equipment) selection Customer experience design"
Procurement Analyst,"Analyze procurement data, identify cost-saving opportunities, and support the procurement process.",Procurement processes Vendor assessment Contract negotiation Purchase order management Spend analysis Market research Supplier relationship management Data analysis Problem-solving Attention to detail Communication skills Financial acumen
Event Planner,"Plan and coordinate events, including selecting venues, managing budgets, arranging logistics, and ensuring a successful outcome.",Event planning and coordination Budget management Vendor negotiation Venue selection and management Timeline and logistics planning Marketing and promotion Risk management Client communication Creativity Problem-solving Attention to detail
Sales Manager,"A Sales Manager leads and guides the sales team, sets sales targets, develops sales strategies, and monitors performance to achieve revenue and growth objectives.",Sales management Sales strategy development Team leadership
Data Analyst,"Analyze data sets, generate insights, and provide data-driven recommendations to inform business decisions.","Data analysis tools (e.g., SQL, Python) Data visualization tools (e.g., Tableau, Power BI) Statistical analysis Data cleansing and transformation Data modeling Communication of data insights Problem-solving Attention to detail Business acumen"
Sales Account Executive,"A Sales Account Executive is responsible for acquiring and managing business accounts. They identify sales opportunities, negotiate contracts, and meet revenue targets.",Sales strategies and tactics Account management Relationship building Sales forecasting Industry and product knowledge
Network Administrator,"Network Administrators manage an organizations computer networks. They configure, monitor, and maintain network infrastructure, ensuring optimal performance and security.","Network management Troubleshooting Network security IT certifications (e.g., CCNA)"
User Interface Designer,"User Interface Designers focus on the visual and interactive aspects of digital interfaces. They design layouts, buttons, and other elements to ensure a cohesive and visually appealing user interface.","UI design principles and best practices Graphic design tools (e.g., Adobe Photoshop, Illustrator) Typography and color theory Visual design and layout Responsive design"
Aircraft Design Engineer,"Aircraft Design Engineers design and develop aircraft systems and structures. They work on aircraft components, propulsion systems, and aerodynamics to ensure safety and efficiency.","Aerospace engineering CAD software (e.g., AutoCAD) Aerodynamics Structural analysis Aircraft systems Safety regulations"
Data Engineer,"Data Engineers design and maintain data pipelines, ensuring data availability and quality for analysis and reporting purposes.","Data integration ETL (Extract, Transform, Load) Big data technologies (e.g., Hadoop, Spark) Database management Data warehousing"
Construction Project Coordinator,"Construction Project Coordinators assist in managing construction projects, handling documentation, budget tracking, and coordinating subcontractors.",Construction project management Building codes and regulations knowledge Budgeting and cost control Construction scheduling Contractor and subcontractor coordination
Automation Test Engineer,Automation Test Engineers develop automated test scripts and frameworks to streamline and enhance the testing process. They focus on automating repetitive tests to improve efficiency and maintain test consistency.,"Test automation Test framework development Continuous integration Scripting languages (e.g., Python) Test reporting Code review"
Research Chemist,"As a Research Chemist, you will engage in scientific research and experimentation to discover and develop new chemical compounds or processes. Your work may involve designing experiments, analyzing data, and publishing research findings. Your role contributes to the advancement of scientific knowledge and may have applications in various industries.",Research chemistry Experimental design Data interpretation Chemical synthesis Research protocols Scientific writing Problem-solving skills
Product Designer,"Design and develop innovative products, from concept to production, ensuring usability, functionality, and aesthetics.","Product design principles Prototyping and wireframing User research User testing UI/UX design 3D modeling (if applicable) Collaboration Problem-solving Creativity Attention to detail Communication skills Software proficiency (e.g., Sketch, Adobe XD)"
DevOps Engineer,"DevOps Engineers focus on automating and streamlining the development and deployment processes. They work to improve collaboration between development and IT operations, implementing tools and practices for continuous integration and continuous delivery (CI/CD).","Automation and scripting (e.g., Python, Bash) Continuous Integration/Continuous Deployment (CI/CD) Containerization (e.g., Docker, Kubernetes) Infrastructure as Code (e.g., Terraform, Ansible) Cloud platforms (e.g., AWS, Azure, GCP) Monitoring and troubleshooting skills"
User Researcher,"Conduct user research to understand customer needs, preferences, and behaviors to inform product development.",User research methods Usability testing Data analysis and interpretation
Accounting Manager,"Accounting Managers supervise accounting teams. They ensure accurate financial reporting, manage budgets, and oversee financial transactions and compliance with accounting standards.",Accounting principles Financial reporting Team management Budgeting Financial analysis
Social Media Manager,"Social Media Managers oversee an organizations social media presence. They create and schedule content, engage with followers, and analyze social media metrics to drive brand awareness and engagement.","Social media platforms (e.g., Facebook, Twitter, Instagram) Content creation and scheduling Social media analytics and insights Community engagement Paid social advertising"
Product Marketing Manager,"Product Marketing Managers promote and market products or services. They create marketing strategies, conduct market research, develop messaging, and collaborate with cross-functional teams to launch and promote products effectively in the market.",Product positioning and messaging Market research and analysis Product launch planning Competitive analysis Marketing collateral creation Pricing strategies Cross-functional collaboration
Content Creator,"Create engaging and relevant content, such as articles, videos, or social media posts, to promote brands or products.","Content creation (e.g., writing, editing, graphic design, video production) Content marketing Social media management SEO optimization Creative storytelling Audience engagement Analytics and reporting Adaptability Communication skills Creativity"
Customer Success Manager,"Customer Success Managers focus on ensuring customer satisfaction and retention. They build relationships with clients, understand their needs, and work to maximize the value customers receive from products or services, ultimately driving customer success and loyalty.",Customer relationship management Onboarding and training Customer feedback analysis Retention strategies Cross-selling and upselling Strong communication and empathy Customer advocacy
Commercial Interior Designer,A Commercial Interior Designer focuses on designing interior spaces for businesses and commercial properties. They optimize layouts for productivity and aesthetics.,Commercial interior design Workplace ergonomics Building codes and regulations knowledge Sustainable design principles AutoCAD and Revit proficiency
Technical Product Manager,"Technical Product Managers oversee the development and enhancement of technical products. They define product requirements, prioritize features, collaborate with development teams, and ensure the product aligns with the companys strategic goals and market needs.",Product management principles Technical background Agile development methodologies Product roadmap planning Market research and analysis Stakeholder communication Problem-solving skills
Sustainability Specialist,"A Sustainability Specialist promotes sustainability initiatives within organizations, develops sustainability programs, and helps reduce environmental impacts while increasing efficiency.",Sustainability practices Environmental management systems Green certifications
Advertising Account Executive,"An Advertising Account Executive works in advertising agencies, managing client accounts and overseeing the creation and execution of advertising campaigns.",Advertising and marketing knowledge Client relationship management Advertising campaign development Budget management Media planning and buying
Desktop Support Technician,"Desktop Support Technicians troubleshoot and maintain desktop computer systems, resolving hardware and software problems for users.","Desktop hardware and software troubleshooting Operating system expertise (e.g., Windows, macOS) Remote desktop support Hardware and software upgrades Customer service skills"
Desktop Support Technician,"Desktop Support Technicians troubleshoot and maintain desktop computer systems, resolving hardware and software problems for users.","Desktop hardware and software troubleshooting Operating system expertise (e.g., Windows, macOS) Remote desktop support Hardware and software upgrades Customer service skills"
Geriatric Nurse Practitioner,Geriatric Nurse Practitioners focus on the healthcare needs of elderly patients. They provide specialized care and address age-related health concerns.,Geriatric healthcare Geriatric assessment Geriatric treatment Elderly patient care Geriatric pharmacology
Architectural Designer,"Architectural Designers create architectural plans and designs for buildings and structures, considering aesthetics, functionality, and safety standards.","Architectural design software (e.g., AutoCAD, Revit) Building codes and regulations 3D modeling Visualization Sustainable design"
HVAC Engineer,"HVAC Engineers specialize in heating, ventilation, and air conditioning systems, designing efficient HVAC solutions for buildings and facilities.",Knowledge of HVAC systems and equipment Mechanical engineering skills Problem-solving abilities AutoCAD proficiency HVAC design and installation expertise
Database Administrator,"Database Administrators manage databases, ensuring data integrity, security, and efficient performance. They design, implement, and maintain databases while troubleshooting issues.","Database management systems (e.g., MySQL, Oracle, SQL Server) Data security Database tuning and optimization Backup and recovery"
Process Engineer,"Optimize manufacturing processes, improve efficiency, and ensure product quality in industrial settings.",Process optimization Manufacturing processes Lean Six Sigma methodologies Data analysis Statistical process control Quality management Root cause analysis Collaboration Problem-solving Attention to detail Technical knowledge
User Interface Designer,"User Interface Designers focus on the visual and interactive aspects of digital interfaces. They design layouts, buttons, and other elements to ensure a cohesive and visually appealing user interface.","UI design principles and best practices Graphic design tools (e.g., Adobe Photoshop, Illustrator) Typography and color theory Visual design and layout Responsive design"
Family Nurse Practitioner,"Family Nurse Practitioners specialize in family-centered healthcare, providing comprehensive medical care to individuals of all ages within a family context.",Family medicine Health assessment Pediatric care Chronic disease management Patient education
Account Executive,"Account Executives manage and grow relationships with existing clients or customers. They understand client needs, propose solutions, negotiate contracts, and ensure customer satisfaction, often working closely with sales and customer support teams.",Sales strategy and planning Account management Customer relationship management Solution selling Sales forecasting Contract negotiation Sales metrics and reporting
Wedding Coordinator,"Plan and execute weddings, coordinate vendors, manage budgets, and oversee all aspects of the event to create a memorable day.",Wedding planning Vendor coordination Ceremony and reception logistics Wedding etiquette Budget management Timeline planning Attention to detail Client communication Creativity Problem-solving Emotional intelligence Event design
Demand Planner,A Demand Planner analyzes historical sales data to forecast future demand for products. They work to optimize inventory levels and ensure product availability while minimizing costs.,Demand forecasting Inventory management Data analysis Sales and operations planning (S&OP) ERP software proficiency
Corporate Attorney,"Corporate Attorneys provide legal counsel and representation to organizations. They handle legal matters, contracts, mergers, acquisitions, and ensure compliance with laws and regulations relevant to the business.",Corporate law and regulations Contract drafting and negotiation Legal research and analysis Risk management Excellent communication and negotiation skills
Legal Assistant,"A Legal Assistant supports legal professionals by performing administrative and research tasks, organizing legal documents, and assisting with legal proceedings and documentation.",Legal research Document drafting Communication skills Legal software proficiency Attention to detail
Brand Director,"Brand Directors oversee brand management and strategy. They ensure brand consistency, guide marketing initiatives, and work to enhance brand perception and recognition.",Brand strategy Brand development Creative direction Brand management Market research
Training Coordinator,"Training Coordinators design and implement employee training programs. They assess training needs, develop training materials, and facilitate training sessions to enhance employees skills and knowledge.",Training program coordination Training material development Learning management systems
Corporate Litigator,"Corporate Litigators specialize in corporate law. They handle legal matters related to businesses, such as mergers, acquisitions, contracts, and disputes, to protect corporate interests.",Corporate law Commercial litigation Dispute resolution Contract law Legal strategy Negotiation
Paralegal,"Assist lawyers with legal research, document preparation, and case management in law firms or legal departments.","Legal research Document drafting Case management E-filing Legal databases (e.g., LexisNexis) Client communication Deposition preparation Trial support Ethics and confidentiality Attention to detail Communication skills Legal software proficiency"
Account Executive,"Account Executives manage and grow relationships with existing clients or customers. They understand client needs, propose solutions, negotiate contracts, and ensure customer satisfaction, often working closely with sales and customer support teams.",Sales strategy and planning Account management Customer relationship management Solution selling Sales forecasting Contract negotiation Sales metrics and reporting
Pediatric Speech Therapist,Pediatric Speech Therapists provide speech therapy to children with speech and language disorders. They assess and treat communication difficulties to improve language skills.,Pediatric speech therapy Speech-language assessment Individualized treatment plans Child development Communication skills
Structural Engineer,"A Structural Engineer designs and analyzes the structural integrity of buildings, bridges, and other structures. They ensure safety and compliance with engineering standards.","Structural engineering principles Structural analysis and design software (e.g., AutoCAD, SAP2000) Building codes and standards Project management Structural integrity assessment"
Deliverability Analyst,"Monitor and improve email deliverability rates, troubleshoot delivery issues, and maintain a clean email list.","Email deliverability best practices Spam filter testing List hygiene Blacklist monitoring Email authentication (e.g., SPF, DKIM) Deliverability metrics analysis Troubleshooting deliverability issues Communication skills Data analysis Attention to detail"
Legal Assistant,"A Legal Assistant supports legal professionals by performing administrative and research tasks, organizing legal documents, and assisting with legal proceedings and documentation.",Legal research Document drafting Communication skills Legal software proficiency Attention to detail
Conference Manager,"A Conference Manager coordinates and manages conferences, meetings, and events. They plan logistics, handle budgeting, liaise with vendors, and ensure the smooth execution of events, catering to the needs and expectations of attendees.",Event planning Conference logistics Budget management Vendor coordination Marketing and promotion Client relations
Portfolio Manager,"A Portfolio Manager oversees investment portfolios, making decisions to maximize returns and minimize risks. They analyze financial markets and adjust asset allocations accordingly.",Investment management Financial analysis Risk assessment Asset allocation Portfolio optimization
Social Science Researcher,"A Social Science Researcher conducts research in fields such as sociology, psychology, or anthropology to study human behavior and social phenomena, contributing to academic knowledge.","Social science research methods Qualitative and quantitative data analysis Survey design and implementation Ethnographic research Interviewing skills Research ethics Statistical software (e.g., Stata, NVivo) Report writing Communication skills Critical thinking Empathy"
Usability Analyst,Evaluate and improve the usability of websites and applications through user testing and analysis.,Usability evaluation User interface assessment Usability testing tools and techniques
Bridge Engineer,"A Bridge Engineer specializes in designing and maintaining bridges, ensuring their structural integrity, safety, and compliance with engineering standards and regulations.",Bridge design Civil engineering Structural analysis AutoCAD proficiency Project management
Sales Account Manager,"A Sales Account Manager is responsible for building and maintaining relationships with clients, identifying their needs, and proposing tailored solutions to achieve sales targets.",Account management Sales strategy Negotiation and closing skills
Enterprise Architect,"An Enterprise Architect oversees the overall IT infrastructure, ensuring it supports business processes, and develops strategies to enhance the organizations technology landscape.",Enterprise architecture Business strategy alignment IT governance and compliance
Front-End Developer,A Front-End Developer specializes in creating the user interface and user experience of websites or applications. They code and design elements that users interact with directly.,"Front-end web development HTML, CSS, JavaScript Responsive design Web performance optimization Cross-browser compatibility"
Digital Marketing Coordinator,"Digital Marketing Coordinators manage online marketing efforts, including social media, email marketing, and SEO, to drive digital engagement and growth.",Digital marketing strategy development Social media advertising Email marketing Google Analytics and SEO Content management systems (CMS) proficiency
IT Support Specialist,"IT Support Specialists provide technical assistance to end-users, troubleshooting hardware and software problems, setting up equipment, and maintaining IT infrastructure.",Technical troubleshooting Hardware and software support Customer service Problem-solving Communication
Purchasing Coordinator,"Purchasing Coordinators manage procurement processes. They source and purchase goods and services, negotiate with suppliers, and ensure cost-effective and timely acquisitions.",Procurement Supplier management Negotiation Supply chain management Inventory control Vendor relations
Surgical Physician Assistant,"Assist surgeons in the operating room, perform pre- and post-operative care, and collaborate on surgical procedures.",Surgical procedures and techniques Operating room protocols Anesthesia management
Client Relationship Manager,"Build and maintain strong client relationships, understand their needs, and ensure client satisfaction.",Client relationship management Customer service Communication skills
Subject Matter Expert,A Subject Matter Expert possesses deep knowledge in a specific field and provides expertise to solve complex problems or guide decision-making within that domain.,Expertise in a specific subject area Knowledge of curriculum standards Instructional design Assessment development Educational technology proficiency
Social Media Manager,"Social Media Managers oversee an organizations social media presence. They create and schedule content, engage with followers, and analyze social media metrics to drive brand awareness and engagement.","Social media platforms (e.g., Facebook, Twitter, Instagram) Content creation and scheduling Social media analytics and insights Community engagement Paid social advertising"
User Interface Designer,"User Interface Designers focus on the visual and interactive aspects of digital interfaces. They design layouts, buttons, and other elements to ensure a cohesive and visually appealing user interface.","UI design principles and best practices Graphic design tools (e.g., Adobe Photoshop, Illustrator) Typography and color theory Visual design and layout Responsive design"
Backend Developer,"A Backend Developer is tasked with building and maintaining the server-side logic and database infrastructure of web applications. They work on the core functionality, data storage, and server communication to ensure the application runs smoothly and efficiently.","Proficiency in one or more backend programming languages (e.g., Java, Python, Node.js, Ruby) API development Database management (SQL or NoSQL) Server management and deployment Security best practices Knowledge of web frameworks (e.g., Express, Django)"
Full-Stack Developer,"Full-Stack Developers are skilled in both frontend and backend development. They can work on all aspects of web application development, from creating user interfaces to designing databases and server infrastructure, providing end-to-end solutions.",Frontend and backend development Database integration Problem-solving API knowledge
Java Backend Developer,"Java Backend Developers specialize in building the server-side components of software applications using Java. They work on database integration, server logic, and performance optimization to ensure efficient and reliable backend functionality.","Backend development RESTful APIs Database integration Java EE (Enterprise Edition) Performance optimization Version control (e.g., Git)"
Office Manager,"Office Managers oversee daily office operations, including supervising staff, managing facilities, and ensuring efficient workflow. They may also handle budgeting, resource allocation, and office policies.",Office administration and management Budgeting and expense tracking Team coordination and supervision Facility management Vendor and supplier relations
Interaction Designer,Interaction Designers specialize in designing user interactions within digital interfaces. They create meaningful and engaging user experiences by considering user behaviors and system responses.,Interaction design principles User behavior and psychology Wireframing and prototyping tools Animation and micro-interaction design Collaborative design processes
Business Systems Analyst,"A Business Systems Analyst analyzes business processes and requirements, recommends technology solutions, and bridges the gap between business objectives and IT systems.",Business systems analysis Requirements gathering Process improvement
Quality Assurance Analyst,"A Quality Assurance Analyst tests software and products to ensure they meet quality standards. They identify defects, report issues, and work with development teams to resolve problems.","Quality assurance processes Testing methodologies (e.g., manual, automated) Bug tracking and reporting Test case development Regression testing"
Key Account Manager,"Manage key client accounts, build strong relationships, and drive revenue growth.",Key account management Relationship building Sales negotiation
Brand Director,"Brand Directors oversee brand management and strategy. They ensure brand consistency, guide marketing initiatives, and work to enhance brand perception and recognition.",Brand strategy Brand development Creative direction Brand management Market research
Interaction Designer,Interaction Designers specialize in designing user interactions within digital interfaces. They create meaningful and engaging user experiences by considering user behaviors and system responses.,Interaction design principles User behavior and psychology Wireframing and prototyping tools Animation and micro-interaction design Collaborative design processes
Nursing Director,"Nursing Directors oversee nursing departments in healthcare facilities. They manage nursing staff, develop policies and procedures, and ensure the delivery of high-quality patient care while adhering to regulatory standards.",Nursing management Patient care coordination Staff supervision Compliance with healthcare regulations Quality improvement Leadership skills
International Tax Consultant,"An International Tax Consultant focuses on tax matters related to international business operations, ensuring compliance with global tax laws and optimizing tax structures.",International tax law knowledge Transfer pricing Cross-border tax planning Tax treaties and agreements Foreign tax credits International tax compliance Transfer pricing documentation Multinational tax strategies Client relationship management Communication skills Tax software proficiency
Financial Planning Manager,"Financial Planning Managers oversee financial planning services. They lead a team of financial planners, develop financial strategies, and ensure clients financial goals are met.",Financial planning Investment strategies Team leadership Wealth management Client advisory skills
Human Resources Director,"A Human Resources Director leads HR functions, including talent acquisition, employee development, and HR strategy, to promote a positive work environment and support organizational goals.",Strategic HR planning Employee relations Talent management HR policy development Leadership skills
Database Developer,"A Database Developer designs, develops, and maintains databases. They create efficient data structures, write queries, and ensure data security and integrity.","Database design and development SQL and database querying Data modeling Programming languages (e.g., Java, Python) Data security and privacy regulations knowledge"
Logistics Manager,"A Logistics Manager oversees the movement and storage of goods in a supply chain. They plan, implement, and manage the efficient transportation and distribution of products.",Supply chain management Inventory control Transportation logistics Vendor relations Team leadership and management
IT Business Analyst,"IT Business Analysts bridge the gap between business needs and technology solutions. They analyze business processes, gather requirements, and create solutions that align with organizational goals.",Business process analysis Requirement gathering Data analysis Communication skills
Content SEO Strategist,"Content SEO Strategists create SEO strategies specifically for content, focusing on keyword integration, content quality, and user engagement to boost organic traffic.",Content strategy SEO content optimization Content marketing Keyword mapping Analytics
Brand Promoter,"Brand Promoters are responsible for promoting a companys brand or products. They engage with the target audience, create marketing strategies, and build brand awareness.",Brand promotion Marketing knowledge Communication skills Sales techniques Product knowledge
Wedding Planner,"Wedding Planners specialize in organizing weddings, assisting couples with every aspect of wedding planning, from venue selection to catering and decor.",Wedding planning Venue selection Catering and menu planning Floral and decor design Wedding etiquette
Product Brand Manager,A Product Brand Manager focuses on promoting and managing the brand identity of specific products or product lines within a companys portfolio.,Product branding and marketing Product lifecycle management Cross-functional team collaboration Product launch planning Market segmentation and targeting
Accessibility Developer,"An Accessibility Developer focuses on making digital products and websites accessible to individuals with disabilities, ensuring compliance with accessibility standards.","Web accessibility standards (e.g., WCAG) Assistive technologies Accessibility testing tools HTML and CSS for accessibility ARIA (Accessible Rich Internet Applications) User experience (UX) for accessibility Usability testing with individuals with disabilities Collaboration Attention to detail"
Facilities Manager,"Facilities Managers manage facilities and building operations. They oversee maintenance, security, and facility improvements to provide a safe and efficient working environment.",Facilities management Property maintenance Space planning Budget management Health and safety compliance Vendor management
Content Writer,"Content Writers create written content for various platforms. They produce articles, blog posts, and web content to inform, educate, or entertain audiences.",Writing skills Content creation SEO knowledge Research skills Grammar and proofreading
Customer Support Specialist,A Customer Support Specialist assists customers with inquiries or issues related to a companys products or services. They provide solutions and maintain customer satisfaction.,Customer service Problem-solving Communication skills Ticketing system usage Product knowledge
NoSQL Database Engineer,"NoSQL Database Engineers work with non-relational databases to store and manage large volumes of unstructured or semi-structured data. They design data models, optimize database performance, and ensure scalability and data consistency.","NoSQL databases (e.g., MongoDB, Cassandra) Data modeling Data migration Performance tuning Scalability Distributed systems"
Addiction Counselor,"An Addiction Counselor provides support and therapy to individuals struggling with addiction, helping them overcome substance abuse and develop healthier coping strategies.",Addiction counseling techniques Substance abuse treatment Counseling ethics
Customer Support Manager,"Customer Support Managers oversee a team of customer support representatives. They set performance goals, resolve complex customer issues, and develop strategies to improve customer satisfaction and the efficiency of support operations.",Customer support Team leadership Customer satisfaction Issue resolution Performance metrics Training and development
Dental Hygiene Educator,A Dental Hygiene Educator teaches dental hygiene practices and oral health to students or the community. They promote preventive care and raise awareness about dental health.,Dental hygiene knowledge Teaching and instructional skills Curriculum development Student assessment Clinical practice experience
Hospitality Interior Designer,"A Hospitality Interior Designer specializes in creating inviting and functional interiors for hotels, restaurants, and other hospitality establishments.","Hospitality interior design Hotel and restaurant design Branding and theme integration FF&E (furniture, fixtures, and equipment) selection Customer experience design"
Logistics Manager,"A Logistics Manager oversees the movement and storage of goods in a supply chain. They plan, implement, and manage the efficient transportation and distribution of products.",Supply chain management Inventory control Transportation logistics Vendor relations Team leadership and management
Database Administrator,"Database Administrators manage databases, ensuring data integrity, security, and efficient performance. They design, implement, and maintain databases while troubleshooting issues.","Database management systems (e.g., MySQL, Oracle, SQL Server) Data security Database tuning and optimization Backup and recovery"
Pediatric Physical Therapist,"Specialize in providing physical therapy to children, addressing developmental and mobility issues.",Pediatric rehabilitation Developmental assessments Child psychology knowledge
Onboarding Specialist,"An Onboarding Specialist helps new employees integrate into the company. They facilitate orientation, training, and ensure a smooth transition into their roles.",Onboarding process management New employee orientation Training and development HR policies and procedures Employee engagement strategies
Content Creator,"Create engaging and relevant content, such as articles, videos, or social media posts, to promote brands or products.","Content creation (e.g., writing, editing, graphic design, video production) Content marketing Social media management SEO optimization Creative storytelling Audience engagement Analytics and reporting Adaptability Communication skills Creativity"
Sustainability Consultant,"Sustainability Consultants advise organizations on sustainable practices and strategies. They assess environmental impact, recommend sustainability initiatives, and assist in the development and implementation of sustainable policies.",Sustainability consulting Sustainability assessments Sustainable practices Green building standards Environmental policies Client communication
Software QA Tester,"Software QA Testers ensure the quality of software products by designing and executing test cases, identifying defects, and reporting issues to developers. They play a critical role in ensuring software reliability and functionality.","Software quality assurance Test planning Test case design Test execution Defect tracking Test automation (e.g., Selenium)"
Tax Planner,"Assist clients with tax planning, minimize tax liabilities, and stay up-to-date with tax laws and regulations.",Tax planning strategies Tax law knowledge Financial analysis Retirement planning Estate planning Client relationship management Tax optimization Communication skills Attention to detail Tax software proficiency Regulatory compliance
Customer Support Specialist,A Customer Support Specialist assists customers with inquiries or issues related to a companys products or services. They provide solutions and maintain customer satisfaction.,Customer service Problem-solving Communication skills Ticketing system usage Product knowledge
Performance Testing Specialist,"Performance Testing Specialists assess the performance of software applications by conducting load, stress, and scalability tests. They identify bottlenecks, optimize performance, and ensure software can handle user demands effectively.",Performance testing Load testing Stress testing Test scenarios Performance monitoring Benchmarking Performance analysis
Quality Control Analyst,"In the role of a Quality Control Analyst, you will be responsible for inspecting and testing products to ensure they meet quality standards and specifications. You will use quality control tools and processes to identify defects, document findings, and recommend improvements. Your role is essential in maintaining product quality and customer satisfaction.",Quality control Quality assurance QC testing methods Compliance standards Root cause analysis Documentation Statistical analysis
Performance Tester,A Performance Tester assesses the performance and scalability of software applications. They conduct load and stress testing to identify bottlenecks and optimize performance.,"Performance testing methodologies Load testing tools (e.g., JMeter) Test script development Performance profiling and analysis Bottleneck identification"
Legal Secretary,"Provide administrative support to legal professionals, manage schedules, draft documents, and handle correspondence.","Legal administrative tasks Document management Calendar and docketing Transcription File organization Communication with clients and courts Knowledge of legal terminology Attention to detail Multitasking Computer skills (e.g., MS Office)"
Executive Assistant,"Support high-level executives by managing schedules, coordinating meetings, and handling various administrative tasks.","Calendar management Travel coordination Meeting scheduling Correspondence and communication Office organization Confidentiality Time management Problem-solving Attention to detail Communication skills Technology proficiency (e.g., MS Office)"
Electronics Hardware Engineer,"Electronics Hardware Engineers develop and design electronic components and systems, from circuit boards to hardware prototypes, ensuring functionality and performance.",Electronics design PCB layout Embedded systems Circuit analysis Troubleshooting
SEO Specialist,"SEO Specialists optimize websites for search engines to improve online visibility. They conduct keyword research, optimize content, and implement SEO strategies to increase organic traffic and rankings.","Search engine algorithms and ranking factors Keyword research and analysis On-page and off-page SEO optimization SEO tools (e.g., Google Analytics, SEMrush) SEO content strategy"
Brand Promoter,"Brand Promoters are responsible for promoting a companys brand or products. They engage with the target audience, create marketing strategies, and build brand awareness.",Brand promotion Marketing knowledge Communication skills Sales techniques Product knowledge
CAD Technician,Create and modify technical drawings using computer-aided design (CAD) software for various engineering projects.,Computer-aided design (CAD) software Technical drawing Blueprint interpretation Drafting standards Engineering principles Collaboration with engineers Problem-solving Attention to detail Communication skills 3D modeling (if applicable)
Environmental Consultant,"An Environmental Consultant assesses environmental impacts, provides regulatory compliance guidance, and develops strategies for sustainable practices and environmental protection.",Environmental assessments Regulatory compliance Environmental impact analysis
Systems Administrator,"Manage and maintain an organizations IT infrastructure, including servers, hardware, and software systems.","System administration Server maintenance Active Directory Backup and recovery Cloud computing (e.g., AWS, Azure) Troubleshooting IT security best practices Collaboration Problem-solving Attention to detail Communication skills Technical knowledge"
Crisis Communication Manager,"Crisis Communication Managers develop strategies to manage and respond to crises, maintaining the organizations reputation during challenging times.",Crisis communication planning Crisis response Media relations Reputation management Stakeholder communication
IT Project Manager,"IT Project Managers plan, execute, and oversee IT projects. They define project scope, allocate resources, manage budgets, and ensure projects are delivered on time and within scope. They also communicate project status and risks to stakeholders.",Project management Team leadership Risk management Budgeting Communication skills
Wireless Network Engineer,"Wireless Network Engineers design, implement, and maintain wireless network solutions. They optimize wireless connectivity, troubleshoot issues, and ensure reliable and secure wireless communications.",Wireless network design and architecture Wi-Fi standards and protocols RF (Radio Frequency) planning and optimization Wireless security protocols Troubleshooting wireless network issues
Technical Support Specialist,"Technical Support Specialists assist customers or end-users with technical issues related to products or services. They provide troubleshooting, resolve problems, and offer technical guidance through various communication channels, ensuring customer satisfaction.","Technical troubleshooting Customer support tools (e.g., Zendesk, Freshdesk) Communication skills Problem-solving and critical thinking Ticket management Knowledge base creation"
Sales Account Manager,"A Sales Account Manager is responsible for building and maintaining relationships with clients, identifying their needs, and proposing tailored solutions to achieve sales targets.",Account management Sales strategy Negotiation and closing skills
Supply Chain Manager,"Supply Chain Managers manage the end-to-end supply chain process, from procurement to distribution. They optimize logistics, reduce costs, and ensure the efficient flow of products or services to meet customer demand.",Supply chain logistics and management Inventory control and procurement Supplier relationship management Data analysis and forecasting Risk assessment and mitigation
SEO Specialist,"SEO Specialists optimize websites for search engines to improve online visibility. They conduct keyword research, optimize content, and implement SEO strategies to increase organic traffic and rankings.","Search engine algorithms and ranking factors Keyword research and analysis On-page and off-page SEO optimization SEO tools (e.g., Google Analytics, SEMrush) SEO content strategy"
Strategic Sourcing Manager,"Develop and execute sourcing strategies to procure goods and services, negotiate contracts, and manage supplier relationships.",Strategic sourcing strategies Supplier evaluation and selection Negotiation skills Vendor management Cost analysis Supply chain management Contract management Problem-solving Attention to detail Communication skills Strategic thinking
Community Manager,"Community Managers build and engage online communities around a brand or product. They interact with community members, moderate discussions, and foster a sense of belonging and loyalty among community members.",Community engagement and moderation Online community-building strategies Content curation and creation Crisis management and conflict resolution Analytics and reporting
Live Chat Support Agent,"A Live Chat Support Agent provides customer support through live chat channels, addressing inquiries, troubleshooting issues, and offering timely solutions.",Live chat support Online customer communication Problem resolution
Event Coordinator,"Event Coordinators plan and execute various events, including conferences, parties, and meetings, managing logistics, budgets, and vendor relationships.",Event planning Vendor coordination Budget management Marketing and promotion Logistics
Financial Accountant,"Financial Accountants handle financial records, prepare financial statements, and ensure compliance with accounting standards. They analyze financial data to provide accurate financial reports and support decision-making within the organization.","Financial reporting Accounting software (e.g., QuickBooks) Auditing GAAP knowledge"
Inside Sales Representative,"Inside Sales Representatives are responsible for selling products or services to customers over the phone or through online channels. They engage with leads, answer customer inquiries, and use persuasive communication to close sales and meet revenue targets.","Sales prospecting and lead generation Sales presentation and communication CRM software (e.g., Salesforce) Sales negotiation and closing techniques Product knowledge Relationship building"
Search Engine Marketer,"Search Engine Marketers optimize online content for search engines. They use SEO strategies to improve website rankings, increase organic traffic, and enhance online visibility.",Search engine marketing PPC advertising SEO strategy Data analysis Digital marketing skills
Project Coordinator,"Project Coordinators assist in planning, executing, and monitoring projects. They facilitate communication among team members, track project progress, and ensure tasks are completed on time.",Project management Communication Time management Organization Problem-solving
Budget Analyst,"Budget Analysts manage and analyze financial data to develop, monitor, and report on budgets. They work with departments to ensure budget compliance, identify cost-saving opportunities, and provide financial insights to support strategic planning and decision-making.",Budget planning Financial forecasting Excel proficiency Data analysis
Product Designer,"Design and develop innovative products, from concept to production, ensuring usability, functionality, and aesthetics.","Product design principles Prototyping and wireframing User research User testing UI/UX design 3D modeling (if applicable) Collaboration Problem-solving Creativity Attention to detail Communication skills Software proficiency (e.g., Sketch, Adobe XD)"
Business Intelligence Analyst,"Business Intelligence Analysts gather and analyze data to provide valuable insights to support decision-making within an organization. They create reports, dashboards, and data visualizations to help stakeholders understand trends, patterns, and opportunities in the data.","Data analysis and visualization tools (e.g., Tableau, Power BI) SQL and database querying Business intelligence concepts Data modeling and reporting Strong analytical and problem-solving skills Data-driven decision-making"
Digital Marketing Coordinator,"Digital Marketing Coordinators manage online marketing efforts, including social media, email marketing, and SEO, to drive digital engagement and growth.",Digital marketing strategy development Social media advertising Email marketing Google Analytics and SEO Content management systems (CMS) proficiency
Subject Matter Expert,A Subject Matter Expert possesses deep knowledge in a specific field and provides expertise to solve complex problems or guide decision-making within that domain.,Expertise in a specific subject area Knowledge of curriculum standards Instructional design Assessment development Educational technology proficiency
Nursing Director,"Nursing Directors oversee nursing departments in healthcare facilities. They manage nursing staff, develop policies and procedures, and ensure the delivery of high-quality patient care while adhering to regulatory standards.",Nursing management Patient care coordination Staff supervision Compliance with healthcare regulations Quality improvement Leadership skills
Legal Secretary,"Provide administrative support to legal professionals, manage schedules, draft documents, and handle correspondence.","Legal administrative tasks Document management Calendar and docketing Transcription File organization Communication with clients and courts Knowledge of legal terminology Attention to detail Multitasking Computer skills (e.g., MS Office)"
Hospitality Interior Designer,"A Hospitality Interior Designer specializes in creating inviting and functional interiors for hotels, restaurants, and other hospitality establishments.","Hospitality interior design Hotel and restaurant design Branding and theme integration FF&E (furniture, fixtures, and equipment) selection Customer experience design"
Employee Relations Specialist,"Employee Relations Specialists focus on maintaining positive relationships between employees and the organization. They address workplace issues, conduct investigations, mediate conflicts, and promote a healthy and productive work environment.",Employee conflict resolution HR compliance Employee engagement Communication skills
Performance Testing Specialist,"Performance Testing Specialists assess the performance of software applications by conducting load, stress, and scalability tests. They identify bottlenecks, optimize performance, and ensure software can handle user demands effectively.",Performance testing Load testing Stress testing Test scenarios Performance monitoring Benchmarking Performance analysis
User Experience Designer,"User Experience Designers create intuitive and user-friendly digital interfaces. They conduct user research, design prototypes, and work to enhance the overall user experience of websites and applications.","User-centered design principles UX/UI design tools (e.g., Sketch, Adobe XD) Wireframing and prototyping Usability testing and user research Information architecture and user flows"
Investment Advisor,"Investment Advisors offer financial advice to clients, helping them make investment decisions, manage portfolios, and achieve their financial goals.",Investment strategies Portfolio management Financial planning Risk assessment Regulatory compliance
Sustainability Consultant,"Sustainability Consultants advise organizations on sustainable practices and strategies. They assess environmental impact, recommend sustainability initiatives, and assist in the development and implementation of sustainable policies.",Sustainability consulting Sustainability assessments Sustainable practices Green building standards Environmental policies Client communication
Event Coordinator,"Event Coordinators plan and execute various events, including conferences, parties, and meetings, managing logistics, budgets, and vendor relationships.",Event planning Vendor coordination Budget management Marketing and promotion Logistics
Procurement Manager,"Procurement Managers oversee procurement processes, managing vendor relationships, negotiating contracts, and ensuring cost-effective purchasing of goods and services.",Procurement strategies Supplier management Negotiation Cost analysis Supply chain management
Business Development Director,"Business Development Directors lead efforts to identify and pursue new business opportunities. They develop growth strategies, build relationships with clients, and oversee business development teams to achieve revenue and expansion goals.",Business development Sales strategy Market analysis Client acquisition Team leadership Strategic planning Presentation skills
Transportation Planner,"Transportation Planners design and manage transportation systems. They optimize traffic flow, plan public transit routes, and enhance overall transportation efficiency.",Transportation planning Traffic engineering GIS proficiency Public transportation Project management
SQL Database Developer,"SQL Database Developers design, implement, and maintain relational databases using SQL (Structured Query Language). They write queries, optimize database performance, and ensure data integrity and security.",SQL (Structured Query Language) Database design Query optimization Data modeling Database maintenance Problem-solving skills
Transportation Engineer,"A Transportation Engineer plans and designs transportation systems, including roads, highways, and public transit. They aim to improve transportation efficiency and safety.","Transportation engineering Traffic analysis and planning Civil engineering software (e.g., MicroStation, AutoCAD Civil 3D) Roadway design Public transportation knowledge"
Art Curator,"An Art Curator is responsible for managing and preserving a collection of artworks. They curate exhibitions, acquire new pieces, and educate the public about the art.",Art history and knowledge Art curation and exhibition planning Collections management Art market trends Cultural awareness
Backend Web Developer,"Backend Web Developers build and maintain the server-side logic and infrastructure required for web applications. They work on data storage, APIs, and server communication to support the functionality of web applications.","Server-side programming (e.g., Node.js, Python) Database management (e.g., SQL, MongoDB)"
Backend Developer,"A Backend Developer is tasked with building and maintaining the server-side logic and database infrastructure of web applications. They work on the core functionality, data storage, and server communication to ensure the application runs smoothly and efficiently.","Proficiency in one or more backend programming languages (e.g., Java, Python, Node.js, Ruby) API development Database management (SQL or NoSQL) Server management and deployment Security best practices Knowledge of web frameworks (e.g., Express, Django)"
Operations Director,"Operations Directors oversee the daily operations of an organization. They develop and implement operational strategies, manage teams, and work to optimize processes to achieve business goals and efficiency.",Operations management Strategic planning and execution Budgeting and financial analysis Leadership and team management Process improvement and optimization
Avionics Engineer,"Avionics Engineers focus on aircraft electronic systems. They design and maintain avionics systems such as communication, navigation, and instrumentation for safe flight operations.",Avionics systems Electronic warfare systems Radar systems Aircraft communication systems System integration Testing and validation
Agile Product Owner,"Agile Product Owners work closely with development teams in Agile environments. They define and prioritize product backlog items, communicate the product vision, and ensure that the product increments delivered align with customer needs and project objectives.",Agile product development Scrum or Kanban frameworks Backlog management User story writing Prioritization techniques Collaboration with development teams Product vision and strategy
Network Security Analyst,"Protect an organizations computer networks and systems from security threats, monitor network traffic, and respond to incidents.",Network security protocols Intrusion detection and prevention Security incident response Firewall administration Vulnerability assessment Security policies and procedures Log analysis Ethical hacking Problem-solving Communication skills Attention to detail
Sustainable Design Specialist,"Sustainable Design Specialists incorporate eco-friendly practices into architectural designs, promoting energy efficiency and environmental sustainability.",Sustainable design principles Energy efficiency LEED certification Green building materials Environmental impact assessment
Demand Planner,A Demand Planner analyzes historical sales data to forecast future demand for products. They work to optimize inventory levels and ensure product availability while minimizing costs.,Demand forecasting Inventory management Data analysis Sales and operations planning (S&OP) ERP software proficiency
Orthopedic Physical Therapist,"Provide physical therapy services to patients with orthopedic conditions, rehabilitate injuries, and improve mobility.",Orthopedic assessment and treatment Rehabilitation exercises Patient education
Account Executive,"Account Executives manage and grow relationships with existing clients or customers. They understand client needs, propose solutions, negotiate contracts, and ensure customer satisfaction, often working closely with sales and customer support teams.",Sales strategy and planning Account management Customer relationship management Solution selling Sales forecasting Contract negotiation Sales metrics and reporting
Chemical Engineer,"Chemical Engineers design and oversee processes for the production of chemicals and related products. They conduct experiments, analyze data, and develop processes to optimize production, ensure safety, and minimize environmental impact.",Chemical engineering Process design Chemical reactions Safety protocols Laboratory techniques Problem-solving skills
Account Manager,"An Account Manager builds and maintains relationships with clients or customers, ensuring their needs are met and promoting products or services to drive revenue and growth.",Account management Customer relationship management Sales and negotiation Business development Client needs analysis
Content Writer,"Content Writers create written content for various platforms. They produce articles, blog posts, and web content to inform, educate, or entertain audiences.",Writing skills Content creation SEO knowledge Research skills Grammar and proofreading
Account Executive,"Account Executives manage and grow relationships with existing clients or customers. They understand client needs, propose solutions, negotiate contracts, and ensure customer satisfaction, often working closely with sales and customer support teams.",Sales strategy and planning Account management Customer relationship management Solution selling Sales forecasting Contract negotiation Sales metrics and reporting
City Planner,"City Planners develop and implement urban planning strategies. They work to improve communities, manage resources, and address issues related to land use and infrastructure.",Urban planning Zoning regulations Environmental planning GIS proficiency Community engagement
User Interface Designer,"User Interface Designers focus on the visual and interactive aspects of digital interfaces. They design layouts, buttons, and other elements to ensure a cohesive and visually appealing user interface.","UI design principles and best practices Graphic design tools (e.g., Adobe Photoshop, Illustrator) Typography and color theory Visual design and layout Responsive design"
IT Support Specialist,"IT Support Specialists provide technical assistance to end-users, troubleshooting hardware and software problems, setting up equipment, and maintaining IT infrastructure.",Technical troubleshooting Hardware and software support Customer service Problem-solving Communication
Retirement Planner,"Retirement Planners assist clients in planning for retirement, including savings strategies, pension options, and retirement income planning.",Retirement planning Social security Investment products Tax planning Estate planning
Key Account Executive,A Key Account Executive manages strategic accounts for a company. They build strong client relationships and work to expand business opportunities within these key accounts.,Key account management Sales strategy development Negotiation and closing skills Relationship building Industry and market knowledge
Portfolio Manager,"A Portfolio Manager oversees investment portfolios, making decisions to maximize returns and minimize risks. They analyze financial markets and adjust asset allocations accordingly.",Investment management Financial analysis Risk assessment Asset allocation Portfolio optimization
Office Coordinator,"Office Coordinators provide administrative support within an office. They assist with tasks like scheduling, record-keeping, and communication to ensure efficient office operations.",Office administration Calendar management Reception duties Communication skills Record keeping Office supplies management
Data Analyst,"Analyze data sets, generate insights, and provide data-driven recommendations to inform business decisions.","Data analysis tools (e.g., SQL, Python) Data visualization tools (e.g., Tableau, Power BI) Statistical analysis Data cleansing and transformation Data modeling Communication of data insights Problem-solving Attention to detail Business acumen"
Geriatric Occupational Therapist,A Geriatric Occupational Therapist works with elderly individuals to address age-related health issues and maintain independence and quality of life.,"Geriatric assessment and evaluation Geriatric-specific occupational therapy techniques Aging-related conditions (e.g., dementia, arthritis) Fall prevention strategies Care coordination with healthcare teams Assistive technology for seniors Patient advocacy Empathy and compassion Communication skills"
Security Consultant,"A Security Consultant is responsible for assessing an organizations security infrastructure, identifying vulnerabilities, and recommending solutions to enhance security. They conduct risk assessments, implement security measures, and provide guidance on security policies and procedures.",Security consulting Risk assessment Security audits Security policy development Penetration testing Client communication
Bridge Engineer,"A Bridge Engineer specializes in designing and maintaining bridges, ensuring their structural integrity, safety, and compliance with engineering standards and regulations.",Bridge design Civil engineering Structural analysis AutoCAD proficiency Project management
Exotic Animal Veterinarian,"Provide medical care and treatment to exotic animals, diagnose illnesses, perform surgeries, and educate owners on animal care.",Exotic animal medicine Exotic animal diagnostics Specialized surgical skills Avian medicine Reptile care Amphibian care Exotic animal anesthesia Compassion and empathy Client communication Problem-solving Attention to detail
Executive Assistant,"Support high-level executives by managing schedules, coordinating meetings, and handling various administrative tasks.","Calendar management Travel coordination Meeting scheduling Correspondence and communication Office organization Confidentiality Time management Problem-solving Attention to detail Communication skills Technology proficiency (e.g., MS Office)"
Marketing Automation Specialist,"Implement and manage marketing automation tools, workflows, and campaigns to streamline marketing efforts.","Marketing automation platforms (e.g., Marketo, Pardot) Lead nurturing Workflow automation CRM integration Analytics and reporting Email marketing Campaign optimization Marketing strategy Communication skills Problem-solving Attention to detail"
Medical Sales Specialist,"Medical Sales Specialists focus on selling medical devices, pharmaceuticals, or healthcare products to healthcare professionals and institutions.",Medical product knowledge Understanding of healthcare regulations Relationship building with healthcare professionals Sales forecasting and planning Medical sales techniques
Structural Engineer,"A Structural Engineer designs and analyzes the structural integrity of buildings, bridges, and other structures. They ensure safety and compliance with engineering standards.","Structural engineering principles Structural analysis and design software (e.g., AutoCAD, SAP2000) Building codes and standards Project management Structural integrity assessment"
Systems Engineer,Systems Engineers design and manage complex systems and infrastructure. They integrate various components and technologies to ensure optimal system performance and reliability.,Systems engineering System architecture Integration testing Troubleshooting Technical documentation Configuration management
User Interface Designer,"User Interface Designers focus on the visual and interactive aspects of digital interfaces. They design layouts, buttons, and other elements to ensure a cohesive and visually appealing user interface.","UI design principles and best practices Graphic design tools (e.g., Adobe Photoshop, Illustrator) Typography and color theory Visual design and layout Responsive design"
Business Development Director,"Business Development Directors lead efforts to identify and pursue new business opportunities. They develop growth strategies, build relationships with clients, and oversee business development teams to achieve revenue and expansion goals.",Business development Sales strategy Market analysis Client acquisition Team leadership Strategic planning Presentation skills
Mechanical Design Engineer,"Mechanical Design Engineers create and develop mechanical systems and components, from concept to manufacturing, ensuring functionality and safety.","Mechanical engineering CAD software (e.g., SolidWorks, AutoCAD) Finite element analysis Product development Prototyping"
Technical Writer,"Technical Writers specialize in creating user-friendly documentation and manuals for technical products and services. They translate complex technical information into accessible, understandable content.",Technical documentation Technical knowledge Writing skills Editing User manuals
Data Entry Specialist,"Accurately input and maintain data in databases or spreadsheets, ensuring data integrity and organization.","Data entry accuracy and speed Database software (e.g., Microsoft Access, Excel) Attention to detail Time management Organization Multitasking Keyboarding skills Data verification Problem-solving Communication skills Computer proficiency"
Facilities Manager,"Facilities Managers manage facilities and building operations. They oversee maintenance, security, and facility improvements to provide a safe and efficient working environment.",Facilities management Property maintenance Space planning Budget management Health and safety compliance Vendor management
Data Scientist,"Data Scientists use their expertise in data analysis and machine learning to extract valuable insights and predictions from data. They build and train models, conduct statistical analysis, and communicate findings to drive data-driven decision-making in the organization.","Machine learning algorithms and libraries (e.g., scikit-learn, TensorFlow, PyTorch) Statistical analysis and modeling Data preprocessing and cleaning Big data technologies (e.g., Hadoop, Spark) Data visualization Strong programming skills (Python, R)"
PCB Designer,"PCB Designers specialize in designing printed circuit boards (PCBs). They create PCB layouts, ensure proper connectivity, and consider electrical and mechanical requirements.",PCB design Electronics PCB layout software proficiency Circuit design Quality control
IT Support Specialist,"IT Support Specialists provide technical assistance to end-users, troubleshooting hardware and software problems, setting up equipment, and maintaining IT infrastructure.",Technical troubleshooting Hardware and software support Customer service Problem-solving Communication
Family Counselor,"A Family Counselor works with families to address interpersonal issues, improve communication, and resolve conflicts, fostering healthier family dynamics.",Family counseling Marriage and family therapy Conflict resolution skills
Small Animal Veterinarian,"A Small Animal Veterinarian provides medical care to small pets, such as dogs and cats. They diagnose illnesses, perform surgeries, and advise pet owners on healthcare practices.",Veterinary medicine Small animal care and surgery Animal diagnostics Preventive medicine Client communication Surgical skills Radiology Anesthesia Laboratory diagnostics Compassion and empathy Problem-solving Attention to detail
Administrative Coordinator,"Administrative Coordinators support administrative tasks, including data entry, scheduling, and document management, to enhance organizational efficiency.",Office administration Communication skills Organizational skills Time management Microsoft Office proficiency
Documentation Specialist,"Documentation Specialists create and manage documents, manuals, or technical materials. They ensure accuracy, consistency, and accessibility of documentation.",Document management Recordkeeping Attention to detail Data entry Organizational skills
Market Researcher,"A Market Researcher gathers and analyzes market data to provide insights on consumer behavior, market trends, and competitor activities, aiding in informed business decisions.",Market research methodologies Data collection and analysis Industry knowledge
Social Media Analyst,"Social Media Analysts analyze social media data and metrics to provide insights and recommendations for improving social media strategies. They track performance, identify trends, and support data-driven decision-making.","Social media analytics tools (e.g., Google Analytics, Facebook Insights) Data analysis and reporting Social media ROI measurement Competitive analysis Trend identification"
Sustainability Consultant,"Sustainability Consultants advise organizations on sustainable practices and strategies. They assess environmental impact, recommend sustainability initiatives, and assist in the development and implementation of sustainable policies.",Sustainability consulting Sustainability assessments Sustainable practices Green building standards Environmental policies Client communication
Documentation Specialist,"Documentation Specialists create and manage documents, manuals, or technical materials. They ensure accuracy, consistency, and accessibility of documentation.",Document management Recordkeeping Attention to detail Data entry Organizational skills
Test Automation Engineer,"Test Automation Engineers automate testing processes using scripts and tools. They design and maintain automated test suites to streamline testing efforts, improve efficiency, and enhance software quality.","Test automation frameworks and tools Scripting and programming languages (e.g., Python, Java) Continuous integration and continuous testing (CI/CT) Test script development and maintenance Test environment setup and management"
Real Estate Paralegal,"Assist in real estate transactions, including title searches, closings, and contract preparation.",Real estate transactions Title searches Closing processes Deed preparation Contract review Communication with real estate professionals Attention to detail Real estate terminology Technology proficiency Legal software proficiency Legal research skills
Emergency Medicine Physician Assistant,"Work in emergency departments, diagnose and treat acute medical conditions, and provide urgent care.",Emergency medical care Triage and assessment Trauma management
Classroom Teacher,"A Classroom Teacher educates students in a specific subject or grade level. They create lesson plans, deliver instruction, assess student progress, and foster a positive learning environment.",Teaching pedagogy Classroom management Curriculum development Student assessment Differentiated instruction
Inventory Control Specialist,"Inventory Control Specialists manage and optimize inventory levels in a business. They track stock, monitor demand, and implement inventory control procedures to ensure efficient operations and minimize carrying costs.",Inventory management Stock control Demand forecasting Inventory tracking systems Supply chain coordination Problem-solving skills
Project Coordinator,"Project Coordinators assist in planning, executing, and monitoring projects. They facilitate communication among team members, track project progress, and ensure tasks are completed on time.",Project management Communication Time management Organization Problem-solving
Residential Interior Designer,"A Residential Interior Designer plans and designs interior spaces in homes. They select furnishings, colors, and layouts to create functional and aesthetically pleasing environments.",Residential interior design Space planning Color theory and selection Furniture and materials selection 3D modeling and rendering
Architectural Drafter,Architectural Drafters assist architects and engineers in creating detailed technical drawings and plans for buildings and structures. They use computer-aided design (CAD) software to produce accurate and precise architectural drawings.,Architectural drafting AutoCAD 2D and 3D modeling Blueprint reading Building codes Collaboration with architects Detail-oriented
Finance Manager,"Finance Managers oversee an organizations financial operations, including budgeting, financial reporting, and investment management. They analyze financial data, make strategic financial decisions, and ensure compliance with financial regulations.","Financial management Budgeting Financial analysis Financial reporting Risk management Financial software (e.g., Excel, QuickBooks) Strategic planning"
Email Marketing Specialist,"Email Marketing Specialists design and execute email marketing campaigns. They create email content, segment email lists, and analyze campaign performance to achieve marketing goals and engage subscribers.","Email marketing platforms (e.g., Mailchimp, Constant Contact) Email campaign creation and segmentation A/B testing and optimization Email deliverability and compliance Metrics tracking and analysis"
Supply Chain Coordinator,"A Supply Chain Coordinator manages supply chain operations, coordinates logistics, and ensures the seamless flow of goods and materials throughout the supply chain network.",Supply chain logistics Inventory management Communication skills Problem-solving Vendor coordination
Front-End Developer,A Front-End Developer specializes in creating the user interface and user experience of websites or applications. They code and design elements that users interact with directly.,"Front-end web development HTML, CSS, JavaScript Responsive design Web performance optimization Cross-browser compatibility"
Systems Administrator,"Manage and maintain an organizations IT infrastructure, including servers, hardware, and software systems.","System administration Server maintenance Active Directory Backup and recovery Cloud computing (e.g., AWS, Azure) Troubleshooting IT security best practices Collaboration Problem-solving Attention to detail Communication skills Technical knowledge"
Design Engineer,"A Design Engineer creates and develops product designs and specifications, using engineering principles and design software to bring innovative products to market.",Engineering design CAD software proficiency Problem-solving Technical knowledge Communication skills
Digital Marketing Manager,"Digital Marketing Managers lead digital marketing efforts, including SEO, SEM, social media, email marketing, and content strategy. They develop and execute digital marketing campaigns to increase brand awareness, drive traffic, and generate leads or sales.","Digital marketing strategies SEO and SEM Social media marketing Email marketing campaigns Content marketing Web analytics (e.g., Google Analytics) Marketing automation tools (e.g., HubSpot, Marketo)"
Territory Sales Manager,"Territory Sales Managers oversee a specific sales territory, managing sales teams, setting goals, and developing strategies to meet sales objectives.",Sales leadership Territory management Team management Sales data analysis Strategic planning and execution
Accessibility Developer,"An Accessibility Developer focuses on making digital products and websites accessible to individuals with disabilities, ensuring compliance with accessibility standards.","Web accessibility standards (e.g., WCAG) Assistive technologies Accessibility testing tools HTML and CSS for accessibility ARIA (Accessible Rich Internet Applications) User experience (UX) for accessibility Usability testing with individuals with disabilities Collaboration Attention to detail"
Quality Assurance Analyst,"A Quality Assurance Analyst tests software and products to ensure they meet quality standards. They identify defects, report issues, and work with development teams to resolve problems.","Quality assurance processes Testing methodologies (e.g., manual, automated) Bug tracking and reporting Test case development Regression testing"
Market Research Coordinator,"A Market Research Coordinator supports market research initiatives by organizing and managing research projects, data collection, and analysis efforts.",Market research coordination Survey design and administration Data analysis
Tax Accountant,"Tax Accountants specialize in tax-related matters. They prepare tax returns, assist with tax planning, and ensure compliance with tax laws and regulations. They stay updated on tax codes and advise organizations on tax strategies.",Tax preparation Tax planning Tax regulations Accounting Tax software proficiency
Business Intelligence Analyst,"Business Intelligence Analysts gather and analyze data to provide valuable insights to support decision-making within an organization. They create reports, dashboards, and data visualizations to help stakeholders understand trends, patterns, and opportunities in the data.","Data analysis and visualization tools (e.g., Tableau, Power BI) SQL and database querying Business intelligence concepts Data modeling and reporting Strong analytical and problem-solving skills Data-driven decision-making"
Inventory Manager,"An Inventory Manager oversees inventory levels, coordinates stock movements, and optimizes inventory control procedures to ensure efficient stock management and product availability.",Inventory control Demand forecasting Supply chain management Data analysis Warehouse management
Accessibility Developer,"An Accessibility Developer focuses on making digital products and websites accessible to individuals with disabilities, ensuring compliance with accessibility standards.","Web accessibility standards (e.g., WCAG) Assistive technologies Accessibility testing tools HTML and CSS for accessibility ARIA (Accessible Rich Internet Applications) User experience (UX) for accessibility Usability testing with individuals with disabilities Collaboration Attention to detail"
Studio Art Teacher,"A Studio Art Teacher instructs students in studio art practices, providing hands-on guidance in creating art and fostering artistic expression and skill development.",Art instruction Classroom management Art techniques Lesson planning Student assessment
Network Support Specialist,"Network Support Specialists provide technical support for computer networks. They troubleshoot issues, maintain network infrastructure, and ensure reliable network performance.",Network troubleshooting IT support Network configuration Technical knowledge Problem-solving
Creative Director,"Creative Directors lead creative teams in developing visual and conceptual designs for various media, ensuring brand consistency and artistic quality.",Creative leadership Art direction Concept development Visual design Advertising and marketing expertise
Wealth Advisor,"Wealth Advisors provide financial advice to clients. They assess financial goals, create investment strategies, and offer guidance on wealth management and financial planning.",Financial planning Investment knowledge Relationship management Communication skills Analytical skills
PCB Designer,"PCB Designers specialize in designing printed circuit boards (PCBs). They create PCB layouts, ensure proper connectivity, and consider electrical and mechanical requirements.",PCB design Electronics PCB layout software proficiency Circuit design Quality control
Email Marketing Specialist,"Email Marketing Specialists design and execute email marketing campaigns. They create email content, segment email lists, and analyze campaign performance to achieve marketing goals and engage subscribers.","Email marketing platforms (e.g., Mailchimp, Constant Contact) Email campaign creation and segmentation A/B testing and optimization Email deliverability and compliance Metrics tracking and analysis"
Technical SEO Specialist,"Technical SEO Specialists optimize website infrastructure, addressing issues like site speed, mobile-friendliness, and structured data to enhance search engine visibility.",Technical SEO audits Website crawl analysis Schema markup XML sitemaps Canonicalization
Employment Lawyer,"Employment Lawyers focus on employment law matters, assisting employers and employees with issues like workplace discrimination, labor disputes, and employment contracts. They offer legal counsel and represent clients in legal proceedings.",Employment law and regulations Employment contracts and agreements Workplace discrimination and harassment laws Legal compliance Client representation and advocacy
Facilities Manager,"Facilities Managers manage facilities and building operations. They oversee maintenance, security, and facility improvements to provide a safe and efficient working environment.",Facilities management Property maintenance Space planning Budget management Health and safety compliance Vendor management
Web Graphic Designer,"Web Graphic Designers create visually appealing graphics, images, and layouts for websites. They work closely with web developers and UI/UX designers to ensure that web content is aesthetically pleasing, on-brand, and engaging to users.","Graphic design tools (e.g., Adobe Creative Suite) Web design principles User interface (UI) design Visual communication Typography Creativity and artistic skills"
Financial Analyst,"A Financial Analyst conducts financial analysis, generates reports, and provides insights to support decision-making, budgeting, and financial planning.",Financial analysis Data analysis Financial modeling
Construction Project Manager,"The Construction Project Manager oversees and manages construction projects, ensuring they are completed on time and within budget. They coordinate with contractors, architects, and other stakeholders to ensure successful project delivery.",Construction management Budgeting Contract negotiation Safety regulations
Construction Project Coordinator,"Construction Project Coordinators assist in managing construction projects, handling documentation, budget tracking, and coordinating subcontractors.",Construction project management Building codes and regulations knowledge Budgeting and cost control Construction scheduling Contractor and subcontractor coordination
Digital Marketing Coordinator,"Digital Marketing Coordinators manage online marketing efforts, including social media, email marketing, and SEO, to drive digital engagement and growth.",Digital marketing strategy development Social media advertising Email marketing Google Analytics and SEO Content management systems (CMS) proficiency
Administrative Assistant,"An Administrative Assistant provides administrative support to the organization, including scheduling, document management, and assisting in day-to-day operations.",Office management Administrative tasks Communication and organization
Accounting Controller,"Accounting Controllers manage an organizations accounting and financial reporting functions. They ensure accurate financial records, compliance with accounting standards, and timely financial reporting to support informed decision-making.","Accounting Financial reporting Financial audits Tax compliance Accounting software (e.g., SAP, Oracle) GAAP (Generally Accepted Accounting Principles)"
Data Business Analyst,"Data Business Analysts focus on data-related projects. They collect and analyze data, identify trends, and provide insights to support data-driven decision-making within the organization.","Data analysis Data modeling Data visualization SQL Data tools (e.g., Tableau)"
Nursing Director,"Nursing Directors oversee nursing departments in healthcare facilities. They manage nursing staff, develop policies and procedures, and ensure the delivery of high-quality patient care while adhering to regulatory standards.",Nursing management Patient care coordination Staff supervision Compliance with healthcare regulations Quality improvement Leadership skills
Brand Strategist,A Brand Strategist develops strategies to build and strengthen a companys brand identity. They research market trends and consumer preferences to guide branding decisions.,Brand strategy development Market research and analysis Competitive analysis Brand positioning and messaging Creative direction and collaboration
Technical Product Manager,"Technical Product Managers oversee the development and enhancement of technical products. They define product requirements, prioritize features, collaborate with development teams, and ensure the product aligns with the companys strategic goals and market needs.",Product management principles Technical background Agile development methodologies Product roadmap planning Market research and analysis Stakeholder communication Problem-solving skills
Onboarding Specialist,"An Onboarding Specialist helps new employees integrate into the company. They facilitate orientation, training, and ensure a smooth transition into their roles.",Onboarding process management New employee orientation Training and development HR policies and procedures Employee engagement strategies
Inventory Control Specialist,"Inventory Control Specialists manage and optimize inventory levels in a business. They track stock, monitor demand, and implement inventory control procedures to ensure efficient operations and minimize carrying costs.",Inventory management Stock control Demand forecasting Inventory tracking systems Supply chain coordination Problem-solving skills
Social Media Strategist,"Social Media Strategists develop and execute social media strategies to achieve marketing goals. They analyze social media trends, create content calendars, and measure the effectiveness of social media campaigns.",Social media marketing strategy development Content planning and creation Social media advertising and targeting Data-driven decision-making Social media trends and platform updates
Content SEO Strategist,"Content SEO Strategists create SEO strategies specifically for content, focusing on keyword integration, content quality, and user engagement to boost organic traffic.",Content strategy SEO content optimization Content marketing Keyword mapping Analytics
Subject Matter Expert,A Subject Matter Expert possesses deep knowledge in a specific field and provides expertise to solve complex problems or guide decision-making within that domain.,Expertise in a specific subject area Knowledge of curriculum standards Instructional design Assessment development Educational technology proficiency
Family Law Attorney,"Family Law Attorneys deal with legal matters related to family relationships. They handle cases like divorce, child custody, adoption, and domestic disputes to provide legal guidance.",Family law Divorce proceedings Child custody Mediation Legal counseling Court representation
Quality Assurance Analyst,"A Quality Assurance Analyst tests software and products to ensure they meet quality standards. They identify defects, report issues, and work with development teams to resolve problems.","Quality assurance processes Testing methodologies (e.g., manual, automated) Bug tracking and reporting Test case development Regression testing"
Studio Art Teacher,"A Studio Art Teacher instructs students in studio art practices, providing hands-on guidance in creating art and fostering artistic expression and skill development.",Art instruction Classroom management Art techniques Lesson planning Student assessment
Analytical Chemist,"As an Analytical Chemist, your primary responsibility is to analyze chemical compounds and substances using various laboratory techniques and equipment. You will conduct experiments, interpret results, and generate reports. Your role may involve developing analytical methods, maintaining lab equipment, and adhering to safety protocols to ensure accurate and reliable analyses.","Analytical chemistry Laboratory techniques Instrumentation Data analysis Quality control Sample preparation Scientific software (e.g., ChemDraw)"
Paid Advertising Specialist,Paid Advertising Specialists manage paid advertising campaigns. They use platforms like Google Ads and social media advertising to reach target audiences and achieve marketing goals.,Google Ads management PPC campaign optimization Keyword research Ad copywriting A/B testing Conversion tracking
Record Keeper,"A Record Keeper is responsible for maintaining accurate records and databases, ensuring data integrity, and assisting in data retrieval when needed.",Records management Data entry and retrieval Attention to detail
Front-End Developer,A Front-End Developer specializes in creating the user interface and user experience of websites or applications. They code and design elements that users interact with directly.,"Front-end web development HTML, CSS, JavaScript Responsive design Web performance optimization Cross-browser compatibility"
Retirement Planner,"Retirement Planners assist clients in planning for retirement, including savings strategies, pension options, and retirement income planning.",Retirement planning Social security Investment products Tax planning Estate planning
Market Research Coordinator,"A Market Research Coordinator supports market research initiatives by organizing and managing research projects, data collection, and analysis efforts.",Market research coordination Survey design and administration Data analysis
User Interface Designer,"User Interface Designers focus on the visual and interactive aspects of digital interfaces. They design layouts, buttons, and other elements to ensure a cohesive and visually appealing user interface.","UI design principles and best practices Graphic design tools (e.g., Adobe Photoshop, Illustrator) Typography and color theory Visual design and layout Responsive design"
E-commerce Web Designer,"E-commerce Web Designers specialize in designing and optimizing online stores and shopping websites. They focus on user experience, product presentation, and conversion rate optimization to drive online sales and customer engagement.","E-commerce web design UX/UI design Shopping cart integration Payment gateway integration Mobile responsiveness E-commerce platforms (e.g., Shopify)"
Brand Manager,"Brand Managers are responsible for maintaining and enhancing a brands image and reputation. They develop brand strategies, oversee branding campaigns, and ensure brand consistency in all marketing and communication efforts.",Brand strategy development Brand identity and design Brand storytelling Marketing campaigns Brand performance measurement Creative thinking Strong communication skills
Treasury Manager,"Treasury Managers manage a companys treasury operations. They oversee cash management, investments, and financial risk management to maintain liquidity and financial stability.",Treasury management Cash flow analysis Risk management Financial forecasting Banking relations
Power Systems Engineer,"Power Systems Engineers design and maintain electrical power systems. They work on generation, transmission, and distribution of electrical power, focusing on safety and efficiency.",Electrical engineering Power system analysis Renewable energy systems Control systems Safety regulations
Quality Assurance Analyst,"A Quality Assurance Analyst tests software and products to ensure they meet quality standards. They identify defects, report issues, and work with development teams to resolve problems.","Quality assurance processes Testing methodologies (e.g., manual, automated) Bug tracking and reporting Test case development Regression testing"
Usability Analyst,Evaluate and improve the usability of websites and applications through user testing and analysis.,Usability evaluation User interface assessment Usability testing tools and techniques
UI/UX Developer,A UI/UX Developer combines design and technical skills to create user-friendly interfaces for digital products. They ensure a seamless and visually appealing user experience.,"User interface (UI) design User experience (UX) design Web design principles Prototyping and wireframing Front-end development languages (e.g., HTML, CSS, JavaScript) Interaction design User testing Responsive design Usability testing Collaboration Attention to detail"
Automation Tester,An Automation Tester uses automated testing tools to verify the functionality and performance of software applications. They create and execute automated test scripts.,"Test automation tools (e.g., Selenium, Appium) Scripting languages (e.g., Python, Java) Test framework development Continuous integration tools Test data management"
Corporate Paralegal,"Provide legal support to corporate legal teams, assist with mergers and acquisitions, and manage corporate records.",Corporate legal tasks Document drafting Compliance Corporate governance Contract management Due diligence Entity formation Communication with stakeholders Attention to detail Technology proficiency Legal software proficiency Legal research skills
Data Engineer,"Data Engineers design and maintain data pipelines, ensuring data availability and quality for analysis and reporting purposes.","Data integration ETL (Extract, Transform, Load) Big data technologies (e.g., Hadoop, Spark) Database management Data warehousing"
Employment Lawyer,"Employment Lawyers focus on employment law matters, assisting employers and employees with issues like workplace discrimination, labor disputes, and employment contracts. They offer legal counsel and represent clients in legal proceedings.",Employment law and regulations Employment contracts and agreements Workplace discrimination and harassment laws Legal compliance Client representation and advocacy
Content Creator,"Create engaging and relevant content, such as articles, videos, or social media posts, to promote brands or products.","Content creation (e.g., writing, editing, graphic design, video production) Content marketing Social media management SEO optimization Creative storytelling Audience engagement Analytics and reporting Adaptability Communication skills Creativity"
Mergers and Acquisitions Advisor,"A Mergers and Acquisitions Advisor assists in evaluating potential mergers and acquisitions, conducting due diligence, and providing strategic recommendations for corporate transactions.",Mergers and acquisitions (M&A) expertise Due diligence Valuation techniques
Wedding Consultant,"A Wedding Consultant assists couples in planning and coordinating their weddings, helping them with vendor selection, budget management, and ensuring a seamless wedding day experience.",Wedding planning Vendor coordination Event management
Administrative Manager,"Administrative Managers oversee office operations. They manage administrative staff, coordinate tasks, and ensure smooth office functioning to support the organizations goals.",Administrative leadership Office management Staff supervision Budgeting and financial management Process improvement Communication skills
Business Intelligence Analyst,"Business Intelligence Analysts gather and analyze data to provide valuable insights to support decision-making within an organization. They create reports, dashboards, and data visualizations to help stakeholders understand trends, patterns, and opportunities in the data.","Data analysis and visualization tools (e.g., Tableau, Power BI) SQL and database querying Business intelligence concepts Data modeling and reporting Strong analytical and problem-solving skills Data-driven decision-making"
Inventory Control Specialist,"Inventory Control Specialists manage and optimize inventory levels in a business. They track stock, monitor demand, and implement inventory control procedures to ensure efficient operations and minimize carrying costs.",Inventory management Stock control Demand forecasting Inventory tracking systems Supply chain coordination Problem-solving skills
Automation Tester,An Automation Tester uses automated testing tools to verify the functionality and performance of software applications. They create and execute automated test scripts.,"Test automation tools (e.g., Selenium, Appium) Scripting languages (e.g., Python, Java) Test framework development Continuous integration tools Test data management"
Cloud Systems Engineer,"As a Cloud Systems Engineer, you will be responsible for designing, implementing, and managing cloud infrastructure solutions. You will work with cloud platforms like AWS, Azure, or GCP to build scalable and reliable systems. Your role involves optimizing cloud resources, ensuring security, and troubleshooting issues to maintain high system availability and performance.","Cloud systems engineering Cloud infrastructure (e.g., AWS, Azure) DevOps practices Automation Security in the cloud Disaster recovery Scalability"
Customer Support Manager,"Customer Support Managers oversee a team of customer support representatives. They set performance goals, resolve complex customer issues, and develop strategies to improve customer satisfaction and the efficiency of support operations.",Customer support Team leadership Customer satisfaction Issue resolution Performance metrics Training and development
Sustainable Design Specialist,"Sustainable Design Specialists incorporate eco-friendly practices into architectural designs, promoting energy efficiency and environmental sustainability.",Sustainable design principles Energy efficiency LEED certification Green building materials Environmental impact assessment
Product Demonstrator,"Product Demonstrators showcase products to potential customers. They explain features, answer questions, and help customers make informed purchase decisions.",Product knowledge Demonstrating skills Sales techniques Customer engagement Communication skills
Avionics Engineer,"Avionics Engineers focus on aircraft electronic systems. They design and maintain avionics systems such as communication, navigation, and instrumentation for safe flight operations.",Avionics systems Electronic warfare systems Radar systems Aircraft communication systems System integration Testing and validation
Avionics Engineer,"Avionics Engineers focus on aircraft electronic systems. They design and maintain avionics systems such as communication, navigation, and instrumentation for safe flight operations.",Avionics systems Electronic warfare systems Radar systems Aircraft communication systems System integration Testing and validation
Frontend Developer,"A Frontend Developer is responsible for designing and implementing user interfaces for web applications. They collaborate with designers to create visually appealing and responsive web pages, ensuring a seamless user experience across different devices and browsers.","Proficiency in HTML, CSS, and JavaScript Experience with frontend frameworks like React, Angular, or Vue.js Responsive web design Cross-browser compatibility Version control (e.g., Git) Frontend performance optimization"
Demand Planner,A Demand Planner analyzes historical sales data to forecast future demand for products. They work to optimize inventory levels and ensure product availability while minimizing costs.,Demand forecasting Inventory management Data analysis Sales and operations planning (S&OP) ERP software proficiency
Account Manager,"An Account Manager builds and maintains relationships with clients or customers, ensuring their needs are met and promoting products or services to drive revenue and growth.",Account management Customer relationship management Sales and negotiation Business development Client needs analysis
Product Demonstrator,"Product Demonstrators showcase products to potential customers. They explain features, answer questions, and help customers make informed purchase decisions.",Product knowledge Demonstrating skills Sales techniques Customer engagement Communication skills
Sustainability Specialist,"A Sustainability Specialist promotes sustainability initiatives within organizations, develops sustainability programs, and helps reduce environmental impacts while increasing efficiency.",Sustainability practices Environmental management systems Green certifications
User Interface Designer,"User Interface Designers focus on the visual and interactive aspects of digital interfaces. They design layouts, buttons, and other elements to ensure a cohesive and visually appealing user interface.","UI design principles and best practices Graphic design tools (e.g., Adobe Photoshop, Illustrator) Typography and color theory Visual design and layout Responsive design"
Project Manager,"Project Managers plan, execute, and oversee projects, ensuring they are completed on time and within budget, while managing project teams and resources.",Project planning and scheduling Budget management Risk assessment and mitigation Stakeholder communication Agile or Waterfall methodologies
Cloud Systems Engineer,"As a Cloud Systems Engineer, you will be responsible for designing, implementing, and managing cloud infrastructure solutions. You will work with cloud platforms like AWS, Azure, or GCP to build scalable and reliable systems. Your role involves optimizing cloud resources, ensuring security, and troubleshooting issues to maintain high system availability and performance.","Cloud systems engineering Cloud infrastructure (e.g., AWS, Azure) DevOps practices Automation Security in the cloud Disaster recovery Scalability"
Backend Developer,"A Backend Developer is tasked with building and maintaining the server-side logic and database infrastructure of web applications. They work on the core functionality, data storage, and server communication to ensure the application runs smoothly and efficiently.","Proficiency in one or more backend programming languages (e.g., Java, Python, Node.js, Ruby) API development Database management (SQL or NoSQL) Server management and deployment Security best practices Knowledge of web frameworks (e.g., Express, Django)"
Interaction Designer,Interaction Designers specialize in designing user interactions within digital interfaces. They create meaningful and engaging user experiences by considering user behaviors and system responses.,Interaction design principles User behavior and psychology Wireframing and prototyping tools Animation and micro-interaction design Collaborative design processes
Technical SEO Specialist,"Technical SEO Specialists optimize website infrastructure, addressing issues like site speed, mobile-friendliness, and structured data to enhance search engine visibility.",Technical SEO audits Website crawl analysis Schema markup XML sitemaps Canonicalization
Competitive Intelligence Analyst,Competitive Intelligence Analysts gather data on competitors and industry trends. They analyze information to help businesses make informed decisions and gain a competitive edge.,Competitive analysis Market research Data analysis Business strategy Industry knowledge
Sales Team Leader,"Lead and motivate sales teams, set sales targets, and develop sales strategies to meet goals.",Sales leadership Team management Sales strategy and planning
Construction Project Coordinator,"Construction Project Coordinators assist in managing construction projects, handling documentation, budget tracking, and coordinating subcontractors.",Construction project management Building codes and regulations knowledge Budgeting and cost control Construction scheduling Contractor and subcontractor coordination
Data Engineer,"Data Engineers design and maintain data pipelines, ensuring data availability and quality for analysis and reporting purposes.","Data integration ETL (Extract, Transform, Load) Big data technologies (e.g., Hadoop, Spark) Database management Data warehousing"
Speech Pathologist,"Speech Pathologists diagnose and treat speech, language, and swallowing disorders in patients of all ages. They develop personalized treatment plans to improve communication.",Speech pathology Articulation therapy Language disorders Speech assessment Therapy planning Communication skills
IT Project Manager,"IT Project Managers plan, execute, and oversee IT projects. They define project scope, allocate resources, manage budgets, and ensure projects are delivered on time and within scope. They also communicate project status and risks to stakeholders.",Project management Team leadership Risk management Budgeting Communication skills
Paralegal,"Assist lawyers with legal research, document preparation, and case management in law firms or legal departments.","Legal research Document drafting Case management E-filing Legal databases (e.g., LexisNexis) Client communication Deposition preparation Trial support Ethics and confidentiality Attention to detail Communication skills Legal software proficiency"
HR Generalist,"HR Generalists handle various HR functions, including recruitment, employee relations, benefits administration, and HR compliance. They serve as a resource for employees and management, ensuring HR policies and practices align with organizational goals and legal requirements.",HR policies and procedures Employee relations Recruitment Communication skills
Deliverability Analyst,"Monitor and improve email deliverability rates, troubleshoot delivery issues, and maintain a clean email list.","Email deliverability best practices Spam filter testing List hygiene Blacklist monitoring Email authentication (e.g., SPF, DKIM) Deliverability metrics analysis Troubleshooting deliverability issues Communication skills Data analysis Attention to detail"
Sustainability Consultant,"Sustainability Consultants advise organizations on sustainable practices and strategies. They assess environmental impact, recommend sustainability initiatives, and assist in the development and implementation of sustainable policies.",Sustainability consulting Sustainability assessments Sustainable practices Green building standards Environmental policies Client communication
Network Engineer,"Design, implement, and maintain computer networks, troubleshoot network issues, and ensure network performance and security.","Network infrastructure design Routing and switching Network protocols (e.g., TCP/IP) Cisco or Juniper certifications Troubleshooting and diagnostics Security protocols Wireless networking Network monitoring Collaboration Problem-solving Attention to detail"
Content SEO Strategist,"Content SEO Strategists create SEO strategies specifically for content, focusing on keyword integration, content quality, and user engagement to boost organic traffic.",Content strategy SEO content optimization Content marketing Keyword mapping Analytics
Media Relations Specialist,"Media Relations Specialists manage relationships with media outlets, crafting press releases, organizing media coverage, and handling public relations efforts.",Media relations Press releases Media outreach Crisis communication Public relations strategies
Wedding Designer,"A Wedding Designer specializes in creating visually appealing wedding designs and décor, transforming wedding venues into beautiful and memorable spaces.",Wedding design concepts Decor selection and arrangement Creative flair
Demand Planner,A Demand Planner analyzes historical sales data to forecast future demand for products. They work to optimize inventory levels and ensure product availability while minimizing costs.,Demand forecasting Inventory management Data analysis Sales and operations planning (S&OP) ERP software proficiency
Staff Nurse,"A Staff Nurse provides patient care, administers medications, and collaborates with healthcare teams to ensure the well-being of patients in clinical settings.",Nursing care Patient assessment Medical knowledge
Corporate Paralegal,"Provide legal support to corporate legal teams, assist with mergers and acquisitions, and manage corporate records.",Corporate legal tasks Document drafting Compliance Corporate governance Contract management Due diligence Entity formation Communication with stakeholders Attention to detail Technology proficiency Legal software proficiency Legal research skills
UI/UX Designer,"UI/UX Designers focus on creating user-friendly and visually appealing interfaces for digital products. They conduct user research, design wireframes and prototypes, and collaborate with development teams to ensure a seamless and enjoyable user experience.","User interface (UI) design User experience (UX) design Wireframing and prototyping tools (e.g., Sketch, Figma) Usability testing Information architecture Interaction design Mobile and responsive design"
Procurement Specialist,"A Procurement Specialist manages procurement processes, negotiates with suppliers, and ensures cost-effective purchasing of goods and services to meet organizational needs.",Negotiation skills Vendor management Supply chain knowledge Contract management Analytical skills
Transportation Planner,"Transportation Planners design and manage transportation systems. They optimize traffic flow, plan public transit routes, and enhance overall transportation efficiency.",Transportation planning Traffic engineering GIS proficiency Public transportation Project management
School Social Worker,"Support students social and emotional well-being in schools, collaborate with educators, and connect families with resources.",School social work principles Student assessment and intervention Special education laws Individualized education plans (IEPs) Crisis management Collaboration with educators Family engagement Advocacy Empathy and communication Documentation Cultural competence Licensing and certification
Security Operations Center (SOC) Analyst,"SOC Analysts work in security operations centers. They monitor and respond to security incidents, analyze threats, and implement security protocols to protect an organizations assets.","SOC operations Security incident response Threat detection Log analysis Security tools (e.g., IDS/IPS) Security alerts triage"
Litigation Support Specialist,"Assist in the preparation of litigation cases, manage electronic discovery, and handle technical aspects of trial preparation.","E-discovery tools and processes Document review and production Litigation support software (e.g., Relativity) Data analysis Case management Communication with legal teams Technical proficiency Attention to detail Problem-solving Legal research skills"
Digital Marketing Director,"Digital Marketing Directors lead digital marketing efforts. They develop and execute digital strategies, oversee campaigns, and measure performance to achieve marketing goals.",Digital marketing strategy Marketing analytics Team leadership Content marketing SEO and SEM proficiency
Transportation Engineer,"A Transportation Engineer plans and designs transportation systems, including roads, highways, and public transit. They aim to improve transportation efficiency and safety.","Transportation engineering Traffic analysis and planning Civil engineering software (e.g., MicroStation, AutoCAD Civil 3D) Roadway design Public transportation knowledge"
Clinical Nurse Specialist,"A Clinical Nurse Specialist is an advanced practice nurse who specializes in specific patient populations or clinical areas, providing expert care and contributing to improved patient outcomes.","Clinical nursing specialization (e.g., critical care, oncology) Advanced nursing skills Patient education"
Charge Nurse,"A Charge Nurse leads and supervises nursing staff, coordinates patient care, and ensures efficient operations within a healthcare unit or department.",Nursing leadership Charge nurse responsibilities Team coordination
Investment Advisor,"Investment Advisors offer financial advice to clients, helping them make investment decisions, manage portfolios, and achieve their financial goals.",Investment strategies Portfolio management Financial planning Risk assessment Regulatory compliance
Project Architect,"Project Architects lead architectural projects, from concept to completion, coordinating design teams, managing budgets, and ensuring compliance with regulations.",Architectural project management Construction documents Building systems Design coordination Client communication
Database Developer,"A Database Developer designs, develops, and maintains databases. They create efficient data structures, write queries, and ensure data security and integrity.","Database design and development SQL and database querying Data modeling Programming languages (e.g., Java, Python) Data security and privacy regulations knowledge"
Product Marketing Manager,"Product Marketing Managers promote and market products or services. They create marketing strategies, conduct market research, develop messaging, and collaborate with cross-functional teams to launch and promote products effectively in the market.",Product positioning and messaging Market research and analysis Product launch planning Competitive analysis Marketing collateral creation Pricing strategies Cross-functional collaboration
Quality Control Manager,"Quality Control Managers establish and enforce quality standards within an organization. They develop quality control processes, perform inspections, and implement corrective actions to maintain product or service quality.","Quality control processes and methodologies Statistical process control (SPC) Root cause analysis and corrective action Quality management systems (e.g., ISO 9001) Compliance and regulatory knowledge"
Residential Landscape Designer,Create aesthetically pleasing and functional landscape designs for residential properties.,Landscape design Plant selection and care Hardscape design
User Interface Designer,"User Interface Designers focus on the visual and interactive aspects of digital interfaces. They design layouts, buttons, and other elements to ensure a cohesive and visually appealing user interface.","UI design principles and best practices Graphic design tools (e.g., Adobe Photoshop, Illustrator) Typography and color theory Visual design and layout Responsive design"
Mental Health Counselor,"Offer counseling and therapy services to individuals, couples, or groups, helping them address mental health concerns.",Counseling techniques Psychotherapy Mental health assessment Treatment planning Crisis intervention Ethical standards Empathy and active listening Cultural competence Documentation Communication skills Self-care Licensing and certification
User Experience Designer,"User Experience Designers create intuitive and user-friendly digital interfaces. They conduct user research, design prototypes, and work to enhance the overall user experience of websites and applications.","User-centered design principles UX/UI design tools (e.g., Sketch, Adobe XD) Wireframing and prototyping Usability testing and user research Information architecture and user flows"
Data Analyst,"Analyze data sets, generate insights, and provide data-driven recommendations to inform business decisions.","Data analysis tools (e.g., SQL, Python) Data visualization tools (e.g., Tableau, Power BI) Statistical analysis Data cleansing and transformation Data modeling Communication of data insights Problem-solving Attention to detail Business acumen"
Small Animal Veterinarian,"A Small Animal Veterinarian provides medical care to small pets, such as dogs and cats. They diagnose illnesses, perform surgeries, and advise pet owners on healthcare practices.",Veterinary medicine Small animal care and surgery Animal diagnostics Preventive medicine Client communication Surgical skills Radiology Anesthesia Laboratory diagnostics Compassion and empathy Problem-solving Attention to detail
Mediator,Mediators facilitate negotiations and dispute resolution between parties in conflict. They remain neutral and help parties reach mutually acceptable agreements through effective communication and problem-solving techniques.,Mediation Conflict resolution Negotiation Communication skills Neutrality Problem-solving Legal knowledge Mediation techniques
Network Security Analyst,"Protect an organizations computer networks and systems from security threats, monitor network traffic, and respond to incidents.",Network security protocols Intrusion detection and prevention Security incident response Firewall administration Vulnerability assessment Security policies and procedures Log analysis Ethical hacking Problem-solving Communication skills Attention to detail
Healthcare Business Analyst,"Healthcare Business Analysts work in the healthcare industry, analyzing data and processes to improve healthcare delivery. They collaborate with healthcare professionals and IT teams to optimize systems and workflows.",Healthcare industry knowledge Health data analysis HIPAA regulations EMR systems
Supply Chain Coordinator,"A Supply Chain Coordinator manages supply chain operations, coordinates logistics, and ensures the seamless flow of goods and materials throughout the supply chain network.",Supply chain logistics Inventory management Communication skills Problem-solving Vendor coordination
Clinical Nurse Specialist,"A Clinical Nurse Specialist is an advanced practice nurse who specializes in specific patient populations or clinical areas, providing expert care and contributing to improved patient outcomes.","Clinical nursing specialization (e.g., critical care, oncology) Advanced nursing skills Patient education"
Procurement Manager,"Procurement Managers oversee procurement processes, managing vendor relationships, negotiating contracts, and ensuring cost-effective purchasing of goods and services.",Procurement strategies Supplier management Negotiation Cost analysis Supply chain management
Network Administrator,"Network Administrators manage an organizations computer networks. They configure, monitor, and maintain network infrastructure, ensuring optimal performance and security.","Network management Troubleshooting Network security IT certifications (e.g., CCNA)"
Data Analyst,"Analyze data sets, generate insights, and provide data-driven recommendations to inform business decisions.","Data analysis tools (e.g., SQL, Python) Data visualization tools (e.g., Tableau, Power BI) Statistical analysis Data cleansing and transformation Data modeling Communication of data insights Problem-solving Attention to detail Business acumen"
Supply Chain Coordinator,"A Supply Chain Coordinator manages supply chain operations, coordinates logistics, and ensures the seamless flow of goods and materials throughout the supply chain network.",Supply chain logistics Inventory management Communication skills Problem-solving Vendor coordination
Nursing Director,"Nursing Directors oversee nursing departments in healthcare facilities. They manage nursing staff, develop policies and procedures, and ensure the delivery of high-quality patient care while adhering to regulatory standards.",Nursing management Patient care coordination Staff supervision Compliance with healthcare regulations Quality improvement Leadership skills
Portfolio Manager,"A Portfolio Manager oversees investment portfolios, making decisions to maximize returns and minimize risks. They analyze financial markets and adjust asset allocations accordingly.",Investment management Financial analysis Risk assessment Asset allocation Portfolio optimization
Business Development Director,"Business Development Directors lead efforts to identify and pursue new business opportunities. They develop growth strategies, build relationships with clients, and oversee business development teams to achieve revenue and expansion goals.",Business development Sales strategy Market analysis Client acquisition Team leadership Strategic planning Presentation skills
Supplier Diversity Manager,"Promote diversity and inclusion in the supply chain, manage supplier diversity programs, and assess supplier performance.",Supplier diversity programs Diversity and inclusion initiatives Supplier assessment and certification Data collection and reporting Vendor outreach and engagement Strategic planning Communication skills Relationship building Attention to diversity and inclusion principles
E-commerce Web Designer,"E-commerce Web Designers specialize in designing and optimizing online stores and shopping websites. They focus on user experience, product presentation, and conversion rate optimization to drive online sales and customer engagement.","E-commerce web design UX/UI design Shopping cart integration Payment gateway integration Mobile responsiveness E-commerce platforms (e.g., Shopify)"
Key Account Manager,"Manage key client accounts, build strong relationships, and drive revenue growth.",Key account management Relationship building Sales negotiation
IT Systems Administrator,"IT Systems Administrators manage and maintain an organizations IT infrastructure, including servers, networks, and security systems.",Network administration System and server maintenance Cybersecurity knowledge Backup and recovery IT project management skills
Event Coordinator,"Event Coordinators plan and execute various events, including conferences, parties, and meetings, managing logistics, budgets, and vendor relationships.",Event planning Vendor coordination Budget management Marketing and promotion Logistics
HR Compliance Specialist,"An HR Compliance Specialist ensures adherence to employment laws and regulations, conducts audits, and provides guidance to maintain legal compliance within the organization.",Employment law knowledge Compliance management Auditing skills Employee relations Communication skills
Interaction Designer,Interaction Designers specialize in designing user interactions within digital interfaces. They create meaningful and engaging user experiences by considering user behaviors and system responses.,Interaction design principles User behavior and psychology Wireframing and prototyping tools Animation and micro-interaction design Collaborative design processes
Research Analyst,"Research Analysts conduct research, collect data, and analyze information to support business decision-making. They generate reports and recommendations based on their findings to aid in strategic planning.",Data collection and analysis Market research tools and techniques Survey design and analysis Qualitative and quantitative research methods Report writing and presentation skills
Procurement Analyst,"Analyze procurement data, identify cost-saving opportunities, and support the procurement process.",Procurement processes Vendor assessment Contract negotiation Purchase order management Spend analysis Market research Supplier relationship management Data analysis Problem-solving Attention to detail Communication skills Financial acumen
Frontend Developer,"A Frontend Developer is responsible for designing and implementing user interfaces for web applications. They collaborate with designers to create visually appealing and responsive web pages, ensuring a seamless user experience across different devices and browsers.","Proficiency in HTML, CSS, and JavaScript Experience with frontend frameworks like React, Angular, or Vue.js Responsive web design Cross-browser compatibility Version control (e.g., Git) Frontend performance optimization"
Performance Testing Specialist,"Performance Testing Specialists assess the performance of software applications by conducting load, stress, and scalability tests. They identify bottlenecks, optimize performance, and ensure software can handle user demands effectively.",Performance testing Load testing Stress testing Test scenarios Performance monitoring Benchmarking Performance analysis
Financial Accountant,"Financial Accountants handle financial records, prepare financial statements, and ensure compliance with accounting standards. They analyze financial data to provide accurate financial reports and support decision-making within the organization.","Financial reporting Accounting software (e.g., QuickBooks) Auditing GAAP knowledge"
Recruitment Coordinator,"Recruitment Coordinators support the hiring process by scheduling interviews, screening candidates, and assisting with onboarding. They ensure a smooth recruitment process and maintain candidate records.",Recruitment process Candidate screening Applicant tracking systems Communication
Dental Hygiene Educator,A Dental Hygiene Educator teaches dental hygiene practices and oral health to students or the community. They promote preventive care and raise awareness about dental health.,Dental hygiene knowledge Teaching and instructional skills Curriculum development Student assessment Clinical practice experience
SEO Copywriter,SEO Copywriters specialize in creating content optimized for search engines. They incorporate keywords and SEO best practices to improve online visibility and search engine rankings for web pages and articles.,"SEO (Search Engine Optimization) Keyword research SEO-friendly content On-page optimization Meta tags SEO tools (e.g., SEMrush)"
Sales Account Manager,"A Sales Account Manager is responsible for building and maintaining relationships with clients, identifying their needs, and proposing tailored solutions to achieve sales targets.",Account management Sales strategy Negotiation and closing skills
Account Executive,"Account Executives manage and grow relationships with existing clients or customers. They understand client needs, propose solutions, negotiate contracts, and ensure customer satisfaction, often working closely with sales and customer support teams.",Sales strategy and planning Account management Customer relationship management Solution selling Sales forecasting Contract negotiation Sales metrics and reporting
Accounting Controller,"Accounting Controllers manage an organizations accounting and financial reporting functions. They ensure accurate financial records, compliance with accounting standards, and timely financial reporting to support informed decision-making.","Accounting Financial reporting Financial audits Tax compliance Accounting software (e.g., SAP, Oracle) GAAP (Generally Accepted Accounting Principles)"
Visual Designer,"Visual Designers create visual content, including graphics, illustrations, and layouts, to convey messages and enhance brand identity.",Graphic design Typography User interface (UI) design Adobe Creative Suite proficiency Branding and visual identity creation
Small Animal Veterinarian,"A Small Animal Veterinarian provides medical care to small pets, such as dogs and cats. They diagnose illnesses, perform surgeries, and advise pet owners on healthcare practices.",Veterinary medicine Small animal care and surgery Animal diagnostics Preventive medicine Client communication Surgical skills Radiology Anesthesia Laboratory diagnostics Compassion and empathy Problem-solving Attention to detail
Special Education Teacher,"A Special Education Teacher works with students who have disabilities, tailoring instruction to meet their unique needs and ensuring they have access to a quality education.",Special education strategies Individualized education plans (IEPs) Behavior management techniques Collaboration with support staff Special education laws and regulations knowledge
Periodontal Therapist,A Periodontal Therapist specializes in treating gum diseases and conditions. They perform procedures such as scaling and root planing to improve oral health and prevent tooth loss.,Periodontal therapy procedures Patient care and communication Dental instrumentation Periodontal disease management Oral health education
Service Quality Assurance Manager,"Service Quality Assurance Managers monitor and evaluate service quality in an organization. They develop quality standards, conduct audits, analyze customer feedback, and implement improvements to ensure consistent high-quality service delivery.",Quality assurance Quality control Process improvement Audit procedures Compliance standards Root cause analysis
Product Marketing Manager,"Product Marketing Managers promote and market products or services. They create marketing strategies, conduct market research, develop messaging, and collaborate with cross-functional teams to launch and promote products effectively in the market.",Product positioning and messaging Market research and analysis Product launch planning Competitive analysis Marketing collateral creation Pricing strategies Cross-functional collaboration
Product Marketing Manager,"Product Marketing Managers promote and market products or services. They create marketing strategies, conduct market research, develop messaging, and collaborate with cross-functional teams to launch and promote products effectively in the market.",Product positioning and messaging Market research and analysis Product launch planning Competitive analysis Marketing collateral creation Pricing strategies Cross-functional collaboration
City Planner,"City Planners develop and implement urban planning strategies. They work to improve communities, manage resources, and address issues related to land use and infrastructure.",Urban planning Zoning regulations Environmental planning GIS proficiency Community engagement
Personal Secretary,"Personal Secretaries provide administrative support to individuals or executives. They manage schedules, handle correspondence, and assist with various tasks to ensure efficiency.",Administrative support Calendar management Communication skills Time management Organizational skills Confidentiality
API Developer,An API Developer creates and maintains application programming interfaces (APIs) that enable data exchange between different software applications or systems.,"API design and development RESTful API knowledge Security protocols (OAuth, JWT)"
Risk Analyst,A Risk Analyst assesses and manages financial risks within an organization. They use data analysis and modeling to evaluate potential risks and recommend mitigation strategies.,Risk assessment Data analysis Financial modeling Risk management tools Regulatory compliance knowledge
Product Marketing Manager,"Product Marketing Managers promote and market products or services. They create marketing strategies, conduct market research, develop messaging, and collaborate with cross-functional teams to launch and promote products effectively in the market.",Product positioning and messaging Market research and analysis Product launch planning Competitive analysis Marketing collateral creation Pricing strategies Cross-functional collaboration
Data Analyst,"Analyze data sets, generate insights, and provide data-driven recommendations to inform business decisions.","Data analysis tools (e.g., SQL, Python) Data visualization tools (e.g., Tableau, Power BI) Statistical analysis Data cleansing and transformation Data modeling Communication of data insights Problem-solving Attention to detail Business acumen"
Employment Lawyer,"Employment Lawyers focus on employment law matters, assisting employers and employees with issues like workplace discrimination, labor disputes, and employment contracts. They offer legal counsel and represent clients in legal proceedings.",Employment law and regulations Employment contracts and agreements Workplace discrimination and harassment laws Legal compliance Client representation and advocacy
Social Media Strategist,"Social Media Strategists develop and execute social media strategies to achieve marketing goals. They analyze social media trends, create content calendars, and measure the effectiveness of social media campaigns.",Social media marketing strategy development Content planning and creation Social media advertising and targeting Data-driven decision-making Social media trends and platform updates
Interaction Designer,Interaction Designers specialize in designing user interactions within digital interfaces. They create meaningful and engaging user experiences by considering user behaviors and system responses.,Interaction design principles User behavior and psychology Wireframing and prototyping tools Animation and micro-interaction design Collaborative design processes
Financial Analyst,"A Financial Analyst conducts financial analysis, generates reports, and provides insights to support decision-making, budgeting, and financial planning.",Financial analysis Data analysis Financial modeling
Structural Engineer,"A Structural Engineer designs and analyzes the structural integrity of buildings, bridges, and other structures. They ensure safety and compliance with engineering standards.","Structural engineering principles Structural analysis and design software (e.g., AutoCAD, SAP2000) Building codes and standards Project management Structural integrity assessment"
Periodontal Therapist,A Periodontal Therapist specializes in treating gum diseases and conditions. They perform procedures such as scaling and root planing to improve oral health and prevent tooth loss.,Periodontal therapy procedures Patient care and communication Dental instrumentation Periodontal disease management Oral health education
IT Analyst,"An IT Analyst assesses and analyzes IT systems, identifying areas for improvement, implementing technology solutions, and providing technical support to users and departments.",IT systems analysis Troubleshooting IT support and documentation
Training Coordinator,"Training Coordinators design and implement employee training programs. They assess training needs, develop training materials, and facilitate training sessions to enhance employees skills and knowledge.",Training program coordination Training material development Learning management systems
Data Analyst,"Analyze data sets, generate insights, and provide data-driven recommendations to inform business decisions.","Data analysis tools (e.g., SQL, Python) Data visualization tools (e.g., Tableau, Power BI) Statistical analysis Data cleansing and transformation Data modeling Communication of data insights Problem-solving Attention to detail Business acumen"
Customer Success Manager,"Customer Success Managers focus on ensuring customer satisfaction and retention. They build relationships with clients, understand their needs, and work to maximize the value customers receive from products or services, ultimately driving customer success and loyalty.",Customer relationship management Onboarding and training Customer feedback analysis Retention strategies Cross-selling and upselling Strong communication and empathy Customer advocacy
SEM Analyst,"SEM Analysts analyze search engine marketing (SEM) campaigns. They monitor performance, optimize keyword strategies, and provide insights to improve the effectiveness of SEM efforts.",Search engine marketing (SEM) Google Ads Bing Ads Keyword analysis Ad performance analysis SEM strategy development Bid management
Content Strategist,"Content Strategists develop and execute content strategies that align with business objectives. They plan content creation, distribution, and promotion to engage audiences and drive brand growth.",Content strategy Content planning SEO optimization Content marketing Analytics
Project Coordinator,"Project Coordinators assist in planning, executing, and monitoring projects. They facilitate communication among team members, track project progress, and ensure tasks are completed on time.",Project management Communication Time management Organization Problem-solving
Personal Secretary,"Personal Secretaries provide administrative support to individuals or executives. They manage schedules, handle correspondence, and assist with various tasks to ensure efficiency.",Administrative support Calendar management Communication skills Time management Organizational skills Confidentiality
Portfolio Manager,"A Portfolio Manager oversees investment portfolios, making decisions to maximize returns and minimize risks. They analyze financial markets and adjust asset allocations accordingly.",Investment management Financial analysis Risk assessment Asset allocation Portfolio optimization
Enterprise Architect,"An Enterprise Architect oversees the overall IT infrastructure, ensuring it supports business processes, and develops strategies to enhance the organizations technology landscape.",Enterprise architecture Business strategy alignment IT governance and compliance
Family Law Attorney,"Family Law Attorneys deal with legal matters related to family relationships. They handle cases like divorce, child custody, adoption, and domestic disputes to provide legal guidance.",Family law Divorce proceedings Child custody Mediation Legal counseling Court representation
Inside Sales Representative,"Inside Sales Representatives are responsible for selling products or services to customers over the phone or through online channels. They engage with leads, answer customer inquiries, and use persuasive communication to close sales and meet revenue targets.","Sales prospecting and lead generation Sales presentation and communication CRM software (e.g., Salesforce) Sales negotiation and closing techniques Product knowledge Relationship building"
Automation Tester,An Automation Tester uses automated testing tools to verify the functionality and performance of software applications. They create and execute automated test scripts.,"Test automation tools (e.g., Selenium, Appium) Scripting languages (e.g., Python, Java) Test framework development Continuous integration tools Test data management"
Industrial Designer,"An Industrial Designer creates and improves product designs, focusing on aesthetics, functionality, and user experience to produce innovative and marketable products.",Industrial design principles CAD and 3D modeling Prototyping and testing
Clinical Nurse Specialist,"A Clinical Nurse Specialist is an advanced practice nurse who specializes in specific patient populations or clinical areas, providing expert care and contributing to improved patient outcomes.","Clinical nursing specialization (e.g., critical care, oncology) Advanced nursing skills Patient education"
Frontend Developer,"A Frontend Developer is responsible for designing and implementing user interfaces for web applications. They collaborate with designers to create visually appealing and responsive web pages, ensuring a seamless user experience across different devices and browsers.","Proficiency in HTML, CSS, and JavaScript Experience with frontend frameworks like React, Angular, or Vue.js Responsive web design Cross-browser compatibility Version control (e.g., Git) Frontend performance optimization"
Deliverability Analyst,"Monitor and improve email deliverability rates, troubleshoot delivery issues, and maintain a clean email list.","Email deliverability best practices Spam filter testing List hygiene Blacklist monitoring Email authentication (e.g., SPF, DKIM) Deliverability metrics analysis Troubleshooting deliverability issues Communication skills Data analysis Attention to detail"
Construction Project Manager,"The Construction Project Manager oversees and manages construction projects, ensuring they are completed on time and within budget. They coordinate with contractors, architects, and other stakeholders to ensure successful project delivery.",Construction management Budgeting Contract negotiation Safety regulations
Hospitality Interior Designer,"A Hospitality Interior Designer specializes in creating inviting and functional interiors for hotels, restaurants, and other hospitality establishments.","Hospitality interior design Hotel and restaurant design Branding and theme integration FF&E (furniture, fixtures, and equipment) selection Customer experience design"
Family Nurse Practitioner,"Family Nurse Practitioners specialize in family-centered healthcare, providing comprehensive medical care to individuals of all ages within a family context.",Family medicine Health assessment Pediatric care Chronic disease management Patient education
Interaction Designer,Interaction Designers specialize in designing user interactions within digital interfaces. They create meaningful and engaging user experiences by considering user behaviors and system responses.,Interaction design principles User behavior and psychology Wireframing and prototyping tools Animation and micro-interaction design Collaborative design processes
Special Education Teacher,"A Special Education Teacher works with students who have disabilities, tailoring instruction to meet their unique needs and ensuring they have access to a quality education.",Special education strategies Individualized education plans (IEPs) Behavior management techniques Collaboration with support staff Special education laws and regulations knowledge
Help Desk Support Specialist,"Help Desk Support Specialists provide technical assistance and support to end-users, resolving IT issues and ensuring smooth operations.",Technical troubleshooting Customer service and communication Ticketing system usage Basic IT knowledge Problem-solving and critical-thinking skills
PCB Designer,"PCB Designers specialize in designing printed circuit boards (PCBs). They create PCB layouts, ensure proper connectivity, and consider electrical and mechanical requirements.",PCB design Electronics PCB layout software proficiency Circuit design Quality control
Inventory Control Specialist,"Inventory Control Specialists manage and optimize inventory levels in a business. They track stock, monitor demand, and implement inventory control procedures to ensure efficient operations and minimize carrying costs.",Inventory management Stock control Demand forecasting Inventory tracking systems Supply chain coordination Problem-solving skills
Social Science Researcher,"A Social Science Researcher conducts research in fields such as sociology, psychology, or anthropology to study human behavior and social phenomena, contributing to academic knowledge.","Social science research methods Qualitative and quantitative data analysis Survey design and implementation Ethnographic research Interviewing skills Research ethics Statistical software (e.g., Stata, NVivo) Report writing Communication skills Critical thinking Empathy"
Quality Assurance Analyst,"A Quality Assurance Analyst tests software and products to ensure they meet quality standards. They identify defects, report issues, and work with development teams to resolve problems.","Quality assurance processes Testing methodologies (e.g., manual, automated) Bug tracking and reporting Test case development Regression testing"
Data Quality Analyst,"Data Quality Analysts ensure the accuracy, completeness, and consistency of data within an organization. They develop and implement data quality standards, perform data validation, and identify and resolve data quality issues to maintain data integrity.","Data quality assessment and improvement Data profiling and validation Knowledge of data quality tools (e.g., Informatica, Talend) Data governance principles SQL for data analysis Attention to detail and data accuracy"
Water Resources Engineer,"A Water Resources Engineer manages and develops water-related projects, such as dams, irrigation systems, and flood control measures, to ensure water resource sustainability.",Water resources engineering Hydrology and hydraulics Environmental impact assessment Water resource modeling software Watershed management
Big Data Engineer,"A Big Data Engineer develops and manages big data solutions, including data storage, processing, and analysis platforms, to extract valuable insights and support data-driven decisions.","Big data technologies (Hadoop, Spark, etc.) Data processing and analysis Distributed computing"
Water Resources Engineer,"A Water Resources Engineer manages and develops water-related projects, such as dams, irrigation systems, and flood control measures, to ensure water resource sustainability.",Water resources engineering Hydrology and hydraulics Environmental impact assessment Water resource modeling software Watershed management
Construction Engineer,"A Construction Engineer manages construction projects, oversees project planning, budgets, and construction activities, and ensures projects are completed on time and within budget.",Construction management Structural design AutoCAD proficiency Project management Site inspection
Art Education Coordinator,"An Art Education Coordinator plans and manages art education programs, curriculum development, and educational outreach to promote art appreciation and learning within communities.",Art education curriculum Program development Teacher training Communication skills Artistic expertise
Brand Promoter,"Brand Promoters are responsible for promoting a companys brand or products. They engage with the target audience, create marketing strategies, and build brand awareness.",Brand promotion Marketing knowledge Communication skills Sales techniques Product knowledge
Wedding Designer,"A Wedding Designer specializes in creating visually appealing wedding designs and décor, transforming wedding venues into beautiful and memorable spaces.",Wedding design concepts Decor selection and arrangement Creative flair
Retirement Planner,"Retirement Planners assist clients in planning for retirement, including savings strategies, pension options, and retirement income planning.",Retirement planning Social security Investment products Tax planning Estate planning
Investment Advisor,"Investment Advisors offer financial advice to clients, helping them make investment decisions, manage portfolios, and achieve their financial goals.",Investment strategies Portfolio management Financial planning Risk assessment Regulatory compliance
SQL Database Developer,"SQL Database Developers design, implement, and maintain relational databases using SQL (Structured Query Language). They write queries, optimize database performance, and ensure data integrity and security.",SQL (Structured Query Language) Database design Query optimization Data modeling Database maintenance Problem-solving skills
Call Center Agent,"A Call Center Agent handles incoming and outgoing customer calls, providing assistance, resolving issues, and ensuring a positive customer experience over the phone.",Customer service Call center operations Problem-solving skills
Account Manager,"An Account Manager builds and maintains relationships with clients or customers, ensuring their needs are met and promoting products or services to drive revenue and growth.",Account management Customer relationship management Sales and negotiation Business development Client needs analysis
Clinical Nurse Manager,"Clinical Nurse Managers lead and supervise nursing staff in clinical settings. They coordinate patient care, manage resources, and support nursing teams in providing safe and effective patient treatment.",Clinical nursing Patient assessment Care planning Staff development Healthcare protocols Communication skills Problem-solving abilities
Strategic Partnerships Manager,"A Strategic Partnerships Manager identifies and develops strategic partnerships and alliances that benefit the organization, fostering collaborations and driving mutual success.",Partnership development Negotiation and collaboration Business development
Business Intelligence Analyst,"Business Intelligence Analysts gather and analyze data to provide valuable insights to support decision-making within an organization. They create reports, dashboards, and data visualizations to help stakeholders understand trends, patterns, and opportunities in the data.","Data analysis and visualization tools (e.g., Tableau, Power BI) SQL and database querying Business intelligence concepts Data modeling and reporting Strong analytical and problem-solving skills Data-driven decision-making"
Pediatric Specialist,"Pediatric Specialists are doctors with expertise in specific pediatric subspecialties like cardiology, oncology, or gastroenterology. They provide specialized care and treatment for children with complex or rare medical conditions.","Pediatric specialization Advanced pediatric care Pediatric subspecialty (e.g., pediatric cardiology, pediatric oncology) Pediatric diagnostics Pediatric treatment"
IT Support Specialist,"IT Support Specialists provide technical assistance to end-users, troubleshooting hardware and software problems, setting up equipment, and maintaining IT infrastructure.",Technical troubleshooting Hardware and software support Customer service Problem-solving Communication
Industrial Engineer,"Industrial Engineers focus on improving efficiency and productivity in various industries. They analyze processes, design systems, and implement solutions to streamline operations, reduce costs, and enhance quality.",Industrial engineering Process optimization Lean manufacturing Quality control Data analysis Workflow design
Systems Administrator,"Manage and maintain an organizations IT infrastructure, including servers, hardware, and software systems.","System administration Server maintenance Active Directory Backup and recovery Cloud computing (e.g., AWS, Azure) Troubleshooting IT security best practices Collaboration Problem-solving Attention to detail Communication skills Technical knowledge"
Tax Accountant,"Tax Accountants specialize in tax-related matters. They prepare tax returns, assist with tax planning, and ensure compliance with tax laws and regulations. They stay updated on tax codes and advise organizations on tax strategies.",Tax preparation Tax planning Tax regulations Accounting Tax software proficiency
User Interface Designer,"User Interface Designers focus on the visual and interactive aspects of digital interfaces. They design layouts, buttons, and other elements to ensure a cohesive and visually appealing user interface.","UI design principles and best practices Graphic design tools (e.g., Adobe Photoshop, Illustrator) Typography and color theory Visual design and layout Responsive design"
Finance Manager,"Finance Managers oversee an organizations financial operations, including budgeting, financial reporting, and investment management. They analyze financial data, make strategic financial decisions, and ensure compliance with financial regulations.","Financial management Budgeting Financial analysis Financial reporting Risk management Financial software (e.g., Excel, QuickBooks) Strategic planning"
Financial Analyst,"A Financial Analyst conducts financial analysis, generates reports, and provides insights to support decision-making, budgeting, and financial planning.",Financial analysis Data analysis Financial modeling
Administrative Assistant,"An Administrative Assistant provides administrative support to the organization, including scheduling, document management, and assisting in day-to-day operations.",Office management Administrative tasks Communication and organization
Help Desk Analyst,"Help Desk Analysts provide technical support and assistance to internal employees or external customers. They troubleshoot hardware and software issues, offer solutions, and document support interactions to maintain a reliable IT environment.",Help desk support Ticket resolution IT troubleshooting Customer service skills Technical knowledge Documentation and knowledge base maintenance Communication and interpersonal skills
Event Coordinator,"Event Coordinators plan and execute various events, including conferences, parties, and meetings, managing logistics, budgets, and vendor relationships.",Event planning Vendor coordination Budget management Marketing and promotion Logistics
Chemical Engineer,"Chemical Engineers design and oversee processes for the production of chemicals and related products. They conduct experiments, analyze data, and develop processes to optimize production, ensure safety, and minimize environmental impact.",Chemical engineering Process design Chemical reactions Safety protocols Laboratory techniques Problem-solving skills
Trial Attorney,"Trial Attorneys represent clients in legal proceedings. They prepare cases, conduct trials, and provide legal counsel to clients involved in civil or criminal litigation.",Litigation Legal research Courtroom representation Case preparation Client counseling Legal writing
SEM Analyst,"SEM Analysts analyze search engine marketing (SEM) campaigns. They monitor performance, optimize keyword strategies, and provide insights to improve the effectiveness of SEM efforts.",Search engine marketing (SEM) Google Ads Bing Ads Keyword analysis Ad performance analysis SEM strategy development Bid management
Network Support Specialist,"Network Support Specialists provide technical support for computer networks. They troubleshoot issues, maintain network infrastructure, and ensure reliable network performance.",Network troubleshooting IT support Network configuration Technical knowledge Problem-solving
Technical Support Specialist,"Technical Support Specialists assist customers or end-users with technical issues related to products or services. They provide troubleshooting, resolve problems, and offer technical guidance through various communication channels, ensuring customer satisfaction.","Technical troubleshooting Customer support tools (e.g., Zendesk, Freshdesk) Communication skills Problem-solving and critical thinking Ticket management Knowledge base creation"
Budget Analyst,"Budget Analysts manage and analyze financial data to develop, monitor, and report on budgets. They work with departments to ensure budget compliance, identify cost-saving opportunities, and provide financial insights to support strategic planning and decision-making.",Budget planning Financial forecasting Excel proficiency Data analysis
Urban Planner,"Develop and implement urban planning strategies, manage land use, and ensure sustainable city development.",Urban design and planning Zoning regulations GIS and mapping tools
IT Director,"An IT Director oversees an organizations IT department and technology infrastructure. They develop IT strategies, manage budgets, and ensure IT systems support business objectives.",Strategic IT planning Leadership and management Budgeting and financial management IT governance and compliance Vendor management Cybersecurity and risk management Project management Cloud computing Network infrastructure Enterprise software systems
Sales Manager,"A Sales Manager leads and guides the sales team, sets sales targets, develops sales strategies, and monitors performance to achieve revenue and growth objectives.",Sales management Sales strategy development Team leadership
Talent Acquisition Manager,"Talent Acquisition Managers oversee the recruitment and hiring process. They develop recruitment strategies, source candidates, conduct interviews, and collaborate with hiring managers to attract and hire qualified talent to meet the organizations staffing needs.",Talent sourcing Interviewing Onboarding Recruitment strategies HR software
SQL Database Developer,"SQL Database Developers design, implement, and maintain relational databases using SQL (Structured Query Language). They write queries, optimize database performance, and ensure data integrity and security.",SQL (Structured Query Language) Database design Query optimization Data modeling Database maintenance Problem-solving skills
Digital Marketing Coordinator,"Digital Marketing Coordinators manage online marketing efforts, including social media, email marketing, and SEO, to drive digital engagement and growth.",Digital marketing strategy development Social media advertising Email marketing Google Analytics and SEO Content management systems (CMS) proficiency
Analytical Chemist,"As an Analytical Chemist, your primary responsibility is to analyze chemical compounds and substances using various laboratory techniques and equipment. You will conduct experiments, interpret results, and generate reports. Your role may involve developing analytical methods, maintaining lab equipment, and adhering to safety protocols to ensure accurate and reliable analyses.","Analytical chemistry Laboratory techniques Instrumentation Data analysis Quality control Sample preparation Scientific software (e.g., ChemDraw)"
Financial Planner,"Financial Planners help clients achieve their financial goals by providing personalized financial advice and investment strategies. They assess clients financial situations, develop financial plans, and offer recommendations on savings, investments, and retirement planning.",Financial planning Investment strategy Retirement planning Tax knowledge
Supply Chain Coordinator,"A Supply Chain Coordinator manages supply chain operations, coordinates logistics, and ensures the seamless flow of goods and materials throughout the supply chain network.",Supply chain logistics Inventory management Communication skills Problem-solving Vendor coordination
Social Media Analyst,"Social Media Analysts analyze social media data and metrics to provide insights and recommendations for improving social media strategies. They track performance, identify trends, and support data-driven decision-making.","Social media analytics tools (e.g., Google Analytics, Facebook Insights) Data analysis and reporting Social media ROI measurement Competitive analysis Trend identification"
Studio Art Teacher,"A Studio Art Teacher instructs students in studio art practices, providing hands-on guidance in creating art and fostering artistic expression and skill development.",Art instruction Classroom management Art techniques Lesson planning Student assessment
Search Engine Marketer,"Search Engine Marketers optimize online content for search engines. They use SEO strategies to improve website rankings, increase organic traffic, and enhance online visibility.",Search engine marketing PPC advertising SEO strategy Data analysis Digital marketing skills
Construction Project Coordinator,"Construction Project Coordinators assist in managing construction projects, handling documentation, budget tracking, and coordinating subcontractors.",Construction project management Building codes and regulations knowledge Budgeting and cost control Construction scheduling Contractor and subcontractor coordination
Wedding Planner,"Wedding Planners specialize in organizing weddings, assisting couples with every aspect of wedding planning, from venue selection to catering and decor.",Wedding planning Venue selection Catering and menu planning Floral and decor design Wedding etiquette
Data Analyst,"Analyze data sets, generate insights, and provide data-driven recommendations to inform business decisions.","Data analysis tools (e.g., SQL, Python) Data visualization tools (e.g., Tableau, Power BI) Statistical analysis Data cleansing and transformation Data modeling Communication of data insights Problem-solving Attention to detail Business acumen"
Family Nurse Practitioner,"Family Nurse Practitioners specialize in family-centered healthcare, providing comprehensive medical care to individuals of all ages within a family context.",Family medicine Health assessment Pediatric care Chronic disease management Patient education
Commercial Interior Designer,A Commercial Interior Designer focuses on designing interior spaces for businesses and commercial properties. They optimize layouts for productivity and aesthetics.,Commercial interior design Workplace ergonomics Building codes and regulations knowledge Sustainable design principles AutoCAD and Revit proficiency
HVAC Systems Designer,"Design and optimize heating, ventilation, and air conditioning (HVAC) systems for buildings, focusing on energy efficiency and comfort.",HVAC system design Load calculations Energy efficiency AutoCAD or similar software Mechanical engineering principles Collaboration with architects and engineers Regulatory compliance Problem-solving Attention to detail Communication skills
Procurement Manager,"Procurement Managers oversee procurement processes, managing vendor relationships, negotiating contracts, and ensuring cost-effective purchasing of goods and services.",Procurement strategies Supplier management Negotiation Cost analysis Supply chain management
Water Resources Engineer,"A Water Resources Engineer manages and develops water-related projects, such as dams, irrigation systems, and flood control measures, to ensure water resource sustainability.",Water resources engineering Hydrology and hydraulics Environmental impact assessment Water resource modeling software Watershed management
Territory Sales Manager,"Territory Sales Managers oversee a specific sales territory, managing sales teams, setting goals, and developing strategies to meet sales objectives.",Sales leadership Territory management Team management Sales data analysis Strategic planning and execution
Content Writer,"Content Writers create written content for various platforms. They produce articles, blog posts, and web content to inform, educate, or entertain audiences.",Writing skills Content creation SEO knowledge Research skills Grammar and proofreading
International Tax Consultant,"An International Tax Consultant focuses on tax matters related to international business operations, ensuring compliance with global tax laws and optimizing tax structures.",International tax law knowledge Transfer pricing Cross-border tax planning Tax treaties and agreements Foreign tax credits International tax compliance Transfer pricing documentation Multinational tax strategies Client relationship management Communication skills Tax software proficiency
Sales Account Manager,"A Sales Account Manager is responsible for building and maintaining relationships with clients, identifying their needs, and proposing tailored solutions to achieve sales targets.",Account management Sales strategy Negotiation and closing skills
User Experience Designer,"User Experience Designers create intuitive and user-friendly digital interfaces. They conduct user research, design prototypes, and work to enhance the overall user experience of websites and applications.","User-centered design principles UX/UI design tools (e.g., Sketch, Adobe XD) Wireframing and prototyping Usability testing and user research Information architecture and user flows"
Digital Marketing Analyst,"Analyze digital marketing campaigns, track performance metrics, and optimize online marketing strategies.",Digital marketing strategies Analytics and reporting SEO and SEM Social media marketing Email marketing Data interpretation Marketing automation tools A/B testing Communication skills Problem-solving Attention to detail Marketing knowledge
Administrative Coordinator,"Administrative Coordinators support administrative tasks, including data entry, scheduling, and document management, to enhance organizational efficiency.",Office administration Communication skills Organizational skills Time management Microsoft Office proficiency
Test Automation Engineer,"Test Automation Engineers automate testing processes using scripts and tools. They design and maintain automated test suites to streamline testing efforts, improve efficiency, and enhance software quality.","Test automation frameworks and tools Scripting and programming languages (e.g., Python, Java) Continuous integration and continuous testing (CI/CT) Test script development and maintenance Test environment setup and management"
Product Brand Manager,A Product Brand Manager focuses on promoting and managing the brand identity of specific products or product lines within a companys portfolio.,Product branding and marketing Product lifecycle management Cross-functional team collaboration Product launch planning Market segmentation and targeting
Treasury Manager,"Treasury Managers manage a companys treasury operations. They oversee cash management, investments, and financial risk management to maintain liquidity and financial stability.",Treasury management Cash flow analysis Risk management Financial forecasting Banking relations
Family Law Attorney,"Family Law Attorneys deal with legal matters related to family relationships. They handle cases like divorce, child custody, adoption, and domestic disputes to provide legal guidance.",Family law Divorce proceedings Child custody Mediation Legal counseling Court representation
Manufacturing Engineer,"Manufacturing Engineers optimize manufacturing processes, improve production efficiency, and ensure product quality in manufacturing environments.",Manufacturing processes knowledge CAD/CAM software proficiency Lean manufacturing principles Quality control and assurance Six Sigma certification
Marketing Analytics Specialist,"Marketing Analytics Specialists analyze marketing data to derive insights and inform marketing strategies. They use tools like Google Analytics and data analysis software to track campaign performance, customer behavior, and market trends.",Marketing analytics Data analysis Data visualization Market research Google Analytics Marketing automation Reporting tools
Full-Stack Developer,"Full-Stack Developers are skilled in both frontend and backend development. They can work on all aspects of web application development, from creating user interfaces to designing databases and server infrastructure, providing end-to-end solutions.",Frontend and backend development Database integration Problem-solving API knowledge
Automation Tester,An Automation Tester uses automated testing tools to verify the functionality and performance of software applications. They create and execute automated test scripts.,"Test automation tools (e.g., Selenium, Appium) Scripting languages (e.g., Python, Java) Test framework development Continuous integration tools Test data management"
Inventory Control Specialist,"Inventory Control Specialists manage and optimize inventory levels in a business. They track stock, monitor demand, and implement inventory control procedures to ensure efficient operations and minimize carrying costs.",Inventory management Stock control Demand forecasting Inventory tracking systems Supply chain coordination Problem-solving skills
Water Resources Engineer,"A Water Resources Engineer manages and develops water-related projects, such as dams, irrigation systems, and flood control measures, to ensure water resource sustainability.",Water resources engineering Hydrology and hydraulics Environmental impact assessment Water resource modeling software Watershed management
Data Business Analyst,"Data Business Analysts focus on data-related projects. They collect and analyze data, identify trends, and provide insights to support data-driven decision-making within the organization.","Data analysis Data modeling Data visualization SQL Data tools (e.g., Tableau)"
Manufacturing Engineer,"Manufacturing Engineers optimize manufacturing processes, improve production efficiency, and ensure product quality in manufacturing environments.",Manufacturing processes knowledge CAD/CAM software proficiency Lean manufacturing principles Quality control and assurance Six Sigma certification
Network Support Specialist,"Network Support Specialists provide technical support for computer networks. They troubleshoot issues, maintain network infrastructure, and ensure reliable network performance.",Network troubleshooting IT support Network configuration Technical knowledge Problem-solving
Mergers and Acquisitions Advisor,"A Mergers and Acquisitions Advisor assists in evaluating potential mergers and acquisitions, conducting due diligence, and providing strategic recommendations for corporate transactions.",Mergers and acquisitions (M&A) expertise Due diligence Valuation techniques
Technical Support Specialist,"Technical Support Specialists assist customers or end-users with technical issues related to products or services. They provide troubleshooting, resolve problems, and offer technical guidance through various communication channels, ensuring customer satisfaction.","Technical troubleshooting Customer support tools (e.g., Zendesk, Freshdesk) Communication skills Problem-solving and critical thinking Ticket management Knowledge base creation"
Strategic Account Manager,"Strategic Account Managers nurture relationships with key clients. They develop account strategies, address client needs, and seek opportunities for business growth and expansion.",Account management Client relationship Sales strategy Business development Negotiation skills
User Experience Designer,"User Experience Designers create intuitive and user-friendly digital interfaces. They conduct user research, design prototypes, and work to enhance the overall user experience of websites and applications.","User-centered design principles UX/UI design tools (e.g., Sketch, Adobe XD) Wireframing and prototyping Usability testing and user research Information architecture and user flows"
Process Engineer,"Optimize manufacturing processes, improve efficiency, and ensure product quality in industrial settings.",Process optimization Manufacturing processes Lean Six Sigma methodologies Data analysis Statistical process control Quality management Root cause analysis Collaboration Problem-solving Attention to detail Technical knowledge
Account Strategist,"Account Strategists work in advertising or marketing agencies, managing client accounts. They develop strategies to meet client goals, oversee campaign execution, and maintain client satisfaction by providing expert guidance and solutions.",Account management Client relations Marketing strategies Campaign optimization Data analysis Communication skills
Digital Marketing Specialist,"Digital Marketing Specialists create and execute online marketing campaigns. They utilize digital channels like social media, email, and SEO to reach target audiences, generate leads, and improve brand visibility and engagement.",Digital marketing strategy Social media marketing Content creation SEO (Search Engine Optimization) PPC advertising Analytics and reporting
Pediatric Surgeon,"Pediatric Surgeons specialize in performing surgical procedures on children, including infants and adolescents. They diagnose surgical conditions, perform surgeries, and collaborate with other healthcare professionals to ensure the best outcomes.",Pediatric surgery Surgical procedures for children Operating room protocols Patient care Surgical techniques Pediatric anesthesia
IT Project Manager,"IT Project Managers plan, execute, and oversee IT projects. They define project scope, allocate resources, manage budgets, and ensure projects are delivered on time and within scope. They also communicate project status and risks to stakeholders.",Project management Team leadership Risk management Budgeting Communication skills
Technical Product Manager,"Technical Product Managers oversee the development and enhancement of technical products. They define product requirements, prioritize features, collaborate with development teams, and ensure the product aligns with the companys strategic goals and market needs.",Product management principles Technical background Agile development methodologies Product roadmap planning Market research and analysis Stakeholder communication Problem-solving skills
Purchasing Coordinator,"Purchasing Coordinators manage procurement processes. They source and purchase goods and services, negotiate with suppliers, and ensure cost-effective and timely acquisitions.",Procurement Supplier management Negotiation Supply chain management Inventory control Vendor relations
Social Science Researcher,"A Social Science Researcher conducts research in fields such as sociology, psychology, or anthropology to study human behavior and social phenomena, contributing to academic knowledge.","Social science research methods Qualitative and quantitative data analysis Survey design and implementation Ethnographic research Interviewing skills Research ethics Statistical software (e.g., Stata, NVivo) Report writing Communication skills Critical thinking Empathy"
Account Executive,"Account Executives manage and grow relationships with existing clients or customers. They understand client needs, propose solutions, negotiate contracts, and ensure customer satisfaction, often working closely with sales and customer support teams.",Sales strategy and planning Account management Customer relationship management Solution selling Sales forecasting Contract negotiation Sales metrics and reporting
Training Coordinator,"Training Coordinators design and implement employee training programs. They assess training needs, develop training materials, and facilitate training sessions to enhance employees skills and knowledge.",Training program coordination Training material development Learning management systems
Account Manager,"An Account Manager builds and maintains relationships with clients or customers, ensuring their needs are met and promoting products or services to drive revenue and growth.",Account management Customer relationship management Sales and negotiation Business development Client needs analysis
Interior Designer,"Interior Designers plan and design interior spaces to meet the functional and aesthetic needs of clients. They select furniture, colors, materials, and layouts to create visually appealing and functional interiors for homes and businesses.","Interior design Space planning Color theory Material selection CAD software (e.g., SketchUp) Client collaboration Budget management"
Inventory Control Specialist,"Inventory Control Specialists manage and optimize inventory levels in a business. They track stock, monitor demand, and implement inventory control procedures to ensure efficient operations and minimize carrying costs.",Inventory management Stock control Demand forecasting Inventory tracking systems Supply chain coordination Problem-solving skills
Customer Support Specialist,A Customer Support Specialist assists customers with inquiries or issues related to a companys products or services. They provide solutions and maintain customer satisfaction.,Customer service Problem-solving Communication skills Ticketing system usage Product knowledge
Construction Engineer,"A Construction Engineer manages construction projects, oversees project planning, budgets, and construction activities, and ensures projects are completed on time and within budget.",Construction management Structural design AutoCAD proficiency Project management Site inspection
Creative Copywriter,"Creative Copywriters craft engaging and persuasive copy for marketing materials, advertisements, and content marketing campaigns. They use their writing skills to captivate audiences and convey brand messages effectively.",Creative writing Copywriting Advertising copy Content creation Brand storytelling Marketing campaigns Proofreading and editing
Quality Assurance Analyst,"A Quality Assurance Analyst tests software and products to ensure they meet quality standards. They identify defects, report issues, and work with development teams to resolve problems.","Quality assurance processes Testing methodologies (e.g., manual, automated) Bug tracking and reporting Test case development Regression testing"
Sales Team Leader,"Lead and motivate sales teams, set sales targets, and develop sales strategies to meet goals.",Sales leadership Team management Sales strategy and planning
Customer Experience Strategist,"Customer Experience Strategists develop and execute strategies to enhance the overall customer experience. They analyze customer feedback, identify pain points, and work across departments to improve products, services, and customer interactions.",Customer experience strategy Customer journey mapping Feedback analysis User research Metrics and KPIs Communication skills
Sustainable Design Specialist,"Sustainable Design Specialists incorporate eco-friendly practices into architectural designs, promoting energy efficiency and environmental sustainability.",Sustainable design principles Energy efficiency LEED certification Green building materials Environmental impact assessment
Employee Relations Specialist,"Employee Relations Specialists focus on maintaining positive relationships between employees and the organization. They address workplace issues, conduct investigations, mediate conflicts, and promote a healthy and productive work environment.",Employee conflict resolution HR compliance Employee engagement Communication skills
Regional Sales Director,"Oversee sales operations within a specific region, develop sales plans, and manage regional sales teams.",Sales strategy development Territory management Sales team leadership
Full-Stack Developer,"Full-Stack Developers are skilled in both frontend and backend development. They can work on all aspects of web application development, from creating user interfaces to designing databases and server infrastructure, providing end-to-end solutions.",Frontend and backend development Database integration Problem-solving API knowledge
Recruitment Coordinator,"Recruitment Coordinators support the hiring process by scheduling interviews, screening candidates, and assisting with onboarding. They ensure a smooth recruitment process and maintain candidate records.",Recruitment process Candidate screening Applicant tracking systems Communication
Primary Care Physician Assistant,"Provide medical care under the supervision of physicians, conduct examinations, diagnose and treat patients.",Medical knowledge and clinical skills Patient care and assessment Communication and empathy
Inside Sales Representative,"Inside Sales Representatives are responsible for selling products or services to customers over the phone or through online channels. They engage with leads, answer customer inquiries, and use persuasive communication to close sales and meet revenue targets.","Sales prospecting and lead generation Sales presentation and communication CRM software (e.g., Salesforce) Sales negotiation and closing techniques Product knowledge Relationship building"
Child Custody Lawyer,"Child Custody Lawyers specialize in family law, focusing on cases related to child custody and visitation rights. They represent clients in court, provide legal counsel, and advocate for the best interests of children in custody disputes.",Child custody law Family law Legal advocacy Negotiation Court representation Legal research Client counseling Case preparation
Technical SEO Analyst,"As a Technical SEO Analyst, your role is to analyze website performance and identify opportunities for optimization. You will work on improving site speed, mobile-friendliness, and other technical aspects to enhance search engine rankings. You will also perform keyword research, conduct competitive analysis, and provide recommendations to improve website SEO.","Technical SEO Website audits SEO tools (e.g., Screaming Frog, Ahrefs) Schema markup Site speed optimization XML sitemaps Canonicalization"
Social Media Analyst,"Social Media Analysts analyze social media data and metrics to provide insights and recommendations for improving social media strategies. They track performance, identify trends, and support data-driven decision-making.","Social media analytics tools (e.g., Google Analytics, Facebook Insights) Data analysis and reporting Social media ROI measurement Competitive analysis Trend identification"
Litigation Support Specialist,"Assist in the preparation of litigation cases, manage electronic discovery, and handle technical aspects of trial preparation.","E-discovery tools and processes Document review and production Litigation support software (e.g., Relativity) Data analysis Case management Communication with legal teams Technical proficiency Attention to detail Problem-solving Legal research skills"
Risk Analyst,A Risk Analyst assesses and manages financial risks within an organization. They use data analysis and modeling to evaluate potential risks and recommend mitigation strategies.,Risk assessment Data analysis Financial modeling Risk management tools Regulatory compliance knowledge
Market Researcher,"A Market Researcher gathers and analyzes market data to provide insights on consumer behavior, market trends, and competitor activities, aiding in informed business decisions.",Market research methodologies Data collection and analysis Industry knowledge
SQL Database Developer,"SQL Database Developers design, implement, and maintain relational databases using SQL (Structured Query Language). They write queries, optimize database performance, and ensure data integrity and security.",SQL (Structured Query Language) Database design Query optimization Data modeling Database maintenance Problem-solving skills
Strategic Account Manager,"Strategic Account Managers nurture relationships with key clients. They develop account strategies, address client needs, and seek opportunities for business growth and expansion.",Account management Client relationship Sales strategy Business development Negotiation skills
Email Campaign Manager,"Plan, execute, and analyze email marketing campaigns to engage subscribers, increase conversions, and build brand awareness.","Email marketing strategies Email marketing platforms (e.g., MailChimp, HubSpot) Audience segmentation A/B testing Campaign analytics Copywriting HTML/CSS for email Marketing automation Communication skills Data analysis Attention to detail"
User Experience Designer,"User Experience Designers create intuitive and user-friendly digital interfaces. They conduct user research, design prototypes, and work to enhance the overall user experience of websites and applications.","User-centered design principles UX/UI design tools (e.g., Sketch, Adobe XD) Wireframing and prototyping Usability testing and user research Information architecture and user flows"
Account Manager,"An Account Manager builds and maintains relationships with clients or customers, ensuring their needs are met and promoting products or services to drive revenue and growth.",Account management Customer relationship management Sales and negotiation Business development Client needs analysis
Recruitment Coordinator,"Recruitment Coordinators support the hiring process by scheduling interviews, screening candidates, and assisting with onboarding. They ensure a smooth recruitment process and maintain candidate records.",Recruitment process Candidate screening Applicant tracking systems Communication
Brand Marketing Analyst,A Brand Marketing Analyst analyzes market data and consumer behavior to assess the effectiveness of branding strategies. They provide insights to improve brand marketing efforts.,"Marketing analytics Data analysis tools (e.g., Google Analytics, Adobe Analytics) Brand performance measurement Consumer behavior analysis Campaign effectiveness evaluation"
Competitive Intelligence Analyst,Competitive Intelligence Analysts gather data on competitors and industry trends. They analyze information to help businesses make informed decisions and gain a competitive edge.,Competitive analysis Market research Data analysis Business strategy Industry knowledge
SEO Copywriter,SEO Copywriters specialize in creating content optimized for search engines. They incorporate keywords and SEO best practices to improve online visibility and search engine rankings for web pages and articles.,"SEO (Search Engine Optimization) Keyword research SEO-friendly content On-page optimization Meta tags SEO tools (e.g., SEMrush)"
Structural Engineer,"A Structural Engineer designs and analyzes the structural integrity of buildings, bridges, and other structures. They ensure safety and compliance with engineering standards.","Structural engineering principles Structural analysis and design software (e.g., AutoCAD, SAP2000) Building codes and standards Project management Structural integrity assessment"
Human Resources Director,"A Human Resources Director leads HR functions, including talent acquisition, employee development, and HR strategy, to promote a positive work environment and support organizational goals.",Strategic HR planning Employee relations Talent management HR policy development Leadership skills
Usability Analyst,Evaluate and improve the usability of websites and applications through user testing and analysis.,Usability evaluation User interface assessment Usability testing tools and techniques
Data Entry Specialist,"Accurately input and maintain data in databases or spreadsheets, ensuring data integrity and organization.","Data entry accuracy and speed Database software (e.g., Microsoft Access, Excel) Attention to detail Time management Organization Multitasking Keyboarding skills Data verification Problem-solving Communication skills Computer proficiency"
Onboarding Specialist,"An Onboarding Specialist helps new employees integrate into the company. They facilitate orientation, training, and ensure a smooth transition into their roles.",Onboarding process management New employee orientation Training and development HR policies and procedures Employee engagement strategies
Investment Analyst,"Investment Analysts analyze financial data and market trends to make informed investment recommendations. They research and assess investment opportunities, create financial models, and provide insights to guide investment decisions and portfolio management.",Financial analysis Investment evaluation Portfolio management Data analysis
Brand Manager,"Brand Managers are responsible for maintaining and enhancing a brands image and reputation. They develop brand strategies, oversee branding campaigns, and ensure brand consistency in all marketing and communication efforts.",Brand strategy development Brand identity and design Brand storytelling Marketing campaigns Brand performance measurement Creative thinking Strong communication skills
Supplier Diversity Manager,"Promote diversity and inclusion in the supply chain, manage supplier diversity programs, and assess supplier performance.",Supplier diversity programs Diversity and inclusion initiatives Supplier assessment and certification Data collection and reporting Vendor outreach and engagement Strategic planning Communication skills Relationship building Attention to diversity and inclusion principles
User Experience Designer,"User Experience Designers create intuitive and user-friendly digital interfaces. They conduct user research, design prototypes, and work to enhance the overall user experience of websites and applications.","User-centered design principles UX/UI design tools (e.g., Sketch, Adobe XD) Wireframing and prototyping Usability testing and user research Information architecture and user flows"
Research Psychologist,"Research Psychologists conduct psychological research to advance the fields understanding. They design studies, collect data, and analyze results to inform scientific knowledge.",Research methodology Data analysis Psychological studies Writing research reports Critical thinking
Office Manager,"Office Managers oversee daily office operations, including supervising staff, managing facilities, and ensuring efficient workflow. They may also handle budgeting, resource allocation, and office policies.",Office administration and management Budgeting and expense tracking Team coordination and supervision Facility management Vendor and supplier relations
Personal Secretary,"Personal Secretaries provide administrative support to individuals or executives. They manage schedules, handle correspondence, and assist with various tasks to ensure efficiency.",Administrative support Calendar management Communication skills Time management Organizational skills Confidentiality
Real Estate Paralegal,"Assist in real estate transactions, including title searches, closings, and contract preparation.",Real estate transactions Title searches Closing processes Deed preparation Contract review Communication with real estate professionals Attention to detail Real estate terminology Technology proficiency Legal software proficiency Legal research skills
HVAC Engineer,"HVAC Engineers specialize in heating, ventilation, and air conditioning systems, designing efficient HVAC solutions for buildings and facilities.",Knowledge of HVAC systems and equipment Mechanical engineering skills Problem-solving abilities AutoCAD proficiency HVAC design and installation expertise
UI/UX Designer,"UI/UX Designers focus on creating user-friendly and visually appealing interfaces for digital products. They conduct user research, design wireframes and prototypes, and collaborate with development teams to ensure a seamless and enjoyable user experience.","User interface (UI) design User experience (UX) design Wireframing and prototyping tools (e.g., Sketch, Figma) Usability testing Information architecture Interaction design Mobile and responsive design"
Healthcare Business Analyst,"Healthcare Business Analysts work in the healthcare industry, analyzing data and processes to improve healthcare delivery. They collaborate with healthcare professionals and IT teams to optimize systems and workflows.",Healthcare industry knowledge Health data analysis HIPAA regulations EMR systems
Fine Arts Instructor,"A Fine Arts Instructor teaches various forms of fine arts, such as painting, sculpture, or drawing, to students, guiding them in developing their artistic skills and creativity.",Artistic skills Teaching ability Communication skills Art history knowledge Creativity
SEO Copywriter,SEO Copywriters specialize in creating content optimized for search engines. They incorporate keywords and SEO best practices to improve online visibility and search engine rankings for web pages and articles.,"SEO (Search Engine Optimization) Keyword research SEO-friendly content On-page optimization Meta tags SEO tools (e.g., SEMrush)"
Investment Advisor,"Investment Advisors offer financial advice to clients, helping them make investment decisions, manage portfolios, and achieve their financial goals.",Investment strategies Portfolio management Financial planning Risk assessment Regulatory compliance
Charge Nurse,"A Charge Nurse leads and supervises nursing staff, coordinates patient care, and ensures efficient operations within a healthcare unit or department.",Nursing leadership Charge nurse responsibilities Team coordination
Event Marketing Coordinator,"Event Marketing Coordinators focus on marketing events, including trade shows, exhibitions, and product launches, to maximize attendance and engagement.",Event planning and management Budgeting and financial management Vendor and sponsor relations Promotion and publicity Event logistics and coordination skills
Network Engineer,"Design, implement, and maintain computer networks, troubleshoot network issues, and ensure network performance and security.","Network infrastructure design Routing and switching Network protocols (e.g., TCP/IP) Cisco or Juniper certifications Troubleshooting and diagnostics Security protocols Wireless networking Network monitoring Collaboration Problem-solving Attention to detail"
Sales Account Manager,"A Sales Account Manager is responsible for building and maintaining relationships with clients, identifying their needs, and proposing tailored solutions to achieve sales targets.",Account management Sales strategy Negotiation and closing skills
Classroom Teacher,"A Classroom Teacher educates students in a specific subject or grade level. They create lesson plans, deliver instruction, assess student progress, and foster a positive learning environment.",Teaching pedagogy Classroom management Curriculum development Student assessment Differentiated instruction
Java Web Application Developer,"Java Web Application Developers create web applications using Java technologies. They develop user interfaces, integrate backend systems, and ensure the functionality and security of web applications to provide a seamless user experience.","Web application development Java web frameworks (e.g., Servlets, JSP) Frontend integration User authentication Security protocols Code documentation"
Portfolio Manager,"A Portfolio Manager oversees investment portfolios, making decisions to maximize returns and minimize risks. They analyze financial markets and adjust asset allocations accordingly.",Investment management Financial analysis Risk assessment Asset allocation Portfolio optimization
Technical SEO Analyst,"As a Technical SEO Analyst, your role is to analyze website performance and identify opportunities for optimization. You will work on improving site speed, mobile-friendliness, and other technical aspects to enhance search engine rankings. You will also perform keyword research, conduct competitive analysis, and provide recommendations to improve website SEO.","Technical SEO Website audits SEO tools (e.g., Screaming Frog, Ahrefs) Schema markup Site speed optimization XML sitemaps Canonicalization"
Child Welfare Worker,"Work with at-risk children and families, assess needs, provide support, and ensure child safety and well-being.",Child welfare policies and regulations Child protective services Child development Crisis intervention Case management Cultural competence Interviewing and assessment skills Court procedures Documentation Empathy Communication skills
Network Administrator,"Network Administrators manage an organizations computer networks. They configure, monitor, and maintain network infrastructure, ensuring optimal performance and security.","Network management Troubleshooting Network security IT certifications (e.g., CCNA)"
Legal Secretary,"Provide administrative support to legal professionals, manage schedules, draft documents, and handle correspondence.","Legal administrative tasks Document management Calendar and docketing Transcription File organization Communication with clients and courts Knowledge of legal terminology Attention to detail Multitasking Computer skills (e.g., MS Office)"
Lighting Designer,"Lighting Designers create lighting plans for architectural and artistic purposes. They enhance spaces with lighting effects, aesthetics, and energy-efficient lighting solutions.",Lighting design Architectural lighting Lighting software proficiency Creative lighting concepts Technical knowledge
Dental Public Health Hygienist,A Dental Public Health Hygienist works to improve oral health at the community level. They develop and implement public health programs and educate individuals on oral hygiene.,Dental public health principles Community outreach and education Dental health program planning Epidemiology knowledge Public health regulations knowledge
Search Engine Marketer,"Search Engine Marketers optimize online content for search engines. They use SEO strategies to improve website rankings, increase organic traffic, and enhance online visibility.",Search engine marketing PPC advertising SEO strategy Data analysis Digital marketing skills
Wealth Advisor,"Wealth Advisors provide financial advice to clients. They assess financial goals, create investment strategies, and offer guidance on wealth management and financial planning.",Financial planning Investment knowledge Relationship management Communication skills Analytical skills
Sales Manager,"A Sales Manager leads and guides the sales team, sets sales targets, develops sales strategies, and monitors performance to achieve revenue and growth objectives.",Sales management Sales strategy development Team leadership
Client Relationship Manager,"Build and maintain strong client relationships, understand their needs, and ensure client satisfaction.",Client relationship management Customer service Communication skills
Instructional Designer,Instructional Designers develop educational materials and curricula. They design engaging and effective learning experiences for students or employees.,Instructional design eLearning tools Curriculum development Multimedia design Learning theory knowledge
Content Creator,"Create engaging and relevant content, such as articles, videos, or social media posts, to promote brands or products.","Content creation (e.g., writing, editing, graphic design, video production) Content marketing Social media management SEO optimization Creative storytelling Audience engagement Analytics and reporting Adaptability Communication skills Creativity"
Architectural Drafter,Architectural Drafters assist architects and engineers in creating detailed technical drawings and plans for buildings and structures. They use computer-aided design (CAD) software to produce accurate and precise architectural drawings.,Architectural drafting AutoCAD 2D and 3D modeling Blueprint reading Building codes Collaboration with architects Detail-oriented
User Experience Designer,"User Experience Designers create intuitive and user-friendly digital interfaces. They conduct user research, design prototypes, and work to enhance the overall user experience of websites and applications.","User-centered design principles UX/UI design tools (e.g., Sketch, Adobe XD) Wireframing and prototyping Usability testing and user research Information architecture and user flows"
Architectural Drafter,Architectural Drafters assist architects and engineers in creating detailed technical drawings and plans for buildings and structures. They use computer-aided design (CAD) software to produce accurate and precise architectural drawings.,Architectural drafting AutoCAD 2D and 3D modeling Blueprint reading Building codes Collaboration with architects Detail-oriented
Environmental Impact Analyst,"Environmental Impact Analysts assess the environmental consequences of projects or activities. They conduct studies, analyze data, and provide recommendations to minimize adverse environmental effects and promote sustainable practices.",Environmental impact analysis Data collection and analysis Environmental regulations Reporting GIS (Geographic Information Systems) Technical writing
Customer Experience Strategist,"Customer Experience Strategists develop and execute strategies to enhance the overall customer experience. They analyze customer feedback, identify pain points, and work across departments to improve products, services, and customer interactions.",Customer experience strategy Customer journey mapping Feedback analysis User research Metrics and KPIs Communication skills
Business Tax Consultant,"A Business Tax Consultant specializes in tax planning and compliance for businesses. They assist with tax strategy, filings, and help organizations minimize tax liabilities.",Business tax law knowledge Corporate tax planning Tax compliance for businesses Tax credits and incentives Tax strategy development Financial analysis IRS regulations Client relationship management Communication skills Tax software proficiency
Hospitality Interior Designer,"A Hospitality Interior Designer specializes in creating inviting and functional interiors for hotels, restaurants, and other hospitality establishments.","Hospitality interior design Hotel and restaurant design Branding and theme integration FF&E (furniture, fixtures, and equipment) selection Customer experience design"
Transportation Engineer,"A Transportation Engineer plans and designs transportation systems, including roads, highways, and public transit. They aim to improve transportation efficiency and safety.","Transportation engineering Traffic analysis and planning Civil engineering software (e.g., MicroStation, AutoCAD Civil 3D) Roadway design Public transportation knowledge"
Investment Advisor,"Investment Advisors offer financial advice to clients, helping them make investment decisions, manage portfolios, and achieve their financial goals.",Investment strategies Portfolio management Financial planning Risk assessment Regulatory compliance
Equine Veterinarian,"An Equine Veterinarian specializes in the health and well-being of horses. They diagnose and treat equine illnesses, perform surgeries, and provide preventive care for horses.",Equine veterinary medicine Horse anatomy and physiology Lameness evaluation Equine surgery Dentistry for horses Emergency equine care Equine reproductive health Compassion and empathy Client communication Problem-solving Attention to detail
Senior Researcher,"Senior Researchers lead research initiatives within organizations. They design research projects, collect and analyze data, and provide insights to inform strategic decision-making and innovation efforts.","Research methodologies and data analysis Literature review and synthesis Statistical analysis software (e.g., SPSS, R) Research proposal development Strong communication and reporting skills"
Data Engineer,"Data Engineers design and maintain data pipelines, ensuring data availability and quality for analysis and reporting purposes.","Data integration ETL (Extract, Transform, Load) Big data technologies (e.g., Hadoop, Spark) Database management Data warehousing"
Customer Support Specialist,A Customer Support Specialist assists customers with inquiries or issues related to a companys products or services. They provide solutions and maintain customer satisfaction.,Customer service Problem-solving Communication skills Ticketing system usage Product knowledge
User Interface Designer,"User Interface Designers focus on the visual and interactive aspects of digital interfaces. They design layouts, buttons, and other elements to ensure a cohesive and visually appealing user interface.","UI design principles and best practices Graphic design tools (e.g., Adobe Photoshop, Illustrator) Typography and color theory Visual design and layout Responsive design"
Interior Designer,"Interior Designers plan and design interior spaces to meet the functional and aesthetic needs of clients. They select furniture, colors, materials, and layouts to create visually appealing and functional interiors for homes and businesses.","Interior design Space planning Color theory Material selection CAD software (e.g., SketchUp) Client collaboration Budget management"
SEM Analyst,"SEM Analysts analyze search engine marketing (SEM) campaigns. They monitor performance, optimize keyword strategies, and provide insights to improve the effectiveness of SEM efforts.",Search engine marketing (SEM) Google Ads Bing Ads Keyword analysis Ad performance analysis SEM strategy development Bid management
Live Chat Support Agent,"A Live Chat Support Agent provides customer support through live chat channels, addressing inquiries, troubleshooting issues, and offering timely solutions.",Live chat support Online customer communication Problem resolution
Strategic Account Manager,"Strategic Account Managers nurture relationships with key clients. They develop account strategies, address client needs, and seek opportunities for business growth and expansion.",Account management Client relationship Sales strategy Business development Negotiation skills
Benefits Coordinator,"Benefits Coordinators administer employee benefit programs, including health insurance, retirement plans, and other perks. They assist employees with benefit inquiries and ensure compliance with benefit policies.",Employee benefits administration Benefits compliance HRIS Benefits communication
Wedding Planner,"Wedding Planners specialize in organizing weddings, assisting couples with every aspect of wedding planning, from venue selection to catering and decor.",Wedding planning Venue selection Catering and menu planning Floral and decor design Wedding etiquette
Performance Testing Specialist,"Performance Testing Specialists assess the performance of software applications by conducting load, stress, and scalability tests. They identify bottlenecks, optimize performance, and ensure software can handle user demands effectively.",Performance testing Load testing Stress testing Test scenarios Performance monitoring Benchmarking Performance analysis
Systems Administrator,"Manage and maintain an organizations IT infrastructure, including servers, hardware, and software systems.","System administration Server maintenance Active Directory Backup and recovery Cloud computing (e.g., AWS, Azure) Troubleshooting IT security best practices Collaboration Problem-solving Attention to detail Communication skills Technical knowledge"
Art Curator,"An Art Curator is responsible for managing and preserving a collection of artworks. They curate exhibitions, acquire new pieces, and educate the public about the art.",Art history and knowledge Art curation and exhibition planning Collections management Art market trends Cultural awareness
Network Administrator,"Network Administrators manage an organizations computer networks. They configure, monitor, and maintain network infrastructure, ensuring optimal performance and security.","Network management Troubleshooting Network security IT certifications (e.g., CCNA)"
UI/UX Designer,"UI/UX Designers focus on creating user-friendly and visually appealing interfaces for digital products. They conduct user research, design wireframes and prototypes, and collaborate with development teams to ensure a seamless and enjoyable user experience.","User interface (UI) design User experience (UX) design Wireframing and prototyping tools (e.g., Sketch, Figma) Usability testing Information architecture Interaction design Mobile and responsive design"
Litigation Paralegal,"Assist in litigation cases, including document preparation, legal research, and trial support.",Legal research Discovery management Case preparation Trial support Document review Client communication E-filing Attention to detail Multitasking Legal terminology Technology proficiency Communication skills Legal software proficiency
Electronics Hardware Engineer,"Electronics Hardware Engineers develop and design electronic components and systems, from circuit boards to hardware prototypes, ensuring functionality and performance.",Electronics design PCB layout Embedded systems Circuit analysis Troubleshooting
Commercial Landscape Architect,"Commercial Landscape Architects design outdoor spaces for commercial properties, such as office complexes and retail centers. They create functional and aesthetically pleasing landscapes that align with the clients goals and needs.",Landscape architecture Site planning Plant selection Environmental sustainability AutoCAD Project management
User Experience Designer,"User Experience Designers create intuitive and user-friendly digital interfaces. They conduct user research, design prototypes, and work to enhance the overall user experience of websites and applications.","User-centered design principles UX/UI design tools (e.g., Sketch, Adobe XD) Wireframing and prototyping Usability testing and user research Information architecture and user flows"
Brand Promoter,"Brand Promoters are responsible for promoting a companys brand or products. They engage with the target audience, create marketing strategies, and build brand awareness.",Brand promotion Marketing knowledge Communication skills Sales techniques Product knowledge
Social Media Manager,"Social Media Managers oversee an organizations social media presence. They create and schedule content, engage with followers, and analyze social media metrics to drive brand awareness and engagement.","Social media platforms (e.g., Facebook, Twitter, Instagram) Content creation and scheduling Social media analytics and insights Community engagement Paid social advertising"
Digital Marketing Specialist,"Digital Marketing Specialists create and execute online marketing campaigns. They utilize digital channels like social media, email, and SEO to reach target audiences, generate leads, and improve brand visibility and engagement.",Digital marketing strategy Social media marketing Content creation SEO (Search Engine Optimization) PPC advertising Analytics and reporting
Technical SEO Specialist,"Technical SEO Specialists optimize website infrastructure, addressing issues like site speed, mobile-friendliness, and structured data to enhance search engine visibility.",Technical SEO audits Website crawl analysis Schema markup XML sitemaps Canonicalization
Systems Engineer,Systems Engineers design and manage complex systems and infrastructure. They integrate various components and technologies to ensure optimal system performance and reliability.,Systems engineering System architecture Integration testing Troubleshooting Technical documentation Configuration management
Sustainability Specialist,"A Sustainability Specialist promotes sustainability initiatives within organizations, develops sustainability programs, and helps reduce environmental impacts while increasing efficiency.",Sustainability practices Environmental management systems Green certifications
Sales Trainer,"Sales Trainers develop and deliver training programs to sales teams. They teach sales techniques, product knowledge, and communication skills to improve the performance and effectiveness of sales representatives.",Sales training Sales coaching Training program development Sales techniques Product knowledge Presentation skills
Research and Development (R&D) Engineer,"Conduct research, design experiments, and develop innovative products or technologies in various industries.",Research and development processes Product innovation Prototype development Testing and experimentation Data analysis Collaboration with cross-functional teams Problem-solving Attention to detail Technical expertise Project management skills
Design Engineer,"A Design Engineer creates and develops product designs and specifications, using engineering principles and design software to bring innovative products to market.",Engineering design CAD software proficiency Problem-solving Technical knowledge Communication skills
Cloud Systems Engineer,"As a Cloud Systems Engineer, you will be responsible for designing, implementing, and managing cloud infrastructure solutions. You will work with cloud platforms like AWS, Azure, or GCP to build scalable and reliable systems. Your role involves optimizing cloud resources, ensuring security, and troubleshooting issues to maintain high system availability and performance.","Cloud systems engineering Cloud infrastructure (e.g., AWS, Azure) DevOps practices Automation Security in the cloud Disaster recovery Scalability"
Environmental Impact Analyst,"Environmental Impact Analysts assess the environmental consequences of projects or activities. They conduct studies, analyze data, and provide recommendations to minimize adverse environmental effects and promote sustainable practices.",Environmental impact analysis Data collection and analysis Environmental regulations Reporting GIS (Geographic Information Systems) Technical writing
Investment Portfolio Manager,"An Investment Portfolio Manager manages investment portfolios, making investment decisions, monitoring performance, and optimizing asset allocation for clients or the organization.",Investment analysis Portfolio management Risk assessment
Inventory Manager,"An Inventory Manager oversees inventory levels, coordinates stock movements, and optimizes inventory control procedures to ensure efficient stock management and product availability.",Inventory control Demand forecasting Supply chain management Data analysis Warehouse management
UI/UX Designer,"UI/UX Designers focus on creating user-friendly and visually appealing interfaces for digital products. They conduct user research, design wireframes and prototypes, and collaborate with development teams to ensure a seamless and enjoyable user experience.","User interface (UI) design User experience (UX) design Wireframing and prototyping tools (e.g., Sketch, Figma) Usability testing Information architecture Interaction design Mobile and responsive design"
Construction Project Coordinator,"Construction Project Coordinators assist in managing construction projects, handling documentation, budget tracking, and coordinating subcontractors.",Construction project management Building codes and regulations knowledge Budgeting and cost control Construction scheduling Contractor and subcontractor coordination
Primary Care Provider,"Primary Care Providers offer general medical care to patients. They diagnose and treat common health issues, perform check-ups, and refer patients to specialists as needed.",Medical diagnosis Patient care Medical record-keeping Communication skills Empathy and compassion
Brand Strategist,A Brand Strategist develops strategies to build and strengthen a companys brand identity. They research market trends and consumer preferences to guide branding decisions.,Brand strategy development Market research and analysis Competitive analysis Brand positioning and messaging Creative direction and collaboration
Network Administrator,"Network Administrators manage an organizations computer networks. They configure, monitor, and maintain network infrastructure, ensuring optimal performance and security.","Network management Troubleshooting Network security IT certifications (e.g., CCNA)"
UI/UX Designer,"UI/UX Designers focus on creating user-friendly and visually appealing interfaces for digital products. They conduct user research, design wireframes and prototypes, and collaborate with development teams to ensure a seamless and enjoyable user experience.","User interface (UI) design User experience (UX) design Wireframing and prototyping tools (e.g., Sketch, Figma) Usability testing Information architecture Interaction design Mobile and responsive design"
Business Intelligence Analyst,"Business Intelligence Analysts gather and analyze data to provide valuable insights to support decision-making within an organization. They create reports, dashboards, and data visualizations to help stakeholders understand trends, patterns, and opportunities in the data.","Data analysis and visualization tools (e.g., Tableau, Power BI) SQL and database querying Business intelligence concepts Data modeling and reporting Strong analytical and problem-solving skills Data-driven decision-making"
Construction Project Coordinator,"Construction Project Coordinators assist in managing construction projects, handling documentation, budget tracking, and coordinating subcontractors.",Construction project management Building codes and regulations knowledge Budgeting and cost control Construction scheduling Contractor and subcontractor coordination
E-commerce Web Designer,"E-commerce Web Designers specialize in designing and optimizing online stores and shopping websites. They focus on user experience, product presentation, and conversion rate optimization to drive online sales and customer engagement.","E-commerce web design UX/UI design Shopping cart integration Payment gateway integration Mobile responsiveness E-commerce platforms (e.g., Shopify)"
Quality Assurance Analyst,"A Quality Assurance Analyst tests software and products to ensure they meet quality standards. They identify defects, report issues, and work with development teams to resolve problems.","Quality assurance processes Testing methodologies (e.g., manual, automated) Bug tracking and reporting Test case development Regression testing"
Brand PR Specialist,"Brand PR Specialists focus on promoting and maintaining a positive brand image through media relations, events, and communication efforts.",Brand management Public relations Brand storytelling Influencer marketing Media monitoring
Customer Experience Strategist,"Customer Experience Strategists develop and execute strategies to enhance the overall customer experience. They analyze customer feedback, identify pain points, and work across departments to improve products, services, and customer interactions.",Customer experience strategy Customer journey mapping Feedback analysis User research Metrics and KPIs Communication skills
Addiction Counselor,"An Addiction Counselor provides support and therapy to individuals struggling with addiction, helping them overcome substance abuse and develop healthier coping strategies.",Addiction counseling techniques Substance abuse treatment Counseling ethics
Corporate Event Planner,"Corporate Event Planners organize business-related events such as seminars, conferences, and product launches, ensuring they meet corporate goals and standards.",Corporate event planning Corporate branding Corporate communication Audiovisual equipment Crisis management
Inventory Manager,"An Inventory Manager oversees inventory levels, coordinates stock movements, and optimizes inventory control procedures to ensure efficient stock management and product availability.",Inventory control Demand forecasting Supply chain management Data analysis Warehouse management
Infrastructure Manager,"An Infrastructure Manager is responsible for the operation and maintenance of an organizations IT infrastructure, including servers, networks, and data centers.","Network administration System administration Virtualization technologies (e.g., VMware, Hyper-V) Storage management IT security Disaster recovery planning Capacity planning Monitoring and troubleshooting Cloud infrastructure (e.g., AWS, Azure) Vendor management"
Data Engineer,"Data Engineers design and maintain data pipelines, ensuring data availability and quality for analysis and reporting purposes.","Data integration ETL (Extract, Transform, Load) Big data technologies (e.g., Hadoop, Spark) Database management Data warehousing"
Usability Analyst,Evaluate and improve the usability of websites and applications through user testing and analysis.,Usability evaluation User interface assessment Usability testing tools and techniques
Family Counselor,"A Family Counselor works with families to address interpersonal issues, improve communication, and resolve conflicts, fostering healthier family dynamics.",Family counseling Marriage and family therapy Conflict resolution skills
Business Systems Analyst,"A Business Systems Analyst analyzes business processes and requirements, recommends technology solutions, and bridges the gap between business objectives and IT systems.",Business systems analysis Requirements gathering Process improvement
Research Analyst,"Research Analysts conduct research, collect data, and analyze information to support business decision-making. They generate reports and recommendations based on their findings to aid in strategic planning.",Data collection and analysis Market research tools and techniques Survey design and analysis Qualitative and quantitative research methods Report writing and presentation skills
Investment Portfolio Manager,"An Investment Portfolio Manager manages investment portfolios, making investment decisions, monitoring performance, and optimizing asset allocation for clients or the organization.",Investment analysis Portfolio management Risk assessment
Lighting Designer,"Lighting Designers create lighting plans for architectural and artistic purposes. They enhance spaces with lighting effects, aesthetics, and energy-efficient lighting solutions.",Lighting design Architectural lighting Lighting software proficiency Creative lighting concepts Technical knowledge
Supply Chain Manager,"Supply Chain Managers manage the end-to-end supply chain process, from procurement to distribution. They optimize logistics, reduce costs, and ensure the efficient flow of products or services to meet customer demand.",Supply chain logistics and management Inventory control and procurement Supplier relationship management Data analysis and forecasting Risk assessment and mitigation
Inside Sales Representative,"Inside Sales Representatives are responsible for selling products or services to customers over the phone or through online channels. They engage with leads, answer customer inquiries, and use persuasive communication to close sales and meet revenue targets.","Sales prospecting and lead generation Sales presentation and communication CRM software (e.g., Salesforce) Sales negotiation and closing techniques Product knowledge Relationship building"
Environmental Impact Analyst,"Environmental Impact Analysts assess the environmental consequences of projects or activities. They conduct studies, analyze data, and provide recommendations to minimize adverse environmental effects and promote sustainable practices.",Environmental impact analysis Data collection and analysis Environmental regulations Reporting GIS (Geographic Information Systems) Technical writing
Executive Assistant,"Support high-level executives by managing schedules, coordinating meetings, and handling various administrative tasks.","Calendar management Travel coordination Meeting scheduling Correspondence and communication Office organization Confidentiality Time management Problem-solving Attention to detail Communication skills Technology proficiency (e.g., MS Office)"
Transportation Engineer,"A Transportation Engineer plans and designs transportation systems, including roads, highways, and public transit. They aim to improve transportation efficiency and safety.","Transportation engineering Traffic analysis and planning Civil engineering software (e.g., MicroStation, AutoCAD Civil 3D) Roadway design Public transportation knowledge"
CAD Technician,Create and modify technical drawings using computer-aided design (CAD) software for various engineering projects.,Computer-aided design (CAD) software Technical drawing Blueprint interpretation Drafting standards Engineering principles Collaboration with engineers Problem-solving Attention to detail Communication skills 3D modeling (if applicable)
SEO Content Strategist,"As an SEO Content Strategist, your primary responsibility is to develop and execute content strategies that enhance our online presence. You will conduct keyword research, optimize website content, and collaborate with the marketing team to improve search engine rankings and drive organic traffic. Your role involves staying updated with SEO trends and implementing best practices to boost our websites visibility and engagement.",SEO (Search Engine Optimization) Content strategy Keyword research Content optimization Content planning Analytics and reporting
Purchasing Coordinator,"Purchasing Coordinators manage procurement processes. They source and purchase goods and services, negotiate with suppliers, and ensure cost-effective and timely acquisitions.",Procurement Supplier management Negotiation Supply chain management Inventory control Vendor relations
Accessibility Developer,"An Accessibility Developer focuses on making digital products and websites accessible to individuals with disabilities, ensuring compliance with accessibility standards.","Web accessibility standards (e.g., WCAG) Assistive technologies Accessibility testing tools HTML and CSS for accessibility ARIA (Accessible Rich Internet Applications) User experience (UX) for accessibility Usability testing with individuals with disabilities Collaboration Attention to detail"
Deliverability Analyst,"Monitor and improve email deliverability rates, troubleshoot delivery issues, and maintain a clean email list.","Email deliverability best practices Spam filter testing List hygiene Blacklist monitoring Email authentication (e.g., SPF, DKIM) Deliverability metrics analysis Troubleshooting deliverability issues Communication skills Data analysis Attention to detail"
Social Media Analyst,"Social Media Analysts analyze social media data and metrics to provide insights and recommendations for improving social media strategies. They track performance, identify trends, and support data-driven decision-making.","Social media analytics tools (e.g., Google Analytics, Facebook Insights) Data analysis and reporting Social media ROI measurement Competitive analysis Trend identification"
Deliverability Analyst,"Monitor and improve email deliverability rates, troubleshoot delivery issues, and maintain a clean email list.","Email deliverability best practices Spam filter testing List hygiene Blacklist monitoring Email authentication (e.g., SPF, DKIM) Deliverability metrics analysis Troubleshooting deliverability issues Communication skills Data analysis Attention to detail"
Forensic Accountant,"Forensic Accountants investigate financial discrepancies and fraud. They analyze financial documents, track financial transactions, and provide expert testimony in legal proceedings. They play a critical role in detecting and preventing financial fraud.",Forensic accounting Fraud detection Legal knowledge Investigative skills
Technical Copywriter,"Technical Copywriters create content that explains complex technical concepts in a clear and accessible manner. They often write user manuals, product documentation, and technical guides to assist users and customers.",Technical writing Documentation User manuals Technical specifications Industry-specific terminology Research skills
Database Developer,"A Database Developer designs, develops, and maintains databases. They create efficient data structures, write queries, and ensure data security and integrity.","Database design and development SQL and database querying Data modeling Programming languages (e.g., Java, Python) Data security and privacy regulations knowledge"
Network Security Engineer,"Network Security Engineers focus on protecting network systems from cyber threats. They implement security measures, monitor network traffic, and respond to security incidents to safeguard the organizations data.",Network security protocols and technologies Firewalls and intrusion detection systems Vulnerability assessment and penetration testing Security policy development and enforcement Incident response and recovery
Frontend Web Developer,"Frontend Web Developers design and implement user interfaces for websites, ensuring they are visually appealing and user-friendly. They collaborate with designers and backend developers to create seamless web experiences for users.","HTML, CSS, JavaScript Frontend frameworks (e.g., React, Angular) User experience (UX)"
Customer Experience Strategist,"Customer Experience Strategists develop and execute strategies to enhance the overall customer experience. They analyze customer feedback, identify pain points, and work across departments to improve products, services, and customer interactions.",Customer experience strategy Customer journey mapping Feedback analysis User research Metrics and KPIs Communication skills
Business Systems Analyst,"A Business Systems Analyst analyzes business processes and requirements, recommends technology solutions, and bridges the gap between business objectives and IT systems.",Business systems analysis Requirements gathering Process improvement
Logistics Manager,"A Logistics Manager oversees the movement and storage of goods in a supply chain. They plan, implement, and manage the efficient transportation and distribution of products.",Supply chain management Inventory control Transportation logistics Vendor relations Team leadership and management
HR Compliance Specialist,"An HR Compliance Specialist ensures adherence to employment laws and regulations, conducts audits, and provides guidance to maintain legal compliance within the organization.",Employment law knowledge Compliance management Auditing skills Employee relations Communication skills
Project Coordinator,"Project Coordinators assist in planning, executing, and monitoring projects. They facilitate communication among team members, track project progress, and ensure tasks are completed on time.",Project management Communication Time management Organization Problem-solving
Database Administrator,"Database Administrators manage databases, ensuring data integrity, security, and efficient performance. They design, implement, and maintain databases while troubleshooting issues.","Database management systems (e.g., MySQL, Oracle, SQL Server) Data security Database tuning and optimization Backup and recovery"
Legal Counsel,"As a Legal Counsel, your responsibilities include providing legal advice, drafting contracts, and ensuring compliance with laws and regulations. You will represent the company in legal matters, negotiate agreements, and mitigate legal risks. Your role involves staying informed about changes in the law and advising management on legal issues affecting the business.",Legal counsel Legal advice Contract negotiation Legal research Litigation support Client representation Legal writing Regulatory compliance
Database Administrator,"Database Administrators manage databases, ensuring data integrity, security, and efficient performance. They design, implement, and maintain databases while troubleshooting issues.","Database management systems (e.g., MySQL, Oracle, SQL Server) Data security Database tuning and optimization Backup and recovery"
Mechanical Design Engineer,"Mechanical Design Engineers create and develop mechanical systems and components, from concept to manufacturing, ensuring functionality and safety.","Mechanical engineering CAD software (e.g., SolidWorks, AutoCAD) Finite element analysis Product development Prototyping"
Service Quality Assurance Manager,"Service Quality Assurance Managers monitor and evaluate service quality in an organization. They develop quality standards, conduct audits, analyze customer feedback, and implement improvements to ensure consistent high-quality service delivery.",Quality assurance Quality control Process improvement Audit procedures Compliance standards Root cause analysis
Sales Representative,"Sales Representatives promote and sell products or services to customers, build relationships, and meet sales targets through effective communication and negotiation.",Sales techniques and strategies Relationship building CRM software usage Product knowledge Negotiation and closing skills
Environmental Consultant,"An Environmental Consultant assesses environmental impacts, provides regulatory compliance guidance, and develops strategies for sustainable practices and environmental protection.",Environmental assessments Regulatory compliance Environmental impact analysis
Electrical Engineer,"Electrical Engineers design and develop electrical systems and devices. They work on projects such as power generation, electronics, and control systems for various industries.",Electrical engineering Circuit design Electronics AutoCAD proficiency Problem-solving
Front-End Developer,A Front-End Developer specializes in creating the user interface and user experience of websites or applications. They code and design elements that users interact with directly.,"Front-end web development HTML, CSS, JavaScript Responsive design Web performance optimization Cross-browser compatibility"
Transportation Engineer,"A Transportation Engineer plans and designs transportation systems, including roads, highways, and public transit. They aim to improve transportation efficiency and safety.","Transportation engineering Traffic analysis and planning Civil engineering software (e.g., MicroStation, AutoCAD Civil 3D) Roadway design Public transportation knowledge"
UI/UX Developer,A UI/UX Developer combines design and technical skills to create user-friendly interfaces for digital products. They ensure a seamless and visually appealing user experience.,"User interface (UI) design User experience (UX) design Web design principles Prototyping and wireframing Front-end development languages (e.g., HTML, CSS, JavaScript) Interaction design User testing Responsive design Usability testing Collaboration Attention to detail"
Controls Engineer,"Controls Engineers specialize in industrial automation, designing and implementing control systems for machinery and manufacturing processes. They optimize efficiency and safety.",Control system design PLC programming Automation Instrumentation System integration
Construction Engineer,"A Construction Engineer manages construction projects, oversees project planning, budgets, and construction activities, and ensures projects are completed on time and within budget.",Construction management Structural design AutoCAD proficiency Project management Site inspection
Copywriter,"Copywriters create compelling written content for various mediums, such as advertising, websites, and marketing materials. They craft persuasive and engaging messages that resonate with target audiences.",Copywriting Content creation SEO Marketing strategies Creativity
School Social Worker,"Support students social and emotional well-being in schools, collaborate with educators, and connect families with resources.",School social work principles Student assessment and intervention Special education laws Individualized education plans (IEPs) Crisis management Collaboration with educators Family engagement Advocacy Empathy and communication Documentation Cultural competence Licensing and certification
Retirement Planner,"Retirement Planners assist clients in planning for retirement, including savings strategies, pension options, and retirement income planning.",Retirement planning Social security Investment products Tax planning Estate planning
Equine Veterinarian,"An Equine Veterinarian specializes in the health and well-being of horses. They diagnose and treat equine illnesses, perform surgeries, and provide preventive care for horses.",Equine veterinary medicine Horse anatomy and physiology Lameness evaluation Equine surgery Dentistry for horses Emergency equine care Equine reproductive health Compassion and empathy Client communication Problem-solving Attention to detail
Test Automation Engineer,"Test Automation Engineers automate testing processes using scripts and tools. They design and maintain automated test suites to streamline testing efforts, improve efficiency, and enhance software quality.","Test automation frameworks and tools Scripting and programming languages (e.g., Python, Java) Continuous integration and continuous testing (CI/CT) Test script development and maintenance Test environment setup and management"
Security Operations Center (SOC) Analyst,"SOC Analysts work in security operations centers. They monitor and respond to security incidents, analyze threats, and implement security protocols to protect an organizations assets.","SOC operations Security incident response Threat detection Log analysis Security tools (e.g., IDS/IPS) Security alerts triage"
SQL Database Developer,"SQL Database Developers design, implement, and maintain relational databases using SQL (Structured Query Language). They write queries, optimize database performance, and ensure data integrity and security.",SQL (Structured Query Language) Database design Query optimization Data modeling Database maintenance Problem-solving skills
Corporate Attorney,"Corporate Attorneys provide legal counsel and representation to organizations. They handle legal matters, contracts, mergers, acquisitions, and ensure compliance with laws and regulations relevant to the business.",Corporate law and regulations Contract drafting and negotiation Legal research and analysis Risk management Excellent communication and negotiation skills
Social Media Analyst,"Social Media Analysts analyze social media data and metrics to provide insights and recommendations for improving social media strategies. They track performance, identify trends, and support data-driven decision-making.","Social media analytics tools (e.g., Google Analytics, Facebook Insights) Data analysis and reporting Social media ROI measurement Competitive analysis Trend identification"
Benefits Coordinator,"Benefits Coordinators administer employee benefit programs, including health insurance, retirement plans, and other perks. They assist employees with benefit inquiries and ensure compliance with benefit policies.",Employee benefits administration Benefits compliance HRIS Benefits communication
Human Resources Director,"A Human Resources Director leads HR functions, including talent acquisition, employee development, and HR strategy, to promote a positive work environment and support organizational goals.",Strategic HR planning Employee relations Talent management HR policy development Leadership skills
Executive Assistant,"Support high-level executives by managing schedules, coordinating meetings, and handling various administrative tasks.","Calendar management Travel coordination Meeting scheduling Correspondence and communication Office organization Confidentiality Time management Problem-solving Attention to detail Communication skills Technology proficiency (e.g., MS Office)"
Trial Attorney,"Trial Attorneys represent clients in legal proceedings. They prepare cases, conduct trials, and provide legal counsel to clients involved in civil or criminal litigation.",Litigation Legal research Courtroom representation Case preparation Client counseling Legal writing
Agile Product Owner,"Agile Product Owners work closely with development teams in Agile environments. They define and prioritize product backlog items, communicate the product vision, and ensure that the product increments delivered align with customer needs and project objectives.",Agile product development Scrum or Kanban frameworks Backlog management User story writing Prioritization techniques Collaboration with development teams Product vision and strategy
Legal Secretary,"Provide administrative support to legal professionals, manage schedules, draft documents, and handle correspondence.","Legal administrative tasks Document management Calendar and docketing Transcription File organization Communication with clients and courts Knowledge of legal terminology Attention to detail Multitasking Computer skills (e.g., MS Office)"
Employee Relations Specialist,"Employee Relations Specialists focus on maintaining positive relationships between employees and the organization. They address workplace issues, conduct investigations, mediate conflicts, and promote a healthy and productive work environment.",Employee conflict resolution HR compliance Employee engagement Communication skills
B2B Sales Consultant,"B2B Sales Consultants specialize in business-to-business sales. They identify and target potential corporate clients, negotiate contracts, and build long-term relationships to drive sales growth in the B2B market.",B2B sales Business-to-business sales strategies Lead generation Sales negotiations Client relationship building Market research
Chemical Engineer,"Chemical Engineers design and oversee processes for the production of chemicals and related products. They conduct experiments, analyze data, and develop processes to optimize production, ensure safety, and minimize environmental impact.",Chemical engineering Process design Chemical reactions Safety protocols Laboratory techniques Problem-solving skills
Market Research Analyst,"A Market Research Analyst gathers and analyzes data to provide insights into market trends, consumer behavior, and competitive landscapes. They help businesses make informed decisions.","Market research methodologies Data collection and analysis Consumer behavior analysis Competitor analysis Survey design and analysis Statistical analysis software (e.g., SPSS, SAS) Data visualization Trend analysis Report writing Communication skills Attention to detail"
Legal Assistant,"A Legal Assistant supports legal professionals by performing administrative and research tasks, organizing legal documents, and assisting with legal proceedings and documentation.",Legal research Document drafting Communication skills Legal software proficiency Attention to detail
Business Development Director,"Business Development Directors lead efforts to identify and pursue new business opportunities. They develop growth strategies, build relationships with clients, and oversee business development teams to achieve revenue and expansion goals.",Business development Sales strategy Market analysis Client acquisition Team leadership Strategic planning Presentation skills
Supply Chain Coordinator,"A Supply Chain Coordinator manages supply chain operations, coordinates logistics, and ensures the seamless flow of goods and materials throughout the supply chain network.",Supply chain logistics Inventory management Communication skills Problem-solving Vendor coordination
School Social Worker,"Support students social and emotional well-being in schools, collaborate with educators, and connect families with resources.",School social work principles Student assessment and intervention Special education laws Individualized education plans (IEPs) Crisis management Collaboration with educators Family engagement Advocacy Empathy and communication Documentation Cultural competence Licensing and certification
Sustainable Design Specialist,"Sustainable Design Specialists incorporate eco-friendly practices into architectural designs, promoting energy efficiency and environmental sustainability.",Sustainable design principles Energy efficiency LEED certification Green building materials Environmental impact assessment
Benefits Coordinator,"Benefits Coordinators administer employee benefit programs, including health insurance, retirement plans, and other perks. They assist employees with benefit inquiries and ensure compliance with benefit policies.",Employee benefits administration Benefits compliance HRIS Benefits communication
Interaction Designer,Interaction Designers specialize in designing user interactions within digital interfaces. They create meaningful and engaging user experiences by considering user behaviors and system responses.,Interaction design principles User behavior and psychology Wireframing and prototyping tools Animation and micro-interaction design Collaborative design processes
SEM Analyst,"SEM Analysts analyze search engine marketing (SEM) campaigns. They monitor performance, optimize keyword strategies, and provide insights to improve the effectiveness of SEM efforts.",Search engine marketing (SEM) Google Ads Bing Ads Keyword analysis Ad performance analysis SEM strategy development Bid management
Project Architect,"Project Architects lead architectural projects, from concept to completion, coordinating design teams, managing budgets, and ensuring compliance with regulations.",Architectural project management Construction documents Building systems Design coordination Client communication
Bridge Engineer,"A Bridge Engineer specializes in designing and maintaining bridges, ensuring their structural integrity, safety, and compliance with engineering standards and regulations.",Bridge design Civil engineering Structural analysis AutoCAD proficiency Project management
Performance Testing Specialist,"Performance Testing Specialists assess the performance of software applications by conducting load, stress, and scalability tests. They identify bottlenecks, optimize performance, and ensure software can handle user demands effectively.",Performance testing Load testing Stress testing Test scenarios Performance monitoring Benchmarking Performance analysis
User Interface Designer,"User Interface Designers focus on the visual and interactive aspects of digital interfaces. They design layouts, buttons, and other elements to ensure a cohesive and visually appealing user interface.","UI design principles and best practices Graphic design tools (e.g., Adobe Photoshop, Illustrator) Typography and color theory Visual design and layout Responsive design"
Investment Advisor,"Investment Advisors offer financial advice to clients, helping them make investment decisions, manage portfolios, and achieve their financial goals.",Investment strategies Portfolio management Financial planning Risk assessment Regulatory compliance
Key Account Executive,A Key Account Executive manages strategic accounts for a company. They build strong client relationships and work to expand business opportunities within these key accounts.,Key account management Sales strategy development Negotiation and closing skills Relationship building Industry and market knowledge
Nurse Educator,"Nurse Educators are responsible for teaching and mentoring nursing students and healthcare professionals. They develop and deliver educational programs, assess learning outcomes, and ensure the competence of nursing staff.",Nursing education Curriculum development Clinical instruction Assessment and evaluation Educational technology Communication skills
Cybersecurity Analyst,"Cybersecurity Analysts protect computer systems and networks from cyber threats. They monitor security systems, investigate breaches, and implement security measures to safeguard data.","Cybersecurity Security assessments Intrusion detection Security tools (e.g., SIEM) Incident response Vulnerability scanning"
Tax Planner,"Assist clients with tax planning, minimize tax liabilities, and stay up-to-date with tax laws and regulations.",Tax planning strategies Tax law knowledge Financial analysis Retirement planning Estate planning Client relationship management Tax optimization Communication skills Attention to detail Tax software proficiency Regulatory compliance
Financial Analyst,"A Financial Analyst conducts financial analysis, generates reports, and provides insights to support decision-making, budgeting, and financial planning.",Financial analysis Data analysis Financial modeling
User Interface Designer,"User Interface Designers focus on the visual and interactive aspects of digital interfaces. They design layouts, buttons, and other elements to ensure a cohesive and visually appealing user interface.","UI design principles and best practices Graphic design tools (e.g., Adobe Photoshop, Illustrator) Typography and color theory Visual design and layout Responsive design"
Quality Assurance Analyst,"A Quality Assurance Analyst tests software and products to ensure they meet quality standards. They identify defects, report issues, and work with development teams to resolve problems.","Quality assurance processes Testing methodologies (e.g., manual, automated) Bug tracking and reporting Test case development Regression testing"
Automation Test Engineer,Automation Test Engineers develop automated test scripts and frameworks to streamline and enhance the testing process. They focus on automating repetitive tests to improve efficiency and maintain test consistency.,"Test automation Test framework development Continuous integration Scripting languages (e.g., Python) Test reporting Code review"
Digital Marketing Analyst,"Analyze digital marketing campaigns, track performance metrics, and optimize online marketing strategies.",Digital marketing strategies Analytics and reporting SEO and SEM Social media marketing Email marketing Data interpretation Marketing automation tools A/B testing Communication skills Problem-solving Attention to detail Marketing knowledge
Design Engineer,"A Design Engineer creates and develops product designs and specifications, using engineering principles and design software to bring innovative products to market.",Engineering design CAD software proficiency Problem-solving Technical knowledge Communication skills
Research Psychologist,"Research Psychologists conduct psychological research to advance the fields understanding. They design studies, collect data, and analyze results to inform scientific knowledge.",Research methodology Data analysis Psychological studies Writing research reports Critical thinking
Customer Support Specialist,A Customer Support Specialist assists customers with inquiries or issues related to a companys products or services. They provide solutions and maintain customer satisfaction.,Customer service Problem-solving Communication skills Ticketing system usage Product knowledge
Retirement Planner,"Retirement Planners assist clients in planning for retirement, including savings strategies, pension options, and retirement income planning.",Retirement planning Social security Investment products Tax planning Estate planning
Training Coordinator,"Training Coordinators design and implement employee training programs. They assess training needs, develop training materials, and facilitate training sessions to enhance employees skills and knowledge.",Training program coordination Training material development Learning management systems
Pediatric Nurse Practitioner,"Pediatric Nurse Practitioners specialize in pediatric care. They provide healthcare to children, including diagnosis, treatment, and preventive care.",Pediatric healthcare Pediatric assessment Pediatric treatment Patient education Pediatric pharmacology
Automation Tester,An Automation Tester uses automated testing tools to verify the functionality and performance of software applications. They create and execute automated test scripts.,"Test automation tools (e.g., Selenium, Appium) Scripting languages (e.g., Python, Java) Test framework development Continuous integration tools Test data management"
Personal Assistant,"A Personal Assistant provides administrative support to individuals or executives. Their duties include managing schedules, arranging meetings, handling correspondence, and performing various tasks to enhance efficiency.",Organizational and time management skills Calendar and appointment management Communication and correspondence Travel coordination Discretion and confidentiality
Pediatric Surgeon,"Pediatric Surgeons specialize in performing surgical procedures on children, including infants and adolescents. They diagnose surgical conditions, perform surgeries, and collaborate with other healthcare professionals to ensure the best outcomes.",Pediatric surgery Surgical procedures for children Operating room protocols Patient care Surgical techniques Pediatric anesthesia
Office Manager,"Office Managers oversee daily office operations, including supervising staff, managing facilities, and ensuring efficient workflow. They may also handle budgeting, resource allocation, and office policies.",Office administration and management Budgeting and expense tracking Team coordination and supervision Facility management Vendor and supplier relations
Residential Landscape Designer,Create aesthetically pleasing and functional landscape designs for residential properties.,Landscape design Plant selection and care Hardscape design
NoSQL Database Engineer,"NoSQL Database Engineers work with non-relational databases to store and manage large volumes of unstructured or semi-structured data. They design data models, optimize database performance, and ensure scalability and data consistency.","NoSQL databases (e.g., MongoDB, Cassandra) Data modeling Data migration Performance tuning Scalability Distributed systems"
Backend Developer,"A Backend Developer is tasked with building and maintaining the server-side logic and database infrastructure of web applications. They work on the core functionality, data storage, and server communication to ensure the application runs smoothly and efficiently.","Proficiency in one or more backend programming languages (e.g., Java, Python, Node.js, Ruby) API development Database management (SQL or NoSQL) Server management and deployment Security best practices Knowledge of web frameworks (e.g., Express, Django)"
Sales Account Executive,"A Sales Account Executive is responsible for acquiring and managing business accounts. They identify sales opportunities, negotiate contracts, and meet revenue targets.",Sales strategies and tactics Account management Relationship building Sales forecasting Industry and product knowledge
Sales Trainer,"Sales Trainers develop and deliver training programs to sales teams. They teach sales techniques, product knowledge, and communication skills to improve the performance and effectiveness of sales representatives.",Sales training Sales coaching Training program development Sales techniques Product knowledge Presentation skills
Financial Analyst,"A Financial Analyst conducts financial analysis, generates reports, and provides insights to support decision-making, budgeting, and financial planning.",Financial analysis Data analysis Financial modeling
Technical Product Manager,"Technical Product Managers oversee the development and enhancement of technical products. They define product requirements, prioritize features, collaborate with development teams, and ensure the product aligns with the companys strategic goals and market needs.",Product management principles Technical background Agile development methodologies Product roadmap planning Market research and analysis Stakeholder communication Problem-solving skills
Transportation Engineer,"A Transportation Engineer plans and designs transportation systems, including roads, highways, and public transit. They aim to improve transportation efficiency and safety.","Transportation engineering Traffic analysis and planning Civil engineering software (e.g., MicroStation, AutoCAD Civil 3D) Roadway design Public transportation knowledge"
UI/UX Front-End Developer,"UI/UX Front-End Developers focus on creating user-friendly and visually appealing interfaces for web and mobile applications. They work on user experience design, responsive layouts, and front-end development to optimize user interactions.",UI/UX design Frontend web development Wireframing and prototyping User research Accessibility standards Responsive design Collaboration skills
Project Coordinator,"Project Coordinators assist in planning, executing, and monitoring projects. They facilitate communication among team members, track project progress, and ensure tasks are completed on time.",Project management Communication Time management Organization Problem-solving
Environmental Consultant,"An Environmental Consultant assesses environmental impacts, provides regulatory compliance guidance, and develops strategies for sustainable practices and environmental protection.",Environmental assessments Regulatory compliance Environmental impact analysis
Product Marketing Manager,"Product Marketing Managers promote and market products or services. They create marketing strategies, conduct market research, develop messaging, and collaborate with cross-functional teams to launch and promote products effectively in the market.",Product positioning and messaging Market research and analysis Product launch planning Competitive analysis Marketing collateral creation Pricing strategies Cross-functional collaboration
Procurement Analyst,"Analyze procurement data, identify cost-saving opportunities, and support the procurement process.",Procurement processes Vendor assessment Contract negotiation Purchase order management Spend analysis Market research Supplier relationship management Data analysis Problem-solving Attention to detail Communication skills Financial acumen
Court Clerk,"A Court Clerk manages administrative tasks within a court system, including maintaining court records, scheduling hearings, and assisting judges and legal professionals as needed.",Knowledge of court procedures Legal document management Attention to detail Computer literacy Organization skills
Bridge Engineer,"A Bridge Engineer specializes in designing and maintaining bridges, ensuring their structural integrity, safety, and compliance with engineering standards and regulations.",Bridge design Civil engineering Structural analysis AutoCAD proficiency Project management
Child Custody Lawyer,"Child Custody Lawyers specialize in family law, focusing on cases related to child custody and visitation rights. They represent clients in court, provide legal counsel, and advocate for the best interests of children in custody disputes.",Child custody law Family law Legal advocacy Negotiation Court representation Legal research Client counseling Case preparation
IT Director,"An IT Director oversees an organizations IT department and technology infrastructure. They develop IT strategies, manage budgets, and ensure IT systems support business objectives.",Strategic IT planning Leadership and management Budgeting and financial management IT governance and compliance Vendor management Cybersecurity and risk management Project management Cloud computing Network infrastructure Enterprise software systems
Instructional Designer,Instructional Designers develop educational materials and curricula. They design engaging and effective learning experiences for students or employees.,Instructional design eLearning tools Curriculum development Multimedia design Learning theory knowledge
Copywriter,"Copywriters create compelling written content for various mediums, such as advertising, websites, and marketing materials. They craft persuasive and engaging messages that resonate with target audiences.",Copywriting Content creation SEO Marketing strategies Creativity
Special Education Teacher,"A Special Education Teacher works with students who have disabilities, tailoring instruction to meet their unique needs and ensuring they have access to a quality education.",Special education strategies Individualized education plans (IEPs) Behavior management techniques Collaboration with support staff Special education laws and regulations knowledge
Content SEO Strategist,"Content SEO Strategists create SEO strategies specifically for content, focusing on keyword integration, content quality, and user engagement to boost organic traffic.",Content strategy SEO content optimization Content marketing Keyword mapping Analytics
Database Developer,"A Database Developer designs, develops, and maintains databases. They create efficient data structures, write queries, and ensure data security and integrity.","Database design and development SQL and database querying Data modeling Programming languages (e.g., Java, Python) Data security and privacy regulations knowledge"
Environmental Compliance Officer,"Environmental Compliance Officers ensure that organizations adhere to environmental regulations and standards. They conduct audits, develop compliance programs, and oversee efforts to minimize environmental impact and maintain regulatory compliance.",Environmental compliance Regulatory requirements Environmental impact assessments Reporting Environmental regulations Auditing
Social Media Manager,"Social Media Managers oversee an organizations social media presence. They create and schedule content, engage with followers, and analyze social media metrics to drive brand awareness and engagement.","Social media platforms (e.g., Facebook, Twitter, Instagram) Content creation and scheduling Social media analytics and insights Community engagement Paid social advertising"
Corporate Counsel,"As a Corporate Counsel, you will focus on legal matters related to corporate governance, mergers and acquisitions, and corporate compliance. You will draft and review corporate documents, oversee compliance programs, and handle complex legal negotiations. Your role includes managing legal relationships with external partners and providing strategic legal guidance to the company.",Corporate law Compliance Mergers and acquisitions Corporate governance Contract drafting Risk management Legal strategy Due diligence
Financial Planner,"Financial Planners help clients achieve their financial goals by providing personalized financial advice and investment strategies. They assess clients financial situations, develop financial plans, and offer recommendations on savings, investments, and retirement planning.",Financial planning Investment strategy Retirement planning Tax knowledge
Logistics Manager,"A Logistics Manager oversees the movement and storage of goods in a supply chain. They plan, implement, and manage the efficient transportation and distribution of products.",Supply chain management Inventory control Transportation logistics Vendor relations Team leadership and management
Customer Success Manager,"Customer Success Managers focus on ensuring customer satisfaction and retention. They build relationships with clients, understand their needs, and work to maximize the value customers receive from products or services, ultimately driving customer success and loyalty.",Customer relationship management Onboarding and training Customer feedback analysis Retention strategies Cross-selling and upselling Strong communication and empathy Customer advocacy
Frontend Web Developer,"Frontend Web Developers design and implement user interfaces for websites, ensuring they are visually appealing and user-friendly. They collaborate with designers and backend developers to create seamless web experiences for users.","HTML, CSS, JavaScript Frontend frameworks (e.g., React, Angular) User experience (UX)"
Risk Analyst,A Risk Analyst assesses and manages financial risks within an organization. They use data analysis and modeling to evaluate potential risks and recommend mitigation strategies.,Risk assessment Data analysis Financial modeling Risk management tools Regulatory compliance knowledge
Retirement Planner,"Retirement Planners assist clients in planning for retirement, including savings strategies, pension options, and retirement income planning.",Retirement planning Social security Investment products Tax planning Estate planning
Competitive Intelligence Analyst,Competitive Intelligence Analysts gather data on competitors and industry trends. They analyze information to help businesses make informed decisions and gain a competitive edge.,Competitive analysis Market research Data analysis Business strategy Industry knowledge
Interior Designer,"Interior Designers plan and design interior spaces to meet the functional and aesthetic needs of clients. They select furniture, colors, materials, and layouts to create visually appealing and functional interiors for homes and businesses.","Interior design Space planning Color theory Material selection CAD software (e.g., SketchUp) Client collaboration Budget management"
Investment Analyst,"Investment Analysts analyze financial data and market trends to make informed investment recommendations. They research and assess investment opportunities, create financial models, and provide insights to guide investment decisions and portfolio management.",Financial analysis Investment evaluation Portfolio management Data analysis
Research Analyst,"Research Analysts conduct research, collect data, and analyze information to support business decision-making. They generate reports and recommendations based on their findings to aid in strategic planning.",Data collection and analysis Market research tools and techniques Survey design and analysis Qualitative and quantitative research methods Report writing and presentation skills
Solution Architect,"A Solution Architect designs and develops effective solutions for complex business problems, leveraging technology and aligning them with the organizations goals and objectives.",Solution design Technical architecture Cloud computing and software development knowledge
Customer Support Specialist,A Customer Support Specialist assists customers with inquiries or issues related to a companys products or services. They provide solutions and maintain customer satisfaction.,Customer service Problem-solving Communication skills Ticketing system usage Product knowledge
Manufacturing Engineer,"Manufacturing Engineers optimize manufacturing processes, improve production efficiency, and ensure product quality in manufacturing environments.",Manufacturing processes knowledge CAD/CAM software proficiency Lean manufacturing principles Quality control and assurance Six Sigma certification
Architectural Drafter,Architectural Drafters assist architects and engineers in creating detailed technical drawings and plans for buildings and structures. They use computer-aided design (CAD) software to produce accurate and precise architectural drawings.,Architectural drafting AutoCAD 2D and 3D modeling Blueprint reading Building codes Collaboration with architects Detail-oriented
Data Quality Analyst,"Data Quality Analysts ensure the accuracy, completeness, and consistency of data within an organization. They develop and implement data quality standards, perform data validation, and identify and resolve data quality issues to maintain data integrity.","Data quality assessment and improvement Data profiling and validation Knowledge of data quality tools (e.g., Informatica, Talend) Data governance principles SQL for data analysis Attention to detail and data accuracy"
Brand Manager,"Brand Managers are responsible for maintaining and enhancing a brands image and reputation. They develop brand strategies, oversee branding campaigns, and ensure brand consistency in all marketing and communication efforts.",Brand strategy development Brand identity and design Brand storytelling Marketing campaigns Brand performance measurement Creative thinking Strong communication skills
Pediatric Speech Therapist,Pediatric Speech Therapists provide speech therapy to children with speech and language disorders. They assess and treat communication difficulties to improve language skills.,Pediatric speech therapy Speech-language assessment Individualized treatment plans Child development Communication skills
Retirement Planner,"Retirement Planners assist clients in planning for retirement, including savings strategies, pension options, and retirement income planning.",Retirement planning Social security Investment products Tax planning Estate planning
Supply Chain Manager,"Supply Chain Managers manage the end-to-end supply chain process, from procurement to distribution. They optimize logistics, reduce costs, and ensure the efficient flow of products or services to meet customer demand.",Supply chain logistics and management Inventory control and procurement Supplier relationship management Data analysis and forecasting Risk assessment and mitigation
Procurement Manager,"Procurement Managers oversee procurement processes, managing vendor relationships, negotiating contracts, and ensuring cost-effective purchasing of goods and services.",Procurement strategies Supplier management Negotiation Cost analysis Supply chain management
Database Security Specialist,A Database Security Specialist focuses on protecting databases from unauthorized access and data breaches. They implement security measures and ensure compliance with regulations.,Database security measures Data encryption and access control Security compliance Vulnerability assessment Database auditing and monitoring
Purchasing Coordinator,"Purchasing Coordinators manage procurement processes. They source and purchase goods and services, negotiate with suppliers, and ensure cost-effective and timely acquisitions.",Procurement Supplier management Negotiation Supply chain management Inventory control Vendor relations
Wireless Network Engineer,"Wireless Network Engineers design, implement, and maintain wireless network solutions. They optimize wireless connectivity, troubleshoot issues, and ensure reliable and secure wireless communications.",Wireless network design and architecture Wi-Fi standards and protocols RF (Radio Frequency) planning and optimization Wireless security protocols Troubleshooting wireless network issues
Event Planner,"Plan and coordinate events, including selecting venues, managing budgets, arranging logistics, and ensuring a successful outcome.",Event planning and coordination Budget management Vendor negotiation Venue selection and management Timeline and logistics planning Marketing and promotion Risk management Client communication Creativity Problem-solving Attention to detail
Instructional Designer,Instructional Designers develop educational materials and curricula. They design engaging and effective learning experiences for students or employees.,Instructional design eLearning tools Curriculum development Multimedia design Learning theory knowledge
General Pediatrician,"General Pediatricians provide medical care to infants, children, and adolescents. They diagnose and treat various pediatric conditions, offer preventive care, and educate patients and parents on child health and well-being.",Pediatrics Pediatric care Diagnosis and treatment Pediatric medical procedures Patient care Communication skills
Office Manager,"Office Managers oversee daily office operations, including supervising staff, managing facilities, and ensuring efficient workflow. They may also handle budgeting, resource allocation, and office policies.",Office administration and management Budgeting and expense tracking Team coordination and supervision Facility management Vendor and supplier relations
Data Entry Specialist,"Accurately input and maintain data in databases or spreadsheets, ensuring data integrity and organization.","Data entry accuracy and speed Database software (e.g., Microsoft Access, Excel) Attention to detail Time management Organization Multitasking Keyboarding skills Data verification Problem-solving Communication skills Computer proficiency"
Event Marketing Coordinator,"Event Marketing Coordinators focus on marketing events, including trade shows, exhibitions, and product launches, to maximize attendance and engagement.",Event planning and management Budgeting and financial management Vendor and sponsor relations Promotion and publicity Event logistics and coordination skills
Chemical Engineer,"Chemical Engineers design and oversee processes for the production of chemicals and related products. They conduct experiments, analyze data, and develop processes to optimize production, ensure safety, and minimize environmental impact.",Chemical engineering Process design Chemical reactions Safety protocols Laboratory techniques Problem-solving skills
Administrative Coordinator,"Administrative Coordinators support administrative tasks, including data entry, scheduling, and document management, to enhance organizational efficiency.",Office administration Communication skills Organizational skills Time management Microsoft Office proficiency
Office Manager,"Office Managers oversee daily office operations, including supervising staff, managing facilities, and ensuring efficient workflow. They may also handle budgeting, resource allocation, and office policies.",Office administration and management Budgeting and expense tracking Team coordination and supervision Facility management Vendor and supplier relations
Network Administrator,"Network Administrators manage an organizations computer networks. They configure, monitor, and maintain network infrastructure, ensuring optimal performance and security.","Network management Troubleshooting Network security IT certifications (e.g., CCNA)"
Personal Secretary,"Personal Secretaries provide administrative support to individuals or executives. They manage schedules, handle correspondence, and assist with various tasks to ensure efficiency.",Administrative support Calendar management Communication skills Time management Organizational skills Confidentiality
Sustainable Design Specialist,"Sustainable Design Specialists incorporate eco-friendly practices into architectural designs, promoting energy efficiency and environmental sustainability.",Sustainable design principles Energy efficiency LEED certification Green building materials Environmental impact assessment
Sales Representative,"Sales Representatives promote and sell products or services to customers, build relationships, and meet sales targets through effective communication and negotiation.",Sales techniques and strategies Relationship building CRM software usage Product knowledge Negotiation and closing skills
SQL Database Developer,"SQL Database Developers design, implement, and maintain relational databases using SQL (Structured Query Language). They write queries, optimize database performance, and ensure data integrity and security.",SQL (Structured Query Language) Database design Query optimization Data modeling Database maintenance Problem-solving skills
Procurement Specialist,"A Procurement Specialist manages procurement processes, negotiates with suppliers, and ensures cost-effective purchasing of goods and services to meet organizational needs.",Negotiation skills Vendor management Supply chain knowledge Contract management Analytical skills
Data Entry Specialist,"Accurately input and maintain data in databases or spreadsheets, ensuring data integrity and organization.","Data entry accuracy and speed Database software (e.g., Microsoft Access, Excel) Attention to detail Time management Organization Multitasking Keyboarding skills Data verification Problem-solving Communication skills Computer proficiency"
Social Science Researcher,"A Social Science Researcher conducts research in fields such as sociology, psychology, or anthropology to study human behavior and social phenomena, contributing to academic knowledge.","Social science research methods Qualitative and quantitative data analysis Survey design and implementation Ethnographic research Interviewing skills Research ethics Statistical software (e.g., Stata, NVivo) Report writing Communication skills Critical thinking Empathy"
Backend Web Developer,"Backend Web Developers build and maintain the server-side logic and infrastructure required for web applications. They work on data storage, APIs, and server communication to support the functionality of web applications.","Server-side programming (e.g., Node.js, Python) Database management (e.g., SQL, MongoDB)"
Legal Secretary,"Provide administrative support to legal professionals, manage schedules, draft documents, and handle correspondence.","Legal administrative tasks Document management Calendar and docketing Transcription File organization Communication with clients and courts Knowledge of legal terminology Attention to detail Multitasking Computer skills (e.g., MS Office)"
Sales Account Executive,"A Sales Account Executive is responsible for acquiring and managing business accounts. They identify sales opportunities, negotiate contracts, and meet revenue targets.",Sales strategies and tactics Account management Relationship building Sales forecasting Industry and product knowledge
Community Manager,"Community Managers build and engage online communities around a brand or product. They interact with community members, moderate discussions, and foster a sense of belonging and loyalty among community members.",Community engagement and moderation Online community-building strategies Content curation and creation Crisis management and conflict resolution Analytics and reporting
Network Administrator,"Network Administrators manage an organizations computer networks. They configure, monitor, and maintain network infrastructure, ensuring optimal performance and security.","Network management Troubleshooting Network security IT certifications (e.g., CCNA)"
UX Strategist,"Develop user experience (UX) strategies, create user journeys, and ensure user-centric design in product development.",User experience strategy User journey mapping Design thinking
User Experience Designer,"User Experience Designers create intuitive and user-friendly digital interfaces. They conduct user research, design prototypes, and work to enhance the overall user experience of websites and applications.","User-centered design principles UX/UI design tools (e.g., Sketch, Adobe XD) Wireframing and prototyping Usability testing and user research Information architecture and user flows"
Media Relations Specialist,"Media Relations Specialists manage relationships with media outlets, crafting press releases, organizing media coverage, and handling public relations efforts.",Media relations Press releases Media outreach Crisis communication Public relations strategies
Intellectual Property Lawyer,"An Intellectual Property Lawyer specializes in protecting and managing intellectual property rights, including patents, trademarks, and copyrights. They provide legal advice, handle trademark registration, patent applications, and enforce IP rights.",Intellectual property law Trademark and patent law Copyright law IP portfolio management Litigation and dispute resolution
Sustainable Landscape Specialist,"Sustainable Landscape Specialists focus on creating environmentally friendly and sustainable landscapes. They incorporate eco-friendly practices, native plants, and water conservation techniques into landscape design and maintenance.",Sustainable landscape design Native plant selection Water conservation Soil health Green building practices LEED certification
Litigation Paralegal,"Assist in litigation cases, including document preparation, legal research, and trial support.",Legal research Discovery management Case preparation Trial support Document review Client communication E-filing Attention to detail Multitasking Legal terminology Technology proficiency Communication skills Legal software proficiency
Network Administrator,"Network Administrators manage an organizations computer networks. They configure, monitor, and maintain network infrastructure, ensuring optimal performance and security.","Network management Troubleshooting Network security IT certifications (e.g., CCNA)"
Sustainability Specialist,"A Sustainability Specialist promotes sustainability initiatives within organizations, develops sustainability programs, and helps reduce environmental impacts while increasing efficiency.",Sustainability practices Environmental management systems Green certifications
HVAC Engineer,"HVAC Engineers specialize in heating, ventilation, and air conditioning systems, designing efficient HVAC solutions for buildings and facilities.",Knowledge of HVAC systems and equipment Mechanical engineering skills Problem-solving abilities AutoCAD proficiency HVAC design and installation expertise
Client Relationship Manager,"Build and maintain strong client relationships, understand their needs, and ensure client satisfaction.",Client relationship management Customer service Communication skills
Interaction Designer,Interaction Designers specialize in designing user interactions within digital interfaces. They create meaningful and engaging user experiences by considering user behaviors and system responses.,Interaction design principles User behavior and psychology Wireframing and prototyping tools Animation and micro-interaction design Collaborative design processes
Lighting Designer,"Lighting Designers create lighting plans for architectural and artistic purposes. They enhance spaces with lighting effects, aesthetics, and energy-efficient lighting solutions.",Lighting design Architectural lighting Lighting software proficiency Creative lighting concepts Technical knowledge
Supply Chain Coordinator,"A Supply Chain Coordinator manages supply chain operations, coordinates logistics, and ensures the seamless flow of goods and materials throughout the supply chain network.",Supply chain logistics Inventory management Communication skills Problem-solving Vendor coordination
Email Campaign Manager,"Plan, execute, and analyze email marketing campaigns to engage subscribers, increase conversions, and build brand awareness.","Email marketing strategies Email marketing platforms (e.g., MailChimp, HubSpot) Audience segmentation A/B testing Campaign analytics Copywriting HTML/CSS for email Marketing automation Communication skills Data analysis Attention to detail"
Product Brand Manager,A Product Brand Manager focuses on promoting and managing the brand identity of specific products or product lines within a companys portfolio.,Product branding and marketing Product lifecycle management Cross-functional team collaboration Product launch planning Market segmentation and targeting
Corporate Event Coordinator,"Coordinate corporate events, conferences, and meetings, handle logistics, and ensure a seamless experience for attendees.",Corporate event planning Corporate branding and messaging Speaker and entertainment booking Audiovisual production Team coordination Crisis management Budgeting and financial management Client communication Creativity Problem-solving Attention to detail
Administrative Manager,"Administrative Managers oversee office operations. They manage administrative staff, coordinate tasks, and ensure smooth office functioning to support the organizations goals.",Administrative leadership Office management Staff supervision Budgeting and financial management Process improvement Communication skills
Talent Acquisition Manager,"Talent Acquisition Managers oversee the recruitment and hiring process. They develop recruitment strategies, source candidates, conduct interviews, and collaborate with hiring managers to attract and hire qualified talent to meet the organizations staffing needs.",Talent sourcing Interviewing Onboarding Recruitment strategies HR software
Financial Analyst,"A Financial Analyst conducts financial analysis, generates reports, and provides insights to support decision-making, budgeting, and financial planning.",Financial analysis Data analysis Financial modeling
Demand Planner,A Demand Planner analyzes historical sales data to forecast future demand for products. They work to optimize inventory levels and ensure product availability while minimizing costs.,Demand forecasting Inventory management Data analysis Sales and operations planning (S&OP) ERP software proficiency
Employment Lawyer,"Employment Lawyers focus on employment law matters, assisting employers and employees with issues like workplace discrimination, labor disputes, and employment contracts. They offer legal counsel and represent clients in legal proceedings.",Employment law and regulations Employment contracts and agreements Workplace discrimination and harassment laws Legal compliance Client representation and advocacy
Emergency Medicine Physician Assistant,"Work in emergency departments, diagnose and treat acute medical conditions, and provide urgent care.",Emergency medical care Triage and assessment Trauma management
Live Chat Support Agent,"A Live Chat Support Agent provides customer support through live chat channels, addressing inquiries, troubleshooting issues, and offering timely solutions.",Live chat support Online customer communication Problem resolution
Customer Success Manager,"Customer Success Managers focus on ensuring customer satisfaction and retention. They build relationships with clients, understand their needs, and work to maximize the value customers receive from products or services, ultimately driving customer success and loyalty.",Customer relationship management Onboarding and training Customer feedback analysis Retention strategies Cross-selling and upselling Strong communication and empathy Customer advocacy
Server Developer,"A Server Developer specializes in developing and maintaining server-side applications and systems, ensuring efficient data processing and server functionality.","Server-side programming languages (e.g., Java, Python) Database management API development"
Project Manager,"Project Managers plan, execute, and oversee projects, ensuring they are completed on time and within budget, while managing project teams and resources.",Project planning and scheduling Budget management Risk assessment and mitigation Stakeholder communication Agile or Waterfall methodologies
Executive Assistant,"Support high-level executives by managing schedules, coordinating meetings, and handling various administrative tasks.","Calendar management Travel coordination Meeting scheduling Correspondence and communication Office organization Confidentiality Time management Problem-solving Attention to detail Communication skills Technology proficiency (e.g., MS Office)"
Accounting Controller,"Accounting Controllers manage an organizations accounting and financial reporting functions. They ensure accurate financial records, compliance with accounting standards, and timely financial reporting to support informed decision-making.","Accounting Financial reporting Financial audits Tax compliance Accounting software (e.g., SAP, Oracle) GAAP (Generally Accepted Accounting Principles)"
Sales Trainer,"Sales Trainers develop and deliver training programs to sales teams. They teach sales techniques, product knowledge, and communication skills to improve the performance and effectiveness of sales representatives.",Sales training Sales coaching Training program development Sales techniques Product knowledge Presentation skills
Litigation Support Specialist,"Assist in the preparation of litigation cases, manage electronic discovery, and handle technical aspects of trial preparation.","E-discovery tools and processes Document review and production Litigation support software (e.g., Relativity) Data analysis Case management Communication with legal teams Technical proficiency Attention to detail Problem-solving Legal research skills"
Child Custody Lawyer,"Child Custody Lawyers specialize in family law, focusing on cases related to child custody and visitation rights. They represent clients in court, provide legal counsel, and advocate for the best interests of children in custody disputes.",Child custody law Family law Legal advocacy Negotiation Court representation Legal research Client counseling Case preparation
QA Tester,"QA Testers assess software and applications for defects and quality issues. They conduct testing procedures, report bugs, and work with development teams to ensure the delivery of high-quality software products.","Test planning and strategy Test case design and execution Defect reporting and tracking Test automation tools (e.g., Selenium, Appium) Regression testing"
Visual Designer,"Visual Designers create visual content, including graphics, illustrations, and layouts, to convey messages and enhance brand identity.",Graphic design Typography User interface (UI) design Adobe Creative Suite proficiency Branding and visual identity creation
Research Psychologist,"Research Psychologists conduct psychological research to advance the fields understanding. They design studies, collect data, and analyze results to inform scientific knowledge.",Research methodology Data analysis Psychological studies Writing research reports Critical thinking
Business Tax Consultant,"A Business Tax Consultant specializes in tax planning and compliance for businesses. They assist with tax strategy, filings, and help organizations minimize tax liabilities.",Business tax law knowledge Corporate tax planning Tax compliance for businesses Tax credits and incentives Tax strategy development Financial analysis IRS regulations Client relationship management Communication skills Tax software proficiency
Business Development Director,"Business Development Directors lead efforts to identify and pursue new business opportunities. They develop growth strategies, build relationships with clients, and oversee business development teams to achieve revenue and expansion goals.",Business development Sales strategy Market analysis Client acquisition Team leadership Strategic planning Presentation skills
Investment Portfolio Manager,"An Investment Portfolio Manager manages investment portfolios, making investment decisions, monitoring performance, and optimizing asset allocation for clients or the organization.",Investment analysis Portfolio management Risk assessment
Analytical Chemist,"As an Analytical Chemist, your primary responsibility is to analyze chemical compounds and substances using various laboratory techniques and equipment. You will conduct experiments, interpret results, and generate reports. Your role may involve developing analytical methods, maintaining lab equipment, and adhering to safety protocols to ensure accurate and reliable analyses.","Analytical chemistry Laboratory techniques Instrumentation Data analysis Quality control Sample preparation Scientific software (e.g., ChemDraw)"
Administrative Coordinator,"Administrative Coordinators support administrative tasks, including data entry, scheduling, and document management, to enhance organizational efficiency.",Office administration Communication skills Organizational skills Time management Microsoft Office proficiency
Investment Advisor,"Investment Advisors offer financial advice to clients, helping them make investment decisions, manage portfolios, and achieve their financial goals.",Investment strategies Portfolio management Financial planning Risk assessment Regulatory compliance
Front-End Developer,A Front-End Developer specializes in creating the user interface and user experience of websites or applications. They code and design elements that users interact with directly.,"Front-end web development HTML, CSS, JavaScript Responsive design Web performance optimization Cross-browser compatibility"
Database Administrator,"Database Administrators manage databases, ensuring data integrity, security, and efficient performance. They design, implement, and maintain databases while troubleshooting issues.","Database management systems (e.g., MySQL, Oracle, SQL Server) Data security Database tuning and optimization Backup and recovery"
Systems Administrator,"Manage and maintain an organizations IT infrastructure, including servers, hardware, and software systems.","System administration Server maintenance Active Directory Backup and recovery Cloud computing (e.g., AWS, Azure) Troubleshooting IT security best practices Collaboration Problem-solving Attention to detail Communication skills Technical knowledge"
Surgical Physician Assistant,"Assist surgeons in the operating room, perform pre- and post-operative care, and collaborate on surgical procedures.",Surgical procedures and techniques Operating room protocols Anesthesia management
Account Manager,"An Account Manager builds and maintains relationships with clients or customers, ensuring their needs are met and promoting products or services to drive revenue and growth.",Account management Customer relationship management Sales and negotiation Business development Client needs analysis
Legal Assistant,"A Legal Assistant supports legal professionals by performing administrative and research tasks, organizing legal documents, and assisting with legal proceedings and documentation.",Legal research Document drafting Communication skills Legal software proficiency Attention to detail
Operations Director,"Operations Directors oversee the daily operations of an organization. They develop and implement operational strategies, manage teams, and work to optimize processes to achieve business goals and efficiency.",Operations management Strategic planning and execution Budgeting and financial analysis Leadership and team management Process improvement and optimization
Event Coordinator,"Event Coordinators plan and execute various events, including conferences, parties, and meetings, managing logistics, budgets, and vendor relationships.",Event planning Vendor coordination Budget management Marketing and promotion Logistics
Desktop Support Technician,"Desktop Support Technicians troubleshoot and maintain desktop computer systems, resolving hardware and software problems for users.","Desktop hardware and software troubleshooting Operating system expertise (e.g., Windows, macOS) Remote desktop support Hardware and software upgrades Customer service skills"
Mergers and Acquisitions Advisor,"A Mergers and Acquisitions Advisor assists in evaluating potential mergers and acquisitions, conducting due diligence, and providing strategic recommendations for corporate transactions.",Mergers and acquisitions (M&A) expertise Due diligence Valuation techniques
Administrative Coordinator,"Administrative Coordinators support administrative tasks, including data entry, scheduling, and document management, to enhance organizational efficiency.",Office administration Communication skills Organizational skills Time management Microsoft Office proficiency
Aircraft Design Engineer,"Aircraft Design Engineers design and develop aircraft systems and structures. They work on aircraft components, propulsion systems, and aerodynamics to ensure safety and efficiency.","Aerospace engineering CAD software (e.g., AutoCAD) Aerodynamics Structural analysis Aircraft systems Safety regulations"
Healthcare Business Analyst,"Healthcare Business Analysts work in the healthcare industry, analyzing data and processes to improve healthcare delivery. They collaborate with healthcare professionals and IT teams to optimize systems and workflows.",Healthcare industry knowledge Health data analysis HIPAA regulations EMR systems
Copywriter,"Copywriters create compelling written content for various mediums, such as advertising, websites, and marketing materials. They craft persuasive and engaging messages that resonate with target audiences.",Copywriting Content creation SEO Marketing strategies Creativity
Dental Hygiene Educator,A Dental Hygiene Educator teaches dental hygiene practices and oral health to students or the community. They promote preventive care and raise awareness about dental health.,Dental hygiene knowledge Teaching and instructional skills Curriculum development Student assessment Clinical practice experience
Network Administrator,"Network Administrators manage an organizations computer networks. They configure, monitor, and maintain network infrastructure, ensuring optimal performance and security.","Network management Troubleshooting Network security IT certifications (e.g., CCNA)"
Market Expansion Manager,"A Market Expansion Manager strategizes and executes plans to expand the companys presence in new markets, identifying growth opportunities and optimizing market penetration.",Market expansion strategies Market research Sales planning and execution
Corporate Attorney,"Corporate Attorneys provide legal counsel and representation to organizations. They handle legal matters, contracts, mergers, acquisitions, and ensure compliance with laws and regulations relevant to the business.",Corporate law and regulations Contract drafting and negotiation Legal research and analysis Risk management Excellent communication and negotiation skills
Quality Assurance Manager,"Quality Assurance Managers lead quality assurance teams, ensuring that products or services meet established quality standards. They develop QA processes, set quality goals, and monitor compliance to maintain quality excellence.",Quality assurance processes and methodologies Quality metrics and KPIs Audit and compliance Team leadership and management Continuous improvement initiatives
Interaction Designer,Interaction Designers specialize in designing user interactions within digital interfaces. They create meaningful and engaging user experiences by considering user behaviors and system responses.,Interaction design principles User behavior and psychology Wireframing and prototyping tools Animation and micro-interaction design Collaborative design processes
Help Desk Analyst,"Help Desk Analysts provide technical support and assistance to internal employees or external customers. They troubleshoot hardware and software issues, offer solutions, and document support interactions to maintain a reliable IT environment.",Help desk support Ticket resolution IT troubleshooting Customer service skills Technical knowledge Documentation and knowledge base maintenance Communication and interpersonal skills
Project Coordinator,"Project Coordinators assist in planning, executing, and monitoring projects. They facilitate communication among team members, track project progress, and ensure tasks are completed on time.",Project management Communication Time management Organization Problem-solving
Web Graphic Designer,"Web Graphic Designers create visually appealing graphics, images, and layouts for websites. They work closely with web developers and UI/UX designers to ensure that web content is aesthetically pleasing, on-brand, and engaging to users.","Graphic design tools (e.g., Adobe Creative Suite) Web design principles User interface (UI) design Visual communication Typography Creativity and artistic skills"
PCB Designer,"PCB Designers specialize in designing printed circuit boards (PCBs). They create PCB layouts, ensure proper connectivity, and consider electrical and mechanical requirements.",PCB design Electronics PCB layout software proficiency Circuit design Quality control
Retirement Planner,"Retirement Planners assist clients in planning for retirement, including savings strategies, pension options, and retirement income planning.",Retirement planning Social security Investment products Tax planning Estate planning
Studio Art Teacher,"A Studio Art Teacher instructs students in studio art practices, providing hands-on guidance in creating art and fostering artistic expression and skill development.",Art instruction Classroom management Art techniques Lesson planning Student assessment
Treasury Manager,"Treasury Managers manage a companys treasury operations. They oversee cash management, investments, and financial risk management to maintain liquidity and financial stability.",Treasury management Cash flow analysis Risk management Financial forecasting Banking relations
Exotic Animal Veterinarian,"Provide medical care and treatment to exotic animals, diagnose illnesses, perform surgeries, and educate owners on animal care.",Exotic animal medicine Exotic animal diagnostics Specialized surgical skills Avian medicine Reptile care Amphibian care Exotic animal anesthesia Compassion and empathy Client communication Problem-solving Attention to detail
Office Coordinator,"Office Coordinators provide administrative support within an office. They assist with tasks like scheduling, record-keeping, and communication to ensure efficient office operations.",Office administration Calendar management Reception duties Communication skills Record keeping Office supplies management
Employee Relations Specialist,"Employee Relations Specialists focus on maintaining positive relationships between employees and the organization. They address workplace issues, conduct investigations, mediate conflicts, and promote a healthy and productive work environment.",Employee conflict resolution HR compliance Employee engagement Communication skills
Geriatric Physical Therapist,"Focus on the physical therapy needs of elderly patients, addressing mobility and age-related conditions.",Geriatric rehabilitation Fall prevention Elderly patient care
Geriatric Occupational Therapist,A Geriatric Occupational Therapist works with elderly individuals to address age-related health issues and maintain independence and quality of life.,"Geriatric assessment and evaluation Geriatric-specific occupational therapy techniques Aging-related conditions (e.g., dementia, arthritis) Fall prevention strategies Care coordination with healthcare teams Assistive technology for seniors Patient advocacy Empathy and compassion Communication skills"
UI/UX Designer,"UI/UX Designers focus on creating user-friendly and visually appealing interfaces for digital products. They conduct user research, design wireframes and prototypes, and collaborate with development teams to ensure a seamless and enjoyable user experience.","User interface (UI) design User experience (UX) design Wireframing and prototyping tools (e.g., Sketch, Figma) Usability testing Information architecture Interaction design Mobile and responsive design"
Content SEO Strategist,"Content SEO Strategists create SEO strategies specifically for content, focusing on keyword integration, content quality, and user engagement to boost organic traffic.",Content strategy SEO content optimization Content marketing Keyword mapping Analytics
Performance Testing Specialist,"Performance Testing Specialists assess the performance of software applications by conducting load, stress, and scalability tests. They identify bottlenecks, optimize performance, and ensure software can handle user demands effectively.",Performance testing Load testing Stress testing Test scenarios Performance monitoring Benchmarking Performance analysis
Office Manager,"Office Managers oversee daily office operations, including supervising staff, managing facilities, and ensuring efficient workflow. They may also handle budgeting, resource allocation, and office policies.",Office administration and management Budgeting and expense tracking Team coordination and supervision Facility management Vendor and supplier relations
Enterprise Architect,"An Enterprise Architect oversees the overall IT infrastructure, ensuring it supports business processes, and develops strategies to enhance the organizations technology landscape.",Enterprise architecture Business strategy alignment IT governance and compliance
Tax Accountant,"Tax Accountants specialize in tax-related matters. They prepare tax returns, assist with tax planning, and ensure compliance with tax laws and regulations. They stay updated on tax codes and advise organizations on tax strategies.",Tax preparation Tax planning Tax regulations Accounting Tax software proficiency
Employee Relations Specialist,"Employee Relations Specialists focus on maintaining positive relationships between employees and the organization. They address workplace issues, conduct investigations, mediate conflicts, and promote a healthy and productive work environment.",Employee conflict resolution HR compliance Employee engagement Communication skills
Retirement Planner,"Retirement Planners assist clients in planning for retirement, including savings strategies, pension options, and retirement income planning.",Retirement planning Social security Investment products Tax planning Estate planning
Email Campaign Manager,"Plan, execute, and analyze email marketing campaigns to engage subscribers, increase conversions, and build brand awareness.","Email marketing strategies Email marketing platforms (e.g., MailChimp, HubSpot) Audience segmentation A/B testing Campaign analytics Copywriting HTML/CSS for email Marketing automation Communication skills Data analysis Attention to detail"
Executive Assistant,"Support high-level executives by managing schedules, coordinating meetings, and handling various administrative tasks.","Calendar management Travel coordination Meeting scheduling Correspondence and communication Office organization Confidentiality Time management Problem-solving Attention to detail Communication skills Technology proficiency (e.g., MS Office)"
Sustainable Design Specialist,"Sustainable Design Specialists incorporate eco-friendly practices into architectural designs, promoting energy efficiency and environmental sustainability.",Sustainable design principles Energy efficiency LEED certification Green building materials Environmental impact assessment
Data Business Analyst,"Data Business Analysts focus on data-related projects. They collect and analyze data, identify trends, and provide insights to support data-driven decision-making within the organization.","Data analysis Data modeling Data visualization SQL Data tools (e.g., Tableau)"
Environmental Impact Analyst,"Environmental Impact Analysts assess the environmental consequences of projects or activities. They conduct studies, analyze data, and provide recommendations to minimize adverse environmental effects and promote sustainable practices.",Environmental impact analysis Data collection and analysis Environmental regulations Reporting GIS (Geographic Information Systems) Technical writing
Community Manager,"Community Managers build and engage online communities around a brand or product. They interact with community members, moderate discussions, and foster a sense of belonging and loyalty among community members.",Community engagement and moderation Online community-building strategies Content curation and creation Crisis management and conflict resolution Analytics and reporting
Mediator,Mediators facilitate negotiations and dispute resolution between parties in conflict. They remain neutral and help parties reach mutually acceptable agreements through effective communication and problem-solving techniques.,Mediation Conflict resolution Negotiation Communication skills Neutrality Problem-solving Legal knowledge Mediation techniques
Financial Analyst,"A Financial Analyst conducts financial analysis, generates reports, and provides insights to support decision-making, budgeting, and financial planning.",Financial analysis Data analysis Financial modeling
